dataset,target_type,target_item,victim_model,metric,k,value,method
diginetica,popular,11103,freqrec,recall,10,0.0035985408656216107,TC-SACP-G w/o Sur.
diginetica,popular,11103,freqrec,recall,20,0.011896546058036741,TC-SACP-G w/o Sur.
diginetica,popular,11103,freqrec,recall,30,0.02778599362450294,TC-SACP-G w/o Sur.
diginetica,popular,11103,freqrec,recall,40,0.05545696539485359,TC-SACP-G w/o Sur.
diginetica,popular,11103,freqrec,recall,50,0.09916526997272339,TC-SACP-G w/o Sur.
diginetica,popular,11103,freqrec,mrr,10,0.0006680787490212719,TC-SACP-G w/o Sur.
diginetica,popular,11103,freqrec,mrr,20,0.001203592278593985,TC-SACP-G w/o Sur.
diginetica,popular,11103,freqrec,mrr,30,0.0018262416632156562,TC-SACP-G w/o Sur.
diginetica,popular,11103,freqrec,mrr,40,0.0026025974147211362,TC-SACP-G w/o Sur.
diginetica,popular,11103,freqrec,mrr,50,0.0035621622573550425,TC-SACP-G w/o Sur.
diginetica,popular,11103,mdhg,recall,10,0.0008051529790660225,TC-SACP-G w/o Sur.
diginetica,popular,11103,mdhg,recall,20,0.002037529987840547,TC-SACP-G w/o Sur.
diginetica,popular,11103,mdhg,recall,30,0.004173650136383056,TC-SACP-G w/o Sur.
diginetica,popular,11103,mdhg,recall,40,0.007328535278845838,TC-SACP-G w/o Sur.
diginetica,popular,11103,mdhg,recall,50,0.01118998323967268,TC-SACP-G w/o Sur.
diginetica,popular,11103,mdhg,mrr,10,0.00017799697135199443,TC-SACP-G w/o Sur.
diginetica,popular,11103,mdhg,mrr,20,0.00026123397411844133,TC-SACP-G w/o Sur.
diginetica,popular,11103,mdhg,mrr,30,0.00034489629369597935,TC-SACP-G w/o Sur.
diginetica,popular,11103,mdhg,mrr,40,0.0004342044410152925,TC-SACP-G w/o Sur.
diginetica,popular,11103,mdhg,mrr,50,0.0005183060276525564,TC-SACP-G w/o Sur.
diginetica,popular,11103,miasrec,recall,10,0.20999704229517893,TC-SACP-G w/o Sur.
diginetica,popular,11103,miasrec,recall,20,0.4834039896151697,TC-SACP-G w/o Sur.
diginetica,popular,11103,miasrec,recall,30,0.6634789181373032,TC-SACP-G w/o Sur.
diginetica,popular,11103,miasrec,recall,40,0.7809326629202406,TC-SACP-G w/o Sur.
diginetica,popular,11103,miasrec,recall,50,0.8599691084163134,TC-SACP-G w/o Sur.
diginetica,popular,11103,miasrec,mrr,10,0.04815453173064326,TC-SACP-G w/o Sur.
diginetica,popular,11103,miasrec,mrr,20,0.06680235931896837,TC-SACP-G w/o Sur.
diginetica,popular,11103,miasrec,mrr,30,0.0740598538300419,TC-SACP-G w/o Sur.
diginetica,popular,11103,miasrec,mrr,40,0.07742355791658735,TC-SACP-G w/o Sur.
diginetica,popular,11103,miasrec,mrr,50,0.07918336023189547,TC-SACP-G w/o Sur.
diginetica,popular,11103,srgnn,recall,10,0.15569029544184823,TC-SACP-G w/o Sur.
diginetica,popular,11103,srgnn,recall,20,0.2556114233132867,TC-SACP-G w/o Sur.
diginetica,popular,11103,srgnn,recall,30,0.33569949719018044,TC-SACP-G w/o Sur.
diginetica,popular,11103,srgnn,recall,40,0.40150842945874,TC-SACP-G w/o Sur.
diginetica,popular,11103,srgnn,recall,50,0.4549442965592034,TC-SACP-G w/o Sur.
diginetica,popular,11103,srgnn,mrr,10,0.056988855660353555,TC-SACP-G w/o Sur.
diginetica,popular,11103,srgnn,mrr,20,0.06380544502397162,TC-SACP-G w/o Sur.
diginetica,popular,11103,srgnn,mrr,30,0.06700340747947973,TC-SACP-G w/o Sur.
diginetica,popular,11103,srgnn,mrr,40,0.06887851835672999,TC-SACP-G w/o Sur.
diginetica,popular,11103,srgnn,mrr,50,0.0700621265925748,TC-SACP-G w/o Sur.
diginetica,popular,11103,tron,recall,10,0.12982680995103354,TC-SACP-G w/o Sur.
diginetica,popular,11103,tron,recall,20,0.269496204278813,TC-SACP-G w/o Sur.
diginetica,popular,11103,tron,recall,30,0.38284202569916853,TC-SACP-G w/o Sur.
diginetica,popular,11103,tron,recall,40,0.46996286437280227,TC-SACP-G w/o Sur.
diginetica,popular,11103,tron,recall,50,0.5417693647507312,TC-SACP-G w/o Sur.
diginetica,popular,11103,tron,mrr,10,0.02684411852310847,TC-SACP-G w/o Sur.
diginetica,popular,11103,tron,mrr,20,0.036252298289472476,TC-SACP-G w/o Sur.
diginetica,popular,11103,tron,mrr,30,0.040780073872844005,TC-SACP-G w/o Sur.
diginetica,popular,11103,tron,mrr,40,0.04326441804202253,TC-SACP-G w/o Sur.
diginetica,popular,11103,tron,mrr,50,0.044852204981811965,TC-SACP-G w/o Sur.
diginetica,popular,11103,wearec,recall,10,0.007936507936507936,TC-SACP-G w/o Sur.
diginetica,popular,11103,wearec,recall,20,0.027950310559006212,TC-SACP-G w/o Sur.
diginetica,popular,11103,wearec,recall,30,0.06265404712609682,TC-SACP-G w/o Sur.
diginetica,popular,11103,wearec,recall,40,0.12146307798481712,TC-SACP-G w/o Sur.
diginetica,popular,11103,wearec,recall,50,0.20861678004535147,TC-SACP-G w/o Sur.
diginetica,popular,11103,wearec,mrr,10,0.0012566920027730463,TC-SACP-G w/o Sur.
diginetica,popular,11103,wearec,mrr,20,0.002570683536576772,TC-SACP-G w/o Sur.
diginetica,popular,11103,wearec,mrr,30,0.003923498441321051,TC-SACP-G w/o Sur.
diginetica,popular,11103,wearec,mrr,40,0.005570315149331239,TC-SACP-G w/o Sur.
diginetica,popular,11103,wearec,mrr,50,0.007484808276420004,TC-SACP-G w/o Sur.
diginetica,popular,1440,freqrec,recall,10,0.003697131026323573,TC-SACP-G w/o Sur.
diginetica,popular,1440,freqrec,recall,20,0.012915311051957014,TC-SACP-G w/o Sur.
diginetica,popular,1440,freqrec,recall,30,0.031088764008018667,TC-SACP-G w/o Sur.
diginetica,popular,1440,freqrec,recall,40,0.06099444608761379,TC-SACP-G w/o Sur.
diginetica,popular,1440,freqrec,recall,50,0.10682243912057576,TC-SACP-G w/o Sur.
diginetica,popular,1440,freqrec,mrr,10,0.0006014065007952423,TC-SACP-G w/o Sur.
diginetica,popular,1440,freqrec,mrr,20,0.0011897227848997642,TC-SACP-G w/o Sur.
diginetica,popular,1440,freqrec,mrr,30,0.0018968903962049003,TC-SACP-G w/o Sur.
diginetica,popular,1440,freqrec,mrr,40,0.0027334275433486183,TC-SACP-G w/o Sur.
diginetica,popular,1440,freqrec,mrr,50,0.0037386175053188667,TC-SACP-G w/o Sur.
diginetica,popular,1440,mdhg,recall,10,0.9980774918663118,TC-SACP-G w/o Sur.
diginetica,popular,1440,mdhg,recall,20,0.998143218640113,TC-SACP-G w/o Sur.
diginetica,popular,1440,mdhg,recall,30,0.9981760820270137,TC-SACP-G w/o Sur.
diginetica,popular,1440,mdhg,recall,40,0.9981760820270137,TC-SACP-G w/o Sur.
diginetica,popular,1440,mdhg,recall,50,0.9982089454139144,TC-SACP-G w/o Sur.
diginetica,popular,1440,mdhg,mrr,10,0.9979986197377502,TC-SACP-G w/o Sur.
diginetica,popular,1440,mdhg,mrr,20,0.998002972711443,TC-SACP-G w/o Sur.
diginetica,popular,1440,mdhg,mrr,30,0.9980043871612456,TC-SACP-G w/o Sur.
diginetica,popular,1440,mdhg,mrr,40,0.9980043871612456,TC-SACP-G w/o Sur.
diginetica,popular,1440,mdhg,mrr,50,0.998005104634334,TC-SACP-G w/o Sur.
diginetica,popular,1440,miasrec,recall,10,0.24305760951723684,TC-SACP-G w/o Sur.
diginetica,popular,1440,miasrec,recall,20,0.5993624502941273,TC-SACP-G w/o Sur.
diginetica,popular,1440,miasrec,recall,30,0.7934371816359393,TC-SACP-G w/o Sur.
diginetica,popular,1440,miasrec,recall,40,0.8973183476289066,TC-SACP-G w/o Sur.
diginetica,popular,1440,miasrec,recall,50,0.9443294225902922,TC-SACP-G w/o Sur.
diginetica,popular,1440,miasrec,mrr,10,0.057610808298475244,TC-SACP-G w/o Sur.
diginetica,popular,1440,miasrec,mrr,20,0.08188654863697208,TC-SACP-G w/o Sur.
diginetica,popular,1440,miasrec,mrr,30,0.08977053889625444,TC-SACP-G w/o Sur.
diginetica,popular,1440,miasrec,mrr,40,0.09276700588956355,TC-SACP-G w/o Sur.
diginetica,popular,1440,miasrec,mrr,50,0.09382292819124248,TC-SACP-G w/o Sur.
diginetica,popular,1440,srgnn,recall,10,0.166683098360117,TC-SACP-G w/o Sur.
diginetica,popular,1440,srgnn,recall,20,0.2767590127838575,TC-SACP-G w/o Sur.
diginetica,popular,1440,srgnn,recall,30,0.36688685135890103,TC-SACP-G w/o Sur.
diginetica,popular,1440,srgnn,recall,40,0.43713234085904895,TC-SACP-G w/o Sur.
diginetica,popular,1440,srgnn,recall,50,0.49461040454829275,TC-SACP-G w/o Sur.
diginetica,popular,1440,srgnn,mrr,10,0.060396723676818635,TC-SACP-G w/o Sur.
diginetica,popular,1440,srgnn,mrr,20,0.06793514553605405,TC-SACP-G w/o Sur.
diginetica,popular,1440,srgnn,mrr,30,0.07153725254373415,TC-SACP-G w/o Sur.
diginetica,popular,1440,srgnn,mrr,40,0.07354392523074511,TC-SACP-G w/o Sur.
diginetica,popular,1440,srgnn,mrr,50,0.07481965081133683,TC-SACP-G w/o Sur.
diginetica,popular,1440,tron,recall,10,0.029741365145091854,TC-SACP-G w/o Sur.
diginetica,popular,1440,tron,recall,20,0.08321009563245588,TC-SACP-G w/o Sur.
diginetica,popular,1440,tron,recall,30,0.15053074369844557,TC-SACP-G w/o Sur.
diginetica,popular,1440,tron,recall,40,0.230602385881889,TC-SACP-G w/o Sur.
diginetica,popular,1440,tron,recall,50,0.31152847612474943,TC-SACP-G w/o Sur.
diginetica,popular,1440,tron,mrr,10,0.0072801465498399396,TC-SACP-G w/o Sur.
diginetica,popular,1440,tron,mrr,20,0.010791422181922222,TC-SACP-G w/o Sur.
diginetica,popular,1440,tron,mrr,30,0.013457407016691968,TC-SACP-G w/o Sur.
diginetica,popular,1440,tron,mrr,40,0.01572345702576236,TC-SACP-G w/o Sur.
diginetica,popular,1440,tron,mrr,50,0.01750907040400136,TC-SACP-G w/o Sur.
diginetica,popular,1440,wearec,recall,10,0.012981037825758322,TC-SACP-G w/o Sur.
diginetica,popular,1440,wearec,recall,20,0.039206020572480196,TC-SACP-G w/o Sur.
diginetica,popular,1440,wearec,recall,30,0.08368661474251536,TC-SACP-G w/o Sur.
diginetica,popular,1440,wearec,recall,40,0.17810312530809425,TC-SACP-G w/o Sur.
diginetica,popular,1440,wearec,recall,50,0.31271155805317297,TC-SACP-G w/o Sur.
diginetica,popular,1440,wearec,mrr,10,0.004691059385183403,TC-SACP-G w/o Sur.
diginetica,popular,1440,wearec,mrr,20,0.006365778706471236,TC-SACP-G w/o Sur.
diginetica,popular,1440,wearec,mrr,30,0.008094228971032813,TC-SACP-G w/o Sur.
diginetica,popular,1440,wearec,mrr,40,0.010726942404367721,TC-SACP-G w/o Sur.
diginetica,popular,1440,wearec,mrr,50,0.013691363589306414,TC-SACP-G w/o Sur.
diginetica,popular,14514,freqrec,recall,10,0.006999901409839298,TC-SACP-G w/o Sur.
diginetica,popular,14514,freqrec,recall,20,0.024335337999934273,TC-SACP-G w/o Sur.
diginetica,popular,14514,freqrec,recall,30,0.056919386111932695,TC-SACP-G w/o Sur.
diginetica,popular,14514,freqrec,recall,40,0.11173551546222353,TC-SACP-G w/o Sur.
diginetica,popular,14514,freqrec,recall,50,0.1895231522560715,TC-SACP-G w/o Sur.
diginetica,popular,14514,freqrec,mrr,10,0.0013126966912829123,TC-SACP-G w/o Sur.
diginetica,popular,14514,freqrec,mrr,20,0.0024158124913453774,TC-SACP-G w/o Sur.
diginetica,popular,14514,freqrec,mrr,30,0.0036938540691998007,TC-SACP-G w/o Sur.
diginetica,popular,14514,freqrec,mrr,40,0.005231402804950929,TC-SACP-G w/o Sur.
diginetica,popular,14514,freqrec,mrr,50,0.00694395454954861,TC-SACP-G w/o Sur.
diginetica,popular,14514,mdhg,recall,10,0.0011337868480725624,TC-SACP-G w/o Sur.
diginetica,popular,14514,mdhg,recall,20,0.003582109172171284,TC-SACP-G w/o Sur.
diginetica,popular,14514,mdhg,recall,30,0.008265141805514476,TC-SACP-G w/o Sur.
diginetica,popular,14514,mdhg,recall,40,0.014180551447632193,TC-SACP-G w/o Sur.
diginetica,popular,14514,mdhg,recall,50,0.024713266949291796,TC-SACP-G w/o Sur.
diginetica,popular,14514,mdhg,mrr,10,0.00019883653177550433,TC-SACP-G w/o Sur.
diginetica,popular,14514,mdhg,mrr,20,0.00035589931952367137,TC-SACP-G w/o Sur.
diginetica,popular,14514,mdhg,mrr,30,0.0005373307507122622,TC-SACP-G w/o Sur.
diginetica,popular,14514,mdhg,mrr,40,0.00070219370774285,TC-SACP-G w/o Sur.
diginetica,popular,14514,mdhg,mrr,50,0.0009344646345156799,TC-SACP-G w/o Sur.
diginetica,popular,14514,miasrec,recall,10,0.21492655033027705,TC-SACP-G w/o Sur.
diginetica,popular,14514,miasrec,recall,20,0.5605836537513557,TC-SACP-G w/o Sur.
diginetica,popular,14514,miasrec,recall,30,0.7810805481612935,TC-SACP-G w/o Sur.
diginetica,popular,14514,miasrec,recall,40,0.8735909822866345,TC-SACP-G w/o Sur.
diginetica,popular,14514,miasrec,recall,50,0.9133063853560748,TC-SACP-G w/o Sur.
diginetica,popular,14514,miasrec,mrr,10,0.047804314962699754,TC-SACP-G w/o Sur.
diginetica,popular,14514,miasrec,mrr,20,0.0710124980614992,TC-SACP-G w/o Sur.
diginetica,popular,14514,miasrec,mrr,30,0.07999687461381108,TC-SACP-G w/o Sur.
diginetica,popular,14514,miasrec,mrr,40,0.08266679690315361,TC-SACP-G w/o Sur.
diginetica,popular,14514,miasrec,mrr,50,0.08355443616462542,TC-SACP-G w/o Sur.
diginetica,popular,14514,srgnn,recall,10,0.1382069736107003,TC-SACP-G w/o Sur.
diginetica,popular,14514,srgnn,recall,20,0.23844030365769497,TC-SACP-G w/o Sur.
diginetica,popular,14514,srgnn,recall,30,0.31905419172499916,TC-SACP-G w/o Sur.
diginetica,popular,14514,srgnn,recall,40,0.3856025501988235,TC-SACP-G w/o Sur.
diginetica,popular,14514,srgnn,recall,50,0.44079660849847185,TC-SACP-G w/o Sur.
diginetica,popular,14514,srgnn,mrr,10,0.04969964559706294,TC-SACP-G w/o Sur.
diginetica,popular,14514,srgnn,mrr,20,0.05649868775018905,TC-SACP-G w/o Sur.
diginetica,popular,14514,srgnn,mrr,30,0.059714145467356664,TC-SACP-G w/o Sur.
diginetica,popular,14514,srgnn,mrr,40,0.06160684867283153,TC-SACP-G w/o Sur.
diginetica,popular,14514,srgnn,mrr,50,0.062827788234991,TC-SACP-G w/o Sur.
diginetica,popular,14514,tron,recall,10,0.10391402937986789,TC-SACP-G w/o Sur.
diginetica,popular,14514,tron,recall,20,0.25930855433961025,TC-SACP-G w/o Sur.
diginetica,popular,14514,tron,recall,30,0.3984192710900785,TC-SACP-G w/o Sur.
diginetica,popular,14514,tron,recall,40,0.5094646554273884,TC-SACP-G w/o Sur.
diginetica,popular,14514,tron,recall,50,0.59849157054126,TC-SACP-G w/o Sur.
diginetica,popular,14514,tron,mrr,10,0.01916550992761168,TC-SACP-G w/o Sur.
diginetica,popular,14514,tron,mrr,20,0.029585247046083604,TC-SACP-G w/o Sur.
diginetica,popular,14514,tron,mrr,30,0.035131966592241916,TC-SACP-G w/o Sur.
diginetica,popular,14514,tron,mrr,40,0.03829804192706023,TC-SACP-G w/o Sur.
diginetica,popular,14514,tron,mrr,50,0.04027076282439315,TC-SACP-G w/o Sur.
diginetica,popular,14514,wearec,recall,10,0.009251043412534096,TC-SACP-G w/o Sur.
diginetica,popular,14514,wearec,recall,20,0.02763810838345,TC-SACP-G w/o Sur.
diginetica,popular,14514,wearec,recall,30,0.06178316737322948,TC-SACP-G w/o Sur.
diginetica,popular,14514,wearec,recall,40,0.12560386473429952,TC-SACP-G w/o Sur.
diginetica,popular,14514,wearec,recall,50,0.21323408590489334,TC-SACP-G w/o Sur.
diginetica,popular,14514,wearec,mrr,10,0.004155849135145195,TC-SACP-G w/o Sur.
diginetica,popular,14514,wearec,mrr,20,0.005353194577583778,TC-SACP-G w/o Sur.
diginetica,popular,14514,wearec,mrr,30,0.00667171606011183,TC-SACP-G w/o Sur.
diginetica,popular,14514,wearec,mrr,40,0.00845823196125145,TC-SACP-G w/o Sur.
diginetica,popular,14514,wearec,mrr,50,0.010385851488738962,TC-SACP-G w/o Sur.
diginetica,popular,32614,freqrec,recall,10,0.003434223931118341,TC-SACP-G w/o Sur.
diginetica,popular,32614,freqrec,recall,20,0.013654737257221728,TC-SACP-G w/o Sur.
diginetica,popular,32614,freqrec,recall,30,0.03172960005258142,TC-SACP-G w/o Sur.
diginetica,popular,32614,freqrec,recall,40,0.06615399783101647,TC-SACP-G w/o Sur.
diginetica,popular,32614,freqrec,recall,50,0.11449603996187847,TC-SACP-G w/o Sur.
diginetica,popular,32614,freqrec,mrr,10,0.0006358282903683679,TC-SACP-G w/o Sur.
diginetica,popular,32614,freqrec,mrr,20,0.0012995012085857478,TC-SACP-G w/o Sur.
diginetica,popular,32614,freqrec,mrr,30,0.0020070358040708797,TC-SACP-G w/o Sur.
diginetica,popular,32614,freqrec,mrr,40,0.0029684584366157433,TC-SACP-G w/o Sur.
diginetica,popular,32614,freqrec,mrr,50,0.004026197786149268,TC-SACP-G w/o Sur.
diginetica,popular,32614,mdhg,recall,10,0.9973052022741463,TC-SACP-G w/o Sur.
diginetica,popular,32614,mdhg,recall,20,0.9974202241282987,TC-SACP-G w/o Sur.
diginetica,popular,32614,mdhg,recall,30,0.9975188142890006,TC-SACP-G w/o Sur.
diginetica,popular,32614,mdhg,recall,40,0.9975516776759012,TC-SACP-G w/o Sur.
diginetica,popular,32614,mdhg,recall,50,0.9975845410628019,TC-SACP-G w/o Sur.
diginetica,popular,32614,mdhg,mrr,10,0.9967810051710277,TC-SACP-G w/o Sur.
diginetica,popular,32614,mdhg,mrr,20,0.9967890770259905,TC-SACP-G w/o Sur.
diginetica,popular,32614,mdhg,mrr,30,0.9967929306964375,TC-SACP-G w/o Sur.
diginetica,popular,32614,mdhg,mrr,40,0.996793835307012,TC-SACP-G w/o Sur.
diginetica,popular,32614,mdhg,mrr,50,0.996794544095273,TC-SACP-G w/o Sur.
diginetica,popular,32614,miasrec,recall,10,0.1782510105491472,TC-SACP-G w/o Sur.
diginetica,popular,32614,miasrec,recall,20,0.4711788096881265,TC-SACP-G w/o Sur.
diginetica,popular,32614,miasrec,recall,30,0.6893095402412173,TC-SACP-G w/o Sur.
diginetica,popular,32614,miasrec,recall,40,0.8068290117979559,TC-SACP-G w/o Sur.
diginetica,popular,32614,miasrec,recall,50,0.869647375858556,TC-SACP-G w/o Sur.
diginetica,popular,32614,miasrec,mrr,10,0.04325669382851626,TC-SACP-G w/o Sur.
diginetica,popular,32614,miasrec,mrr,20,0.06279724394700677,TC-SACP-G w/o Sur.
diginetica,popular,32614,miasrec,mrr,30,0.0716190305866834,TC-SACP-G w/o Sur.
diginetica,popular,32614,miasrec,mrr,40,0.0750000697221252,TC-SACP-G w/o Sur.
diginetica,popular,32614,miasrec,mrr,50,0.07640232564851916,TC-SACP-G w/o Sur.
diginetica,popular,32614,srgnn,recall,10,0.12677051496927275,TC-SACP-G w/o Sur.
diginetica,popular,32614,srgnn,recall,20,0.22204147359426862,TC-SACP-G w/o Sur.
diginetica,popular,32614,srgnn,recall,30,0.29979624700121593,TC-SACP-G w/o Sur.
diginetica,popular,32614,srgnn,recall,40,0.36586808636498075,TC-SACP-G w/o Sur.
diginetica,popular,32614,srgnn,recall,50,0.4171021065431003,TC-SACP-G w/o Sur.
diginetica,popular,32614,srgnn,mrr,10,0.04406337912820211,TC-SACP-G w/o Sur.
diginetica,popular,32614,srgnn,mrr,20,0.05056313395779753,TC-SACP-G w/o Sur.
diginetica,popular,32614,srgnn,mrr,30,0.053672396286558594,TC-SACP-G w/o Sur.
diginetica,popular,32614,srgnn,mrr,40,0.0555560393947414,TC-SACP-G w/o Sur.
diginetica,popular,32614,srgnn,mrr,50,0.0566877870157438,TC-SACP-G w/o Sur.
diginetica,popular,32614,tron,recall,10,0.16950934963357323,TC-SACP-G w/o Sur.
diginetica,popular,32614,tron,recall,20,0.3250188964474679,TC-SACP-G w/o Sur.
diginetica,popular,32614,tron,recall,30,0.4427684117125111,TC-SACP-G w/o Sur.
diginetica,popular,32614,tron,recall,40,0.5347694633408919,TC-SACP-G w/o Sur.
diginetica,popular,32614,tron,recall,50,0.6047356140523842,TC-SACP-G w/o Sur.
diginetica,popular,32614,tron,mrr,10,0.037046517863336764,TC-SACP-G w/o Sur.
diginetica,popular,32614,tron,mrr,20,0.047616685217775415,TC-SACP-G w/o Sur.
diginetica,popular,32614,tron,mrr,30,0.052324378366347075,TC-SACP-G w/o Sur.
diginetica,popular,32614,tron,mrr,40,0.054950424222663524,TC-SACP-G w/o Sur.
diginetica,popular,32614,tron,mrr,50,0.0565024807019079,TC-SACP-G w/o Sur.
diginetica,popular,32614,wearec,recall,10,0.011370731867626278,TC-SACP-G w/o Sur.
diginetica,popular,32614,wearec,recall,20,0.032879818594104306,TC-SACP-G w/o Sur.
diginetica,popular,32614,wearec,recall,30,0.06950606329488317,TC-SACP-G w/o Sur.
diginetica,popular,32614,wearec,recall,40,0.13950507739327614,TC-SACP-G w/o Sur.
diginetica,popular,32614,wearec,recall,50,0.24895658746590424,TC-SACP-G w/o Sur.
diginetica,popular,32614,wearec,mrr,10,0.003966891180979706,TC-SACP-G w/o Sur.
diginetica,popular,32614,wearec,mrr,20,0.005354614526109197,TC-SACP-G w/o Sur.
diginetica,popular,32614,wearec,mrr,30,0.006781803389944934,TC-SACP-G w/o Sur.
diginetica,popular,32614,wearec,mrr,40,0.008746230397543821,TC-SACP-G w/o Sur.
diginetica,popular,32614,wearec,mrr,50,0.011142296999097462,TC-SACP-G w/o Sur.
diginetica,popular,3316,freqrec,recall,10,0.004173650136383056,TC-SACP-G w/o Sur.
diginetica,popular,3316,freqrec,recall,20,0.015642972164711295,TC-SACP-G w/o Sur.
diginetica,popular,3316,freqrec,recall,30,0.03633047421867298,TC-SACP-G w/o Sur.
diginetica,popular,3316,freqrec,recall,40,0.0676985770153472,TC-SACP-G w/o Sur.
diginetica,popular,3316,freqrec,recall,50,0.11927766275592362,TC-SACP-G w/o Sur.
diginetica,popular,3316,freqrec,mrr,10,0.0007087602313373796,TC-SACP-G w/o Sur.
diginetica,popular,3316,freqrec,mrr,20,0.0014471311726522022,TC-SACP-G w/o Sur.
diginetica,popular,3316,freqrec,mrr,30,0.002255705876032556,TC-SACP-G w/o Sur.
diginetica,popular,3316,freqrec,mrr,40,0.0031349660966856208,TC-SACP-G w/o Sur.
diginetica,popular,3316,freqrec,mrr,50,0.004260964775935577,TC-SACP-G w/o Sur.
diginetica,popular,3316,mdhg,recall,10,0.9988004863781261,TC-SACP-G w/o Sur.
diginetica,popular,3316,mdhg,recall,20,0.9988004863781261,TC-SACP-G w/o Sur.
diginetica,popular,3316,mdhg,recall,30,0.9988333497650268,TC-SACP-G w/o Sur.
diginetica,popular,3316,mdhg,recall,40,0.9988333497650268,TC-SACP-G w/o Sur.
diginetica,popular,3316,mdhg,recall,50,0.9988497814584771,TC-SACP-G w/o Sur.
diginetica,popular,3316,mdhg,mrr,10,0.9987422190715101,TC-SACP-G w/o Sur.
diginetica,popular,3316,mdhg,mrr,20,0.9987422190715101,TC-SACP-G w/o Sur.
diginetica,popular,3316,mdhg,mrr,30,0.9987435654811742,TC-SACP-G w/o Sur.
diginetica,popular,3316,mdhg,mrr,40,0.9987435654811742,TC-SACP-G w/o Sur.
diginetica,popular,3316,mdhg,mrr,50,0.9987439008218568,TC-SACP-G w/o Sur.
diginetica,popular,3316,miasrec,recall,10,0.3079135035656775,TC-SACP-G w/o Sur.
diginetica,popular,3316,miasrec,recall,20,0.5879752867330507,TC-SACP-G w/o Sur.
diginetica,popular,3316,miasrec,recall,30,0.7302244569325315,TC-SACP-G w/o Sur.
diginetica,popular,3316,miasrec,recall,40,0.8133359624042854,TC-SACP-G w/o Sur.
diginetica,popular,3316,miasrec,recall,50,0.8743632718787998,TC-SACP-G w/o Sur.
diginetica,popular,3316,miasrec,mrr,10,0.07105565023340972,TC-SACP-G w/o Sur.
diginetica,popular,3316,miasrec,mrr,20,0.09054004908256004,TC-SACP-G w/o Sur.
diginetica,popular,3316,miasrec,mrr,30,0.09631819762350223,TC-SACP-G w/o Sur.
diginetica,popular,3316,miasrec,mrr,40,0.09869527506244184,TC-SACP-G w/o Sur.
diginetica,popular,3316,miasrec,mrr,50,0.10005152127270449,TC-SACP-G w/o Sur.
diginetica,popular,3316,srgnn,recall,10,0.1441059515593677,TC-SACP-G w/o Sur.
diginetica,popular,3316,srgnn,recall,20,0.24652469683525585,TC-SACP-G w/o Sur.
diginetica,popular,3316,srgnn,recall,30,0.33256104374116796,TC-SACP-G w/o Sur.
diginetica,popular,3316,srgnn,recall,40,0.40339807420552765,TC-SACP-G w/o Sur.
diginetica,popular,3316,srgnn,recall,50,0.4600545532222551,TC-SACP-G w/o Sur.
diginetica,popular,3316,srgnn,mrr,10,0.051885562905478425,TC-SACP-G w/o Sur.
diginetica,popular,3316,srgnn,mrr,20,0.05886940022224348,TC-SACP-G w/o Sur.
diginetica,popular,3316,srgnn,mrr,30,0.062310481454503505,TC-SACP-G w/o Sur.
diginetica,popular,3316,srgnn,mrr,40,0.06432450560153445,TC-SACP-G w/o Sur.
diginetica,popular,3316,srgnn,mrr,50,0.06557603762454904,TC-SACP-G w/o Sur.
diginetica,popular,3316,tron,recall,10,0.06610470275066549,TC-SACP-G w/o Sur.
diginetica,popular,3316,tron,recall,20,0.18268756778073547,TC-SACP-G w/o Sur.
diginetica,popular,3316,tron,recall,30,0.3005849682868316,TC-SACP-G w/o Sur.
diginetica,popular,3316,tron,recall,40,0.40721022708600346,TC-SACP-G w/o Sur.
diginetica,popular,3316,tron,recall,50,0.49740379243484834,TC-SACP-G w/o Sur.
diginetica,popular,3316,tron,mrr,10,0.011377317586032965,TC-SACP-G w/o Sur.
diginetica,popular,3316,tron,mrr,20,0.019118730420031614,TC-SACP-G w/o Sur.
diginetica,popular,3316,tron,mrr,30,0.02381195880666175,TC-SACP-G w/o Sur.
diginetica,popular,3316,tron,mrr,40,0.026847795135918753,TC-SACP-G w/o Sur.
diginetica,popular,3316,tron,mrr,50,0.02884331294719606,TC-SACP-G w/o Sur.
diginetica,popular,3316,wearec,recall,10,0.014246278221433501,TC-SACP-G w/o Sur.
diginetica,popular,3316,wearec,recall,20,0.051611949127477075,TC-SACP-G w/o Sur.
diginetica,popular,3316,wearec,recall,30,0.13377041637911202,TC-SACP-G w/o Sur.
diginetica,popular,3316,wearec,recall,40,0.24578527062999111,TC-SACP-G w/o Sur.
diginetica,popular,3316,wearec,recall,50,0.3682013868349272,TC-SACP-G w/o Sur.
diginetica,popular,3316,wearec,mrr,10,0.002375612080581021,TC-SACP-G w/o Sur.
diginetica,popular,3316,wearec,mrr,20,0.004770144094138355,TC-SACP-G w/o Sur.
diginetica,popular,3316,wearec,mrr,30,0.007979947701780779,TC-SACP-G w/o Sur.
diginetica,popular,3316,wearec,mrr,40,0.011143657667946887,TC-SACP-G w/o Sur.
diginetica,popular,3316,wearec,mrr,50,0.013849401964969511,TC-SACP-G w/o Sur.
diginetica,popular,39588,freqrec,recall,10,0.003582109172171284,TC-SACP-G w/o Sur.
diginetica,popular,39588,freqrec,recall,20,0.013490420322718459,TC-SACP-G w/o Sur.
diginetica,popular,39588,freqrec,recall,30,0.031154490781819973,TC-SACP-G w/o Sur.
diginetica,popular,39588,freqrec,recall,40,0.06033717834960071,TC-SACP-G w/o Sur.
diginetica,popular,39588,freqrec,recall,50,0.1029445594662986,TC-SACP-G w/o Sur.
diginetica,popular,39588,freqrec,mrr,10,0.0006049797420693612,TC-SACP-G w/o Sur.
diginetica,popular,39588,freqrec,mrr,20,0.0012411500152115149,TC-SACP-G w/o Sur.
diginetica,popular,39588,freqrec,mrr,30,0.0019283022739834442,TC-SACP-G w/o Sur.
diginetica,popular,39588,freqrec,mrr,40,0.002748847590264654,TC-SACP-G w/o Sur.
diginetica,popular,39588,freqrec,mrr,50,0.0036835529299156728,TC-SACP-G w/o Sur.
diginetica,popular,39588,mdhg,recall,10,0.004551579085740576,TC-SACP-G w/o Sur.
diginetica,popular,39588,mdhg,recall,20,0.009283906799434749,TC-SACP-G w/o Sur.
diginetica,popular,39588,mdhg,recall,30,0.013769759111374019,TC-SACP-G w/o Sur.
diginetica,popular,39588,mdhg,recall,40,0.01818988464951198,TC-SACP-G w/o Sur.
diginetica,popular,39588,mdhg,recall,50,0.024154589371980676,TC-SACP-G w/o Sur.
diginetica,popular,39588,mdhg,mrr,10,0.0005758656503012223,TC-SACP-G w/o Sur.
diginetica,popular,39588,mdhg,mrr,20,0.0008932256798985547,TC-SACP-G w/o Sur.
diginetica,popular,39588,mdhg,mrr,30,0.0010747962750647297,TC-SACP-G w/o Sur.
diginetica,popular,39588,mdhg,mrr,40,0.00119995769556104,TC-SACP-G w/o Sur.
diginetica,popular,39588,mdhg,mrr,50,0.001330520070300916,TC-SACP-G w/o Sur.
diginetica,popular,39588,miasrec,recall,10,0.24708337441256695,TC-SACP-G w/o Sur.
diginetica,popular,39588,miasrec,recall,20,0.5161523546616714,TC-SACP-G w/o Sur.
diginetica,popular,39588,miasrec,recall,30,0.6717276282493674,TC-SACP-G w/o Sur.
diginetica,popular,39588,miasrec,recall,40,0.7633836143152913,TC-SACP-G w/o Sur.
diginetica,popular,39588,miasrec,recall,50,0.8199415031713169,TC-SACP-G w/o Sur.
diginetica,popular,39588,miasrec,mrr,10,0.05972260693250589,TC-SACP-G w/o Sur.
diginetica,popular,39588,miasrec,mrr,20,0.0781263488248633,TC-SACP-G w/o Sur.
diginetica,popular,39588,miasrec,mrr,30,0.08440711045528629,TC-SACP-G w/o Sur.
diginetica,popular,39588,miasrec,mrr,40,0.08703292996365365,TC-SACP-G w/o Sur.
diginetica,popular,39588,miasrec,mrr,50,0.08828977143773829,TC-SACP-G w/o Sur.
diginetica,popular,39588,srgnn,recall,10,0.14931479838312137,TC-SACP-G w/o Sur.
diginetica,popular,39588,srgnn,recall,20,0.24736271320122252,TC-SACP-G w/o Sur.
diginetica,popular,39588,srgnn,recall,30,0.3347628906635118,TC-SACP-G w/o Sur.
diginetica,popular,39588,srgnn,recall,40,0.4032501889644747,TC-SACP-G w/o Sur.
diginetica,popular,39588,srgnn,recall,50,0.459347990403891,TC-SACP-G w/o Sur.
diginetica,popular,39588,srgnn,mrr,10,0.05399163652885437,TC-SACP-G w/o Sur.
diginetica,popular,39588,srgnn,mrr,20,0.060629569404286,TC-SACP-G w/o Sur.
diginetica,popular,39588,srgnn,mrr,30,0.064111906517729,TC-SACP-G w/o Sur.
diginetica,popular,39588,srgnn,mrr,40,0.06606155610991794,TC-SACP-G w/o Sur.
diginetica,popular,39588,srgnn,mrr,50,0.06730258988338125,TC-SACP-G w/o Sur.
diginetica,popular,39588,tron,recall,10,0.09985540109763712,TC-SACP-G w/o Sur.
diginetica,popular,39588,tron,recall,20,0.22243583423707647,TC-SACP-G w/o Sur.
diginetica,popular,39588,tron,recall,30,0.33601169936573666,TC-SACP-G w/o Sur.
diginetica,popular,39588,tron,recall,40,0.4347333136153012,TC-SACP-G w/o Sur.
diginetica,popular,39588,tron,recall,50,0.5180419994084591,TC-SACP-G w/o Sur.
diginetica,popular,39588,tron,mrr,10,0.0218703296823673,TC-SACP-G w/o Sur.
diginetica,popular,39588,tron,mrr,20,0.030085744762298472,TC-SACP-G w/o Sur.
diginetica,popular,39588,tron,mrr,30,0.03461167623024107,TC-SACP-G w/o Sur.
diginetica,popular,39588,tron,mrr,40,0.037415253022016495,TC-SACP-G w/o Sur.
diginetica,popular,39588,tron,mrr,50,0.03926001157535632,TC-SACP-G w/o Sur.
diginetica,popular,39588,wearec,recall,10,0.01102566630516941,TC-SACP-G w/o Sur.
diginetica,popular,39588,wearec,recall,20,0.03210752900193894,TC-SACP-G w/o Sur.
diginetica,popular,39588,wearec,recall,30,0.07060698675605508,TC-SACP-G w/o Sur.
diginetica,popular,39588,wearec,recall,40,0.13828913207795196,TC-SACP-G w/o Sur.
diginetica,popular,39588,wearec,recall,50,0.2319990798251668,TC-SACP-G w/o Sur.
diginetica,popular,39588,wearec,mrr,10,0.0020220828918945896,TC-SACP-G w/o Sur.
diginetica,popular,39588,wearec,mrr,20,0.0033901680860769614,TC-SACP-G w/o Sur.
diginetica,popular,39588,wearec,mrr,30,0.004891395663972634,TC-SACP-G w/o Sur.
diginetica,popular,39588,wearec,mrr,40,0.006787037102798054,TC-SACP-G w/o Sur.
diginetica,popular,39588,wearec,mrr,50,0.00884555447294444,TC-SACP-G w/o Sur.
diginetica,popular,4092,freqrec,recall,10,0.00676985770153472,TC-SACP-G w/o Sur.
diginetica,popular,4092,freqrec,recall,20,0.02403956751782839,TC-SACP-G w/o Sur.
diginetica,popular,4092,freqrec,recall,30,0.05890762101942226,TC-SACP-G w/o Sur.
diginetica,popular,4092,freqrec,recall,40,0.10741398008478754,TC-SACP-G w/o Sur.
diginetica,popular,4092,freqrec,recall,50,0.16707745900292484,TC-SACP-G w/o Sur.
diginetica,popular,4092,freqrec,mrr,10,0.0012657685572503702,TC-SACP-G w/o Sur.
diginetica,popular,4092,freqrec,mrr,20,0.002362376492400358,TC-SACP-G w/o Sur.
diginetica,popular,4092,freqrec,mrr,30,0.003728605055866676,TC-SACP-G w/o Sur.
diginetica,popular,4092,freqrec,mrr,40,0.005096020200746927,TC-SACP-G w/o Sur.
diginetica,popular,4092,freqrec,mrr,50,0.0064067806261792655,TC-SACP-G w/o Sur.
diginetica,popular,4092,mdhg,recall,10,0.0013802622498274672,TC-SACP-G w/o Sur.
diginetica,popular,4092,mdhg,recall,20,0.003664267639422919,TC-SACP-G w/o Sur.
diginetica,popular,4092,mdhg,recall,30,0.006359065365276546,TC-SACP-G w/o Sur.
diginetica,popular,4092,mdhg,recall,40,0.010138354858851754,TC-SACP-G w/o Sur.
diginetica,popular,4092,mdhg,recall,50,0.015905879259916527,TC-SACP-G w/o Sur.
diginetica,popular,4092,mdhg,mrr,10,0.00023984403975530844,TC-SACP-G w/o Sur.
diginetica,popular,4092,mdhg,mrr,20,0.00038729016421161185,TC-SACP-G w/o Sur.
diginetica,popular,4092,mdhg,mrr,30,0.0004925805926615941,TC-SACP-G w/o Sur.
diginetica,popular,4092,mdhg,mrr,40,0.0005987252434410155,TC-SACP-G w/o Sur.
diginetica,popular,4092,mdhg,mrr,50,0.0007259397575971997,TC-SACP-G w/o Sur.
diginetica,popular,4092,miasrec,recall,10,0.34223931118341056,TC-SACP-G w/o Sur.
diginetica,popular,4092,miasrec,recall,20,0.6548029839955306,TC-SACP-G w/o Sur.
diginetica,popular,4092,miasrec,recall,30,0.7964113181504486,TC-SACP-G w/o Sur.
diginetica,popular,4092,miasrec,recall,40,0.8767622991225476,TC-SACP-G w/o Sur.
diginetica,popular,4092,miasrec,recall,50,0.9238555325511847,TC-SACP-G w/o Sur.
diginetica,popular,4092,miasrec,mrr,10,0.07816924983320826,TC-SACP-G w/o Sur.
diginetica,popular,4092,miasrec,mrr,20,0.09997198428345724,TC-SACP-G w/o Sur.
diginetica,popular,4092,miasrec,mrr,30,0.10573602866688835,TC-SACP-G w/o Sur.
diginetica,popular,4092,miasrec,mrr,40,0.10803840187598858,TC-SACP-G w/o Sur.
diginetica,popular,4092,miasrec,mrr,50,0.10908777002459968,TC-SACP-G w/o Sur.
diginetica,popular,4092,srgnn,recall,10,0.14655427388346642,TC-SACP-G w/o Sur.
diginetica,popular,4092,srgnn,recall,20,0.2502218278615794,TC-SACP-G w/o Sur.
diginetica,popular,4092,srgnn,recall,30,0.3326432022084196,TC-SACP-G w/o Sur.
diginetica,popular,4092,srgnn,recall,40,0.39860001971803216,TC-SACP-G w/o Sur.
diginetica,popular,4092,srgnn,recall,50,0.45346544414867396,TC-SACP-G w/o Sur.
diginetica,popular,4092,srgnn,mrr,10,0.05355888310388971,TC-SACP-G w/o Sur.
diginetica,popular,4092,srgnn,mrr,20,0.060629118633095516,TC-SACP-G w/o Sur.
diginetica,popular,4092,srgnn,mrr,30,0.06393158912236033,TC-SACP-G w/o Sur.
diginetica,popular,4092,srgnn,mrr,40,0.06581228086339296,TC-SACP-G w/o Sur.
diginetica,popular,4092,srgnn,mrr,50,0.06702699829799953,TC-SACP-G w/o Sur.
diginetica,popular,4092,tron,recall,10,0.06644976831312235,TC-SACP-G w/o Sur.
diginetica,popular,4092,tron,recall,20,0.15138519175786255,TC-SACP-G w/o Sur.
diginetica,popular,4092,tron,recall,30,0.233116434979789,TC-SACP-G w/o Sur.
diginetica,popular,4092,tron,recall,40,0.3081106838870814,TC-SACP-G w/o Sur.
diginetica,popular,4092,tron,recall,50,0.3709290479476815,TC-SACP-G w/o Sur.
diginetica,popular,4092,tron,mrr,10,0.015099533026921423,TC-SACP-G w/o Sur.
diginetica,popular,4092,tron,mrr,20,0.020751192273080508,TC-SACP-G w/o Sur.
diginetica,popular,4092,tron,mrr,30,0.023998228394940237,TC-SACP-G w/o Sur.
diginetica,popular,4092,tron,mrr,40,0.02613075182014916,TC-SACP-G w/o Sur.
diginetica,popular,4092,tron,mrr,50,0.027520245742630293,TC-SACP-G w/o Sur.
diginetica,popular,4092,wearec,recall,10,0.014969272733247888,TC-SACP-G w/o Sur.
diginetica,popular,4092,wearec,recall,20,0.046485260770975055,TC-SACP-G w/o Sur.
diginetica,popular,4092,wearec,recall,30,0.10532715501659601,TC-SACP-G w/o Sur.
diginetica,popular,4092,wearec,recall,40,0.20391731571855795,TC-SACP-G w/o Sur.
diginetica,popular,4092,wearec,recall,50,0.3253968253968254,TC-SACP-G w/o Sur.
diginetica,popular,4092,wearec,mrr,10,0.0024529323269833975,TC-SACP-G w/o Sur.
diginetica,popular,4092,wearec,mrr,20,0.004475380440465175,TC-SACP-G w/o Sur.
diginetica,popular,4092,wearec,mrr,30,0.006752635473168129,TC-SACP-G w/o Sur.
diginetica,popular,4092,wearec,mrr,40,0.009521754529954966,TC-SACP-G w/o Sur.
diginetica,popular,4092,wearec,mrr,50,0.012201520578168795,TC-SACP-G w/o Sur.
diginetica,popular,5334,freqrec,recall,10,0.003138453449012455,TC-SACP-G w/o Sur.
diginetica,popular,5334,freqrec,recall,20,0.010746327516513852,TC-SACP-G w/o Sur.
diginetica,popular,5334,freqrec,recall,30,0.027473791448946728,TC-SACP-G w/o Sur.
diginetica,popular,5334,freqrec,recall,40,0.0594170035163824,TC-SACP-G w/o Sur.
diginetica,popular,5334,freqrec,recall,50,0.10593512767425811,TC-SACP-G w/o Sur.
diginetica,popular,5334,freqrec,mrr,10,0.0005173440436676164,TC-SACP-G w/o Sur.
diginetica,popular,5334,freqrec,mrr,20,0.0010059315334686424,TC-SACP-G w/o Sur.
diginetica,popular,5334,freqrec,mrr,30,0.0016469049921625665,TC-SACP-G w/o Sur.
diginetica,popular,5334,freqrec,mrr,40,0.0025486470315244482,TC-SACP-G w/o Sur.
diginetica,popular,5334,freqrec,mrr,50,0.0035696533703586937,TC-SACP-G w/o Sur.
diginetica,popular,5334,mdhg,recall,10,0.0007887212856156955,TC-SACP-G w/o Sur.
diginetica,popular,5334,mdhg,recall,20,0.0018074862795359689,TC-SACP-G w/o Sur.
diginetica,popular,5334,mdhg,recall,30,0.003647835945972592,TC-SACP-G w/o Sur.
diginetica,popular,5334,mdhg,recall,40,0.0065398139932301425,TC-SACP-G w/o Sur.
diginetica,popular,5334,mdhg,recall,50,0.009842584376745867,TC-SACP-G w/o Sur.
diginetica,popular,5334,mdhg,mrr,10,0.0001986539574038341,TC-SACP-G w/o Sur.
diginetica,popular,5334,mdhg,mrr,20,0.00026067245132788954,TC-SACP-G w/o Sur.
diginetica,popular,5334,mdhg,mrr,30,0.0003326556864851573,TC-SACP-G w/o Sur.
diginetica,popular,5334,mdhg,mrr,40,0.00041368329369427894,TC-SACP-G w/o Sur.
diginetica,popular,5334,mdhg,mrr,50,0.00048611797454676544,TC-SACP-G w/o Sur.
diginetica,popular,5334,miasrec,recall,10,0.21555095468138946,TC-SACP-G w/o Sur.
diginetica,popular,5334,miasrec,recall,20,0.5069506063294883,TC-SACP-G w/o Sur.
diginetica,popular,5334,miasrec,recall,30,0.6725985080022348,TC-SACP-G w/o Sur.
diginetica,popular,5334,miasrec,recall,40,0.7650267836603241,TC-SACP-G w/o Sur.
diginetica,popular,5334,miasrec,recall,50,0.8251667816885209,TC-SACP-G w/o Sur.
diginetica,popular,5334,miasrec,mrr,10,0.05063788877256313,TC-SACP-G w/o Sur.
diginetica,popular,5334,miasrec,mrr,20,0.07044750663196828,TC-SACP-G w/o Sur.
diginetica,popular,5334,miasrec,mrr,30,0.07716758448278926,TC-SACP-G w/o Sur.
diginetica,popular,5334,miasrec,mrr,40,0.07982103841343152,TC-SACP-G w/o Sur.
diginetica,popular,5334,miasrec,mrr,50,0.08116081415534766,TC-SACP-G w/o Sur.
diginetica,popular,5334,srgnn,recall,10,0.15771139373623846,TC-SACP-G w/o Sur.
diginetica,popular,5334,srgnn,recall,20,0.25802688225048476,TC-SACP-G w/o Sur.
diginetica,popular,5334,srgnn,recall,30,0.3414012948174439,TC-SACP-G w/o Sur.
diginetica,popular,5334,srgnn,recall,40,0.40653652765454007,TC-SACP-G w/o Sur.
diginetica,popular,5334,srgnn,recall,50,0.4565381708238851,TC-SACP-G w/o Sur.
diginetica,popular,5334,srgnn,mrr,10,0.056091293967169595,TC-SACP-G w/o Sur.
diginetica,popular,5334,srgnn,mrr,20,0.06290664116312691,TC-SACP-G w/o Sur.
diginetica,popular,5334,srgnn,mrr,30,0.06625286650481997,TC-SACP-G w/o Sur.
diginetica,popular,5334,srgnn,mrr,40,0.06811200133514377,TC-SACP-G w/o Sur.
diginetica,popular,5334,srgnn,mrr,50,0.06921966775982825,TC-SACP-G w/o Sur.
diginetica,popular,5334,tron,recall,10,0.09942817706792863,TC-SACP-G w/o Sur.
diginetica,popular,5334,tron,recall,20,0.2366492490716093,TC-SACP-G w/o Sur.
diginetica,popular,5334,tron,recall,30,0.37283512438791944,TC-SACP-G w/o Sur.
diginetica,popular,5334,tron,recall,40,0.4864931479838312,TC-SACP-G w/o Sur.
diginetica,popular,5334,tron,recall,50,0.5816490847546748,TC-SACP-G w/o Sur.
diginetica,popular,5334,tron,mrr,10,0.021924756406664806,TC-SACP-G w/o Sur.
diginetica,popular,5334,tron,mrr,20,0.031076789312744196,TC-SACP-G w/o Sur.
diginetica,popular,5334,tron,mrr,30,0.03650390497188563,TC-SACP-G w/o Sur.
diginetica,popular,5334,tron,mrr,40,0.0397414862521508,TC-SACP-G w/o Sur.
diginetica,popular,5334,tron,mrr,50,0.04184851014350294,TC-SACP-G w/o Sur.
diginetica,popular,5334,wearec,recall,10,0.010466988727858293,TC-SACP-G w/o Sur.
diginetica,popular,5334,wearec,recall,20,0.038170823885109596,TC-SACP-G w/o Sur.
diginetica,popular,5334,wearec,recall,30,0.08845180584311019,TC-SACP-G w/o Sur.
diginetica,popular,5334,wearec,recall,40,0.18298333826284136,TC-SACP-G w/o Sur.
diginetica,popular,5334,wearec,recall,50,0.32023727365342275,TC-SACP-G w/o Sur.
diginetica,popular,5334,wearec,mrr,10,0.0017126062908868812,TC-SACP-G w/o Sur.
diginetica,popular,5334,wearec,mrr,20,0.003500593871555389,TC-SACP-G w/o Sur.
diginetica,popular,5334,wearec,mrr,30,0.005471525942350475,TC-SACP-G w/o Sur.
diginetica,popular,5334,wearec,mrr,40,0.008118619888438476,TC-SACP-G w/o Sur.
diginetica,popular,5334,wearec,mrr,50,0.011135159875185853,TC-SACP-G w/o Sur.
diginetica,popular,5418,freqrec,recall,10,0.004962371421998751,TC-SACP-G w/o Sur.
diginetica,popular,5418,freqrec,recall,20,0.019044332708928982,TC-SACP-G w/o Sur.
diginetica,popular,5418,freqrec,recall,30,0.05102040816326531,TC-SACP-G w/o Sur.
diginetica,popular,5418,freqrec,recall,40,0.09689769627657827,TC-SACP-G w/o Sur.
diginetica,popular,5418,freqrec,recall,50,0.1607841204114496,TC-SACP-G w/o Sur.
diginetica,popular,5418,freqrec,mrr,10,0.0008744008300352605,TC-SACP-G w/o Sur.
diginetica,popular,5418,freqrec,mrr,20,0.001762296094304264,TC-SACP-G w/o Sur.
diginetica,popular,5418,freqrec,mrr,30,0.0030132200260827397,TC-SACP-G w/o Sur.
diginetica,popular,5418,freqrec,mrr,40,0.004301590008782993,TC-SACP-G w/o Sur.
diginetica,popular,5418,freqrec,mrr,50,0.005704146720918506,TC-SACP-G w/o Sur.
diginetica,popular,5418,mdhg,recall,10,0.9998849781458478,TC-SACP-G w/o Sur.
diginetica,popular,5418,mdhg,recall,20,0.999901409839298,TC-SACP-G w/o Sur.
diginetica,popular,5418,mdhg,recall,30,0.999901409839298,TC-SACP-G w/o Sur.
diginetica,popular,5418,mdhg,recall,40,0.999901409839298,TC-SACP-G w/o Sur.
diginetica,popular,5418,mdhg,recall,50,0.999901409839298,TC-SACP-G w/o Sur.
diginetica,popular,5418,mdhg,mrr,10,0.9998621563493889,TC-SACP-G w/o Sur.
diginetica,popular,5418,mdhg,mrr,20,0.9998631833302295,TC-SACP-G w/o Sur.
diginetica,popular,5418,mdhg,mrr,30,0.9998631833302295,TC-SACP-G w/o Sur.
diginetica,popular,5418,mdhg,mrr,40,0.9998631833302295,TC-SACP-G w/o Sur.
diginetica,popular,5418,mdhg,mrr,50,0.9998631833302295,TC-SACP-G w/o Sur.
diginetica,popular,5418,miasrec,recall,10,0.2921062144664629,TC-SACP-G w/o Sur.
diginetica,popular,5418,miasrec,recall,20,0.6543921916592724,TC-SACP-G w/o Sur.
diginetica,popular,5418,miasrec,recall,30,0.8417134969930001,TC-SACP-G w/o Sur.
diginetica,popular,5418,miasrec,recall,40,0.9192546583850931,TC-SACP-G w/o Sur.
diginetica,popular,5418,miasrec,recall,50,0.9497190180419994,TC-SACP-G w/o Sur.
diginetica,popular,5418,miasrec,mrr,10,0.06725020044057922,TC-SACP-G w/o Sur.
diginetica,popular,5418,miasrec,mrr,20,0.09184504479850099,TC-SACP-G w/o Sur.
diginetica,popular,5418,miasrec,mrr,30,0.09949230818941061,TC-SACP-G w/o Sur.
diginetica,popular,5418,miasrec,mrr,40,0.1017372627029819,TC-SACP-G w/o Sur.
diginetica,popular,5418,miasrec,mrr,50,0.1024213669683468,TC-SACP-G w/o Sur.
diginetica,popular,5418,srgnn,recall,10,0.14103322488415657,TC-SACP-G w/o Sur.
diginetica,popular,5418,srgnn,recall,20,0.24335337999934273,TC-SACP-G w/o Sur.
diginetica,popular,5418,srgnn,recall,30,0.323917972986296,TC-SACP-G w/o Sur.
diginetica,popular,5418,srgnn,recall,40,0.38951329324000133,TC-SACP-G w/o Sur.
diginetica,popular,5418,srgnn,recall,50,0.44840448256597326,TC-SACP-G w/o Sur.
diginetica,popular,5418,srgnn,mrr,10,0.05356584701206628,TC-SACP-G w/o Sur.
diginetica,popular,5418,srgnn,mrr,20,0.06050273435399464,TC-SACP-G w/o Sur.
diginetica,popular,5418,srgnn,mrr,30,0.06371633326132439,TC-SACP-G w/o Sur.
diginetica,popular,5418,srgnn,mrr,40,0.06557769878729944,TC-SACP-G w/o Sur.
diginetica,popular,5418,srgnn,mrr,50,0.0668801246407113,TC-SACP-G w/o Sur.
diginetica,popular,5418,tron,recall,10,0.04165434289657892,TC-SACP-G w/o Sur.
diginetica,popular,5418,tron,recall,20,0.13334319234940353,TC-SACP-G w/o Sur.
diginetica,popular,5418,tron,recall,30,0.24585099740379243,TC-SACP-G w/o Sur.
diginetica,popular,5418,tron,recall,40,0.3589996385027441,TC-SACP-G w/o Sur.
diginetica,popular,5418,tron,recall,50,0.4606789575733675,TC-SACP-G w/o Sur.
diginetica,popular,5418,tron,mrr,10,0.0078064171761795965,TC-SACP-G w/o Sur.
diginetica,popular,5418,tron,mrr,20,0.013800557228078733,TC-SACP-G w/o Sur.
diginetica,popular,5418,tron,mrr,30,0.01826224740917936,TC-SACP-G w/o Sur.
diginetica,popular,5418,tron,mrr,40,0.021471765594678664,TC-SACP-G w/o Sur.
diginetica,popular,5418,tron,mrr,50,0.023718551531617733,TC-SACP-G w/o Sur.
diginetica,popular,5418,wearec,recall,10,0.015051431200499524,TC-SACP-G w/o Sur.
diginetica,popular,5418,wearec,recall,20,0.05662361562982681,TC-SACP-G w/o Sur.
diginetica,popular,5418,wearec,recall,30,0.15253541029938544,TC-SACP-G w/o Sur.
diginetica,popular,5418,wearec,recall,40,0.2959676624272898,TC-SACP-G w/o Sur.
diginetica,popular,5418,wearec,recall,50,0.4370008873114463,TC-SACP-G w/o Sur.
diginetica,popular,5418,wearec,mrr,10,0.002521169498395165,TC-SACP-G w/o Sur.
diginetica,popular,5418,wearec,mrr,20,0.0051690175849030484,TC-SACP-G w/o Sur.
diginetica,popular,5418,wearec,mrr,30,0.00886714570242224,TC-SACP-G w/o Sur.
diginetica,popular,5418,wearec,mrr,40,0.012922190945514436,TC-SACP-G w/o Sur.
diginetica,popular,5418,wearec,mrr,50,0.016043903393751873,TC-SACP-G w/o Sur.
diginetica,popular,9496,freqrec,recall,10,0.00458444247264123,TC-SACP-G w/o Sur.
diginetica,popular,9496,freqrec,recall,20,0.01611949127477078,TC-SACP-G w/o Sur.
diginetica,popular,9496,freqrec,recall,30,0.03828584573926189,TC-SACP-G w/o Sur.
diginetica,popular,9496,freqrec,recall,40,0.07313746754740544,TC-SACP-G w/o Sur.
diginetica,popular,9496,freqrec,recall,50,0.1264418811002662,TC-SACP-G w/o Sur.
diginetica,popular,9496,freqrec,mrr,10,0.0007992062709601917,TC-SACP-G w/o Sur.
diginetica,popular,9496,freqrec,mrr,20,0.0015363544188918793,TC-SACP-G w/o Sur.
diginetica,popular,9496,freqrec,mrr,30,0.002401734783752634,TC-SACP-G w/o Sur.
diginetica,popular,9496,freqrec,mrr,40,0.003378880558850522,TC-SACP-G w/o Sur.
diginetica,popular,9496,freqrec,mrr,50,0.004547574560082492,TC-SACP-G w/o Sur.
diginetica,popular,9496,mdhg,recall,10,0.0006901311249137336,TC-SACP-G w/o Sur.
diginetica,popular,9496,mdhg,recall,20,0.002316868776496106,TC-SACP-G w/o Sur.
diginetica,popular,9496,mdhg,recall,30,0.004798054487495481,TC-SACP-G w/o Sur.
diginetica,popular,9496,mdhg,recall,40,0.00792007624305761,TC-SACP-G w/o Sur.
diginetica,popular,9496,mdhg,recall,50,0.011995136218738702,TC-SACP-G w/o Sur.
diginetica,popular,9496,mdhg,mrr,10,0.00011905153135558338,TC-SACP-G w/o Sur.
diginetica,popular,9496,mdhg,mrr,20,0.00022351725628001797,TC-SACP-G w/o Sur.
diginetica,popular,9496,mdhg,mrr,30,0.0003222898848854088,TC-SACP-G w/o Sur.
diginetica,popular,9496,mdhg,mrr,40,0.0004103110322605479,TC-SACP-G w/o Sur.
diginetica,popular,9496,mdhg,mrr,50,0.0004998543984204885,TC-SACP-G w/o Sur.
diginetica,popular,9496,miasrec,recall,10,0.2726017943409248,TC-SACP-G w/o Sur.
diginetica,popular,9496,miasrec,recall,20,0.6072660948437346,TC-SACP-G w/o Sur.
diginetica,popular,9496,miasrec,recall,30,0.7957376187189852,TC-SACP-G w/o Sur.
diginetica,popular,9496,miasrec,recall,40,0.8838936540799894,TC-SACP-G w/o Sur.
diginetica,popular,9496,miasrec,recall,50,0.9246606855302507,TC-SACP-G w/o Sur.
diginetica,popular,9496,miasrec,mrr,10,0.06529688940218452,TC-SACP-G w/o Sur.
diginetica,popular,9496,miasrec,mrr,20,0.0881264390158748,TC-SACP-G w/o Sur.
diginetica,popular,9496,miasrec,mrr,30,0.09578638709329998,TC-SACP-G w/o Sur.
diginetica,popular,9496,miasrec,mrr,40,0.09833516828970941,TC-SACP-G w/o Sur.
diginetica,popular,9496,miasrec,mrr,50,0.09924653417885802,TC-SACP-G w/o Sur.
diginetica,popular,9496,srgnn,recall,10,0.14461533405632784,TC-SACP-G w/o Sur.
diginetica,popular,9496,srgnn,recall,20,0.24348483354694536,TC-SACP-G w/o Sur.
diginetica,popular,9496,srgnn,recall,30,0.3241315850011502,TC-SACP-G w/o Sur.
diginetica,popular,9496,srgnn,recall,40,0.3913536429064379,TC-SACP-G w/o Sur.
diginetica,popular,9496,srgnn,recall,50,0.4451510072628085,TC-SACP-G w/o Sur.
diginetica,popular,9496,srgnn,mrr,10,0.053993436190518114,TC-SACP-G w/o Sur.
diginetica,popular,9496,srgnn,mrr,20,0.06077710269615639,TC-SACP-G w/o Sur.
diginetica,popular,9496,srgnn,mrr,30,0.06401597616129365,TC-SACP-G w/o Sur.
diginetica,popular,9496,srgnn,mrr,40,0.06593171738561948,TC-SACP-G w/o Sur.
diginetica,popular,9496,srgnn,mrr,50,0.06712468036502392,TC-SACP-G w/o Sur.
diginetica,popular,9496,tron,recall,10,0.05989352262644188,TC-SACP-G w/o Sur.
diginetica,popular,9496,tron,recall,20,0.1408689079496533,TC-SACP-G w/o Sur.
diginetica,popular,9496,tron,recall,30,0.22264944625193073,TC-SACP-G w/o Sur.
diginetica,popular,9496,tron,recall,40,0.3024746130336192,TC-SACP-G w/o Sur.
diginetica,popular,9496,tron,recall,50,0.37280226100101876,TC-SACP-G w/o Sur.
diginetica,popular,9496,tron,mrr,10,0.01390002592556077,TC-SACP-G w/o Sur.
diginetica,popular,9496,tron,mrr,20,0.019274954911230577,TC-SACP-G w/o Sur.
diginetica,popular,9496,tron,mrr,30,0.022527743811415313,TC-SACP-G w/o Sur.
diginetica,popular,9496,tron,mrr,40,0.024795691269619693,TC-SACP-G w/o Sur.
diginetica,popular,9496,tron,mrr,50,0.026347938330922215,TC-SACP-G w/o Sur.
diginetica,popular,9496,wearec,recall,10,0.020391731571855795,TC-SACP-G w/o Sur.
diginetica,popular,9496,wearec,recall,20,0.07333464786880936,TC-SACP-G w/o Sur.
diginetica,popular,9496,wearec,recall,30,0.17133326760655954,TC-SACP-G w/o Sur.
diginetica,popular,9496,wearec,recall,40,0.31323737224358345,TC-SACP-G w/o Sur.
diginetica,popular,9496,wearec,recall,50,0.47101449275362317,TC-SACP-G w/o Sur.
diginetica,popular,9496,wearec,mrr,10,0.0034932150147076505,TC-SACP-G w/o Sur.
diginetica,popular,9496,wearec,mrr,20,0.006912187349942051,TC-SACP-G w/o Sur.
diginetica,popular,9496,wearec,mrr,30,0.010731640978033665,TC-SACP-G w/o Sur.
diginetica,popular,9496,wearec,mrr,40,0.01473456924218723,TC-SACP-G w/o Sur.
diginetica,popular,9496,wearec,mrr,50,0.018222361133574037,TC-SACP-G w/o Sur.
diginetica,unpopular,17290,freqrec,recall,10,0.0041243550560320745,TC-SACP-G w/o Sur.
diginetica,unpopular,17290,freqrec,recall,20,0.015166453054651812,TC-SACP-G w/o Sur.
diginetica,unpopular,17290,freqrec,recall,30,0.035048802129547474,TC-SACP-G w/o Sur.
diginetica,unpopular,17290,freqrec,recall,40,0.06617042952446679,TC-SACP-G w/o Sur.
diginetica,unpopular,17290,freqrec,recall,50,0.11605705083965953,TC-SACP-G w/o Sur.
diginetica,unpopular,17290,freqrec,mrr,10,0.0007290259865927826,TC-SACP-G w/o Sur.
diginetica,unpopular,17290,freqrec,mrr,20,0.001440234704051297,TC-SACP-G w/o Sur.
diginetica,unpopular,17290,freqrec,mrr,30,0.0022122866143050603,TC-SACP-G w/o Sur.
diginetica,unpopular,17290,freqrec,mrr,40,0.0030895918329897844,TC-SACP-G w/o Sur.
diginetica,unpopular,17290,freqrec,mrr,50,0.004180679237229893,TC-SACP-G w/o Sur.
diginetica,unpopular,17290,mdhg,recall,10,0.9999835683065497,TC-SACP-G w/o Sur.
diginetica,unpopular,17290,mdhg,recall,20,0.9999835683065497,TC-SACP-G w/o Sur.
diginetica,unpopular,17290,mdhg,recall,30,0.9999835683065497,TC-SACP-G w/o Sur.
diginetica,unpopular,17290,mdhg,recall,40,0.9999835683065497,TC-SACP-G w/o Sur.
diginetica,unpopular,17290,mdhg,recall,50,0.9999835683065497,TC-SACP-G w/o Sur.
diginetica,unpopular,17290,mdhg,mrr,10,0.9999835683065497,TC-SACP-G w/o Sur.
diginetica,unpopular,17290,mdhg,mrr,20,0.9999835683065497,TC-SACP-G w/o Sur.
diginetica,unpopular,17290,mdhg,mrr,30,0.9999835683065497,TC-SACP-G w/o Sur.
diginetica,unpopular,17290,mdhg,mrr,40,0.9999835683065497,TC-SACP-G w/o Sur.
diginetica,unpopular,17290,mdhg,mrr,50,0.9999835683065497,TC-SACP-G w/o Sur.
diginetica,unpopular,17290,miasrec,recall,10,0.3529692070064741,TC-SACP-G w/o Sur.
diginetica,unpopular,17290,miasrec,recall,20,0.6326694929179402,TC-SACP-G w/o Sur.
diginetica,unpopular,17290,miasrec,recall,30,0.7609517236846429,TC-SACP-G w/o Sur.
diginetica,unpopular,17290,miasrec,recall,40,0.8443261362516021,TC-SACP-G w/o Sur.
diginetica,unpopular,17290,miasrec,recall,50,0.9038417299286865,TC-SACP-G w/o Sur.
diginetica,unpopular,17290,miasrec,mrr,10,0.08509142020430877,TC-SACP-G w/o Sur.
diginetica,unpopular,17290,miasrec,mrr,20,0.10470347299545699,TC-SACP-G w/o Sur.
diginetica,unpopular,17290,miasrec,mrr,30,0.10988771583573997,TC-SACP-G w/o Sur.
diginetica,unpopular,17290,miasrec,mrr,40,0.1122725095122392,TC-SACP-G w/o Sur.
diginetica,unpopular,17290,miasrec,mrr,50,0.11359480571772712,TC-SACP-G w/o Sur.
diginetica,unpopular,17290,srgnn,recall,10,0.15148378191856451,TC-SACP-G w/o Sur.
diginetica,unpopular,17290,srgnn,recall,20,0.25316310098918793,TC-SACP-G w/o Sur.
diginetica,unpopular,17290,srgnn,recall,30,0.3375069834697164,TC-SACP-G w/o Sur.
diginetica,unpopular,17290,srgnn,recall,40,0.4063722107200368,TC-SACP-G w/o Sur.
diginetica,unpopular,17290,srgnn,recall,50,0.46265076078740675,TC-SACP-G w/o Sur.
diginetica,unpopular,17290,srgnn,mrr,10,0.05453429320505172,TC-SACP-G w/o Sur.
diginetica,unpopular,17290,srgnn,mrr,20,0.06143217334835851,TC-SACP-G w/o Sur.
diginetica,unpopular,17290,srgnn,mrr,30,0.06481431375015327,TC-SACP-G w/o Sur.
diginetica,unpopular,17290,srgnn,mrr,40,0.06677916780844785,TC-SACP-G w/o Sur.
diginetica,unpopular,17290,srgnn,mrr,50,0.06802475233843937,TC-SACP-G w/o Sur.
diginetica,unpopular,17290,tron,recall,10,0.058003877879654275,TC-SACP-G w/o Sur.
diginetica,unpopular,17290,tron,recall,20,0.18290117979558973,TC-SACP-G w/o Sur.
diginetica,unpopular,17290,tron,recall,30,0.3067797167176049,TC-SACP-G w/o Sur.
diginetica,unpopular,17290,tron,recall,40,0.42007624305760954,TC-SACP-G w/o Sur.
diginetica,unpopular,17290,tron,recall,50,0.5135725787899701,TC-SACP-G w/o Sur.
diginetica,unpopular,17290,tron,mrr,10,0.009641596075589983,TC-SACP-G w/o Sur.
diginetica,unpopular,17290,tron,mrr,20,0.017960376655885475,TC-SACP-G w/o Sur.
diginetica,unpopular,17290,tron,mrr,30,0.022900593044045157,TC-SACP-G w/o Sur.
diginetica,unpopular,17290,tron,mrr,40,0.02612784455396367,TC-SACP-G w/o Sur.
diginetica,unpopular,17290,tron,mrr,50,0.028193587451701994,TC-SACP-G w/o Sur.
diginetica,unpopular,17290,wearec,recall,10,0.013063196293009957,TC-SACP-G w/o Sur.
diginetica,unpopular,17290,wearec,recall,20,0.03639620099247429,TC-SACP-G w/o Sur.
diginetica,unpopular,17290,wearec,recall,30,0.07967728154063558,TC-SACP-G w/o Sur.
diginetica,unpopular,17290,wearec,recall,40,0.1498899076538828,TC-SACP-G w/o Sur.
diginetica,unpopular,17290,wearec,recall,50,0.2553813796049821,TC-SACP-G w/o Sur.
diginetica,unpopular,17290,wearec,mrr,10,0.0030242792615857695,TC-SACP-G w/o Sur.
diginetica,unpopular,17290,wearec,mrr,20,0.004533939040624998,TC-SACP-G w/o Sur.
diginetica,unpopular,17290,wearec,mrr,30,0.006225998463838469,TC-SACP-G w/o Sur.
diginetica,unpopular,17290,wearec,mrr,40,0.008192510785511834,TC-SACP-G w/o Sur.
diginetica,unpopular,17290,wearec,mrr,50,0.010515969256920223,TC-SACP-G w/o Sur.
diginetica,unpopular,20222,freqrec,recall,10,0.003237043609714417,TC-SACP-G w/o Sur.
diginetica,unpopular,20222,freqrec,recall,20,0.01196227283183805,TC-SACP-G w/o Sur.
diginetica,unpopular,20222,freqrec,recall,30,0.030990173847316706,TC-SACP-G w/o Sur.
diginetica,unpopular,20222,freqrec,recall,40,0.06598968089651319,TC-SACP-G w/o Sur.
diginetica,unpopular,20222,freqrec,recall,50,0.11470965197673272,TC-SACP-G w/o Sur.
diginetica,unpopular,20222,freqrec,mrr,10,0.0005455843866570476,TC-SACP-G w/o Sur.
diginetica,unpopular,20222,freqrec,mrr,20,0.0011120776448074491,TC-SACP-G w/o Sur.
diginetica,unpopular,20222,freqrec,mrr,30,0.0018533631312440241,TC-SACP-G w/o Sur.
diginetica,unpopular,20222,freqrec,mrr,40,0.0028400090117174097,TC-SACP-G w/o Sur.
diginetica,unpopular,20222,freqrec,mrr,50,0.003905909484337516,TC-SACP-G w/o Sur.
diginetica,unpopular,20222,mdhg,recall,10,0.0009037431397679844,TC-SACP-G w/o Sur.
diginetica,unpopular,20222,mdhg,recall,20,0.0023661638568470865,TC-SACP-G w/o Sur.
diginetica,unpopular,20222,mdhg,recall,30,0.004863781261296789,TC-SACP-G w/o Sur.
diginetica,unpopular,20222,mdhg,recall,40,0.009645404055341944,TC-SACP-G w/o Sur.
diginetica,unpopular,20222,mdhg,recall,50,0.014755660718393638,TC-SACP-G w/o Sur.
diginetica,unpopular,20222,mdhg,mrr,10,0.00017654289689190606,TC-SACP-G w/o Sur.
diginetica,unpopular,20222,mdhg,mrr,20,0.00027254368672667486,TC-SACP-G w/o Sur.
diginetica,unpopular,20222,mdhg,mrr,30,0.0003737026589874131,TC-SACP-G w/o Sur.
diginetica,unpopular,20222,mdhg,mrr,40,0.0005093429836166481,TC-SACP-G w/o Sur.
diginetica,unpopular,20222,mdhg,mrr,50,0.0006215800658001364,TC-SACP-G w/o Sur.
diginetica,unpopular,20222,miasrec,recall,10,0.13170002300437084,TC-SACP-G w/o Sur.
diginetica,unpopular,20222,miasrec,recall,20,0.3552367807026192,TC-SACP-G w/o Sur.
diginetica,unpopular,20222,miasrec,recall,30,0.5248282888034441,TC-SACP-G w/o Sur.
diginetica,unpopular,20222,miasrec,recall,40,0.630401919221795,TC-SACP-G w/o Sur.
diginetica,unpopular,20222,miasrec,recall,50,0.7020276709717703,TC-SACP-G w/o Sur.
diginetica,unpopular,20222,miasrec,mrr,10,0.033289013404609644,TC-SACP-G w/o Sur.
diginetica,unpopular,20222,miasrec,mrr,20,0.04818707141172999,TC-SACP-G w/o Sur.
diginetica,unpopular,20222,miasrec,mrr,30,0.055030478610488986,TC-SACP-G w/o Sur.
diginetica,unpopular,20222,miasrec,mrr,40,0.05805846406802202,TC-SACP-G w/o Sur.
diginetica,unpopular,20222,miasrec,mrr,50,0.059649340896887386,TC-SACP-G w/o Sur.
diginetica,unpopular,20222,srgnn,recall,10,0.15255184199283578,TC-SACP-G w/o Sur.
diginetica,unpopular,20222,srgnn,recall,20,0.2618554668244109,TC-SACP-G w/o Sur.
diginetica,unpopular,20222,srgnn,recall,30,0.3449012455223635,TC-SACP-G w/o Sur.
diginetica,unpopular,20222,srgnn,recall,40,0.41279700285911464,TC-SACP-G w/o Sur.
diginetica,unpopular,20222,srgnn,recall,50,0.46807321962601467,TC-SACP-G w/o Sur.
diginetica,unpopular,20222,srgnn,mrr,10,0.056134361957343955,TC-SACP-G w/o Sur.
diginetica,unpopular,20222,srgnn,mrr,20,0.06361237961244677,TC-SACP-G w/o Sur.
diginetica,unpopular,20222,srgnn,mrr,30,0.06694183755589572,TC-SACP-G w/o Sur.
diginetica,unpopular,20222,srgnn,mrr,40,0.06887983506537791,TC-SACP-G w/o Sur.
diginetica,unpopular,20222,srgnn,mrr,50,0.07010566800593171,TC-SACP-G w/o Sur.
diginetica,unpopular,20222,tron,recall,10,0.164924907160932,TC-SACP-G w/o Sur.
diginetica,unpopular,20222,tron,recall,20,0.32329356863518355,TC-SACP-G w/o Sur.
diginetica,unpopular,20222,tron,recall,30,0.44817443885766867,TC-SACP-G w/o Sur.
diginetica,unpopular,20222,tron,recall,40,0.5420158401524862,TC-SACP-G w/o Sur.
diginetica,unpopular,20222,tron,recall,50,0.6167143185776726,TC-SACP-G w/o Sur.
diginetica,unpopular,20222,tron,mrr,10,0.03472431530698254,TC-SACP-G w/o Sur.
diginetica,unpopular,20222,tron,mrr,20,0.04550194152783546,TC-SACP-G w/o Sur.
diginetica,unpopular,20222,tron,mrr,30,0.05050148718225506,TC-SACP-G w/o Sur.
diginetica,unpopular,20222,tron,mrr,40,0.053177500535857146,TC-SACP-G w/o Sur.
diginetica,unpopular,20222,tron,mrr,50,0.05482860977117542,TC-SACP-G w/o Sur.
diginetica,unpopular,20222,wearec,recall,10,0.014016234513128924,TC-SACP-G w/o Sur.
diginetica,unpopular,20222,wearec,recall,20,0.03997831016464557,TC-SACP-G w/o Sur.
diginetica,unpopular,20222,wearec,recall,30,0.08174767491537678,TC-SACP-G w/o Sur.
diginetica,unpopular,20222,wearec,recall,40,0.15473725722172926,TC-SACP-G w/o Sur.
diginetica,unpopular,20222,wearec,recall,50,0.2697919747609189,TC-SACP-G w/o Sur.
diginetica,unpopular,20222,wearec,mrr,10,0.004613673933648296,TC-SACP-G w/o Sur.
diginetica,unpopular,20222,wearec,mrr,20,0.006304270136759625,TC-SACP-G w/o Sur.
diginetica,unpopular,20222,wearec,mrr,30,0.007931729504267864,TC-SACP-G w/o Sur.
diginetica,unpopular,20222,wearec,mrr,40,0.00997649679189637,TC-SACP-G w/o Sur.
diginetica,unpopular,20222,wearec,mrr,50,0.012500361592894752,TC-SACP-G w/o Sur.
diginetica,unpopular,21325,freqrec,recall,10,0.00458444247264123,TC-SACP-G w/o Sur.
diginetica,unpopular,21325,freqrec,recall,20,0.015067862893949851,TC-SACP-G w/o Sur.
diginetica,unpopular,21325,freqrec,recall,30,0.03429294423083243,TC-SACP-G w/o Sur.
diginetica,unpopular,21325,freqrec,recall,40,0.07021262611324723,TC-SACP-G w/o Sur.
diginetica,unpopular,21325,freqrec,recall,50,0.12369778829406158,TC-SACP-G w/o Sur.
diginetica,unpopular,21325,freqrec,mrr,10,0.0007747869487492897,TC-SACP-G w/o Sur.
diginetica,unpopular,21325,freqrec,mrr,20,0.0014565614719978589,TC-SACP-G w/o Sur.
diginetica,unpopular,21325,freqrec,mrr,30,0.002203717951331752,TC-SACP-G w/o Sur.
diginetica,unpopular,21325,freqrec,mrr,40,0.00320751392723203,TC-SACP-G w/o Sur.
diginetica,unpopular,21325,freqrec,mrr,50,0.004380369741285663,TC-SACP-G w/o Sur.
diginetica,unpopular,21325,mdhg,recall,10,0.0007558578987150416,TC-SACP-G w/o Sur.
diginetica,unpopular,21325,mdhg,recall,20,0.00234973216339676,TC-SACP-G w/o Sur.
diginetica,unpopular,21325,mdhg,recall,30,0.005110256663051694,TC-SACP-G w/o Sur.
diginetica,unpopular,21325,mdhg,recall,40,0.008922409543527555,TC-SACP-G w/o Sur.
diginetica,unpopular,21325,mdhg,recall,50,0.013736895724473364,TC-SACP-G w/o Sur.
diginetica,unpopular,21325,mdhg,mrr,10,0.00012134675202801003,TC-SACP-G w/o Sur.
diginetica,unpopular,21325,mdhg,mrr,20,0.00022406696728408614,TC-SACP-G w/o Sur.
diginetica,unpopular,21325,mdhg,mrr,30,0.00033347372918536415,TC-SACP-G w/o Sur.
diginetica,unpopular,21325,mdhg,mrr,40,0.0004419492896697786,TC-SACP-G w/o Sur.
diginetica,unpopular,21325,mdhg,mrr,50,0.0005463806963906188,TC-SACP-G w/o Sur.
diginetica,unpopular,21325,miasrec,recall,10,0.17146472115416214,TC-SACP-G w/o Sur.
diginetica,unpopular,21325,miasrec,recall,20,0.43719806763285024,TC-SACP-G w/o Sur.
diginetica,unpopular,21325,miasrec,recall,30,0.6398665746491834,TC-SACP-G w/o Sur.
diginetica,unpopular,21325,miasrec,recall,40,0.7602944559466298,TC-SACP-G w/o Sur.
diginetica,unpopular,21325,miasrec,recall,50,0.8336455355088895,TC-SACP-G w/o Sur.
diginetica,unpopular,21325,miasrec,mrr,10,0.04163973694684492,TC-SACP-G w/o Sur.
diginetica,unpopular,21325,miasrec,mrr,20,0.05945449824878124,TC-SACP-G w/o Sur.
diginetica,unpopular,21325,miasrec,mrr,30,0.06762802658255669,TC-SACP-G w/o Sur.
diginetica,unpopular,21325,miasrec,mrr,40,0.07108669342329729,TC-SACP-G w/o Sur.
diginetica,unpopular,21325,miasrec,mrr,50,0.07272171597723855,TC-SACP-G w/o Sur.
diginetica,unpopular,21325,srgnn,recall,10,0.16630516941075948,TC-SACP-G w/o Sur.
diginetica,unpopular,21325,srgnn,recall,20,0.2838739360478491,TC-SACP-G w/o Sur.
diginetica,unpopular,21325,srgnn,recall,30,0.37147129383154226,TC-SACP-G w/o Sur.
diginetica,unpopular,21325,srgnn,recall,40,0.44340924775707385,TC-SACP-G w/o Sur.
diginetica,unpopular,21325,srgnn,recall,50,0.5035328140918203,TC-SACP-G w/o Sur.
diginetica,unpopular,21325,srgnn,mrr,10,0.06229651434226072,TC-SACP-G w/o Sur.
diginetica,unpopular,21325,srgnn,mrr,20,0.07030560310218852,TC-SACP-G w/o Sur.
diginetica,unpopular,21325,srgnn,mrr,30,0.07382073585551277,TC-SACP-G w/o Sur.
diginetica,unpopular,21325,srgnn,mrr,40,0.07587036394006881,TC-SACP-G w/o Sur.
diginetica,unpopular,21325,srgnn,mrr,50,0.07720069927699465,TC-SACP-G w/o Sur.
diginetica,unpopular,21325,tron,recall,10,0.08542837424825002,TC-SACP-G w/o Sur.
diginetica,unpopular,21325,tron,recall,20,0.21694764862466726,TC-SACP-G w/o Sur.
diginetica,unpopular,21325,tron,recall,30,0.34028393966282167,TC-SACP-G w/o Sur.
diginetica,unpopular,21325,tron,recall,40,0.43890696375168425,TC-SACP-G w/o Sur.
diginetica,unpopular,21325,tron,recall,50,0.5194386933517369,TC-SACP-G w/o Sur.
diginetica,unpopular,21325,tron,mrr,10,0.015465242534403498,TC-SACP-G w/o Sur.
diginetica,unpopular,21325,tron,mrr,20,0.024283117936319886,TC-SACP-G w/o Sur.
diginetica,unpopular,21325,tron,mrr,30,0.02920853006821338,TC-SACP-G w/o Sur.
diginetica,unpopular,21325,tron,mrr,40,0.03202230326112121,TC-SACP-G w/o Sur.
diginetica,unpopular,21325,tron,mrr,50,0.033808436224730086,TC-SACP-G w/o Sur.
diginetica,unpopular,21325,wearec,recall,10,0.013753327417923691,TC-SACP-G w/o Sur.
diginetica,unpopular,21325,wearec,recall,20,0.039008840251076274,TC-SACP-G w/o Sur.
diginetica,unpopular,21325,wearec,recall,30,0.08056459298695323,TC-SACP-G w/o Sur.
diginetica,unpopular,21325,wearec,recall,40,0.14588057445200303,TC-SACP-G w/o Sur.
diginetica,unpopular,21325,wearec,recall,50,0.24580170232344145,TC-SACP-G w/o Sur.
diginetica,unpopular,21325,wearec,mrr,10,0.004573272833402966,TC-SACP-G w/o Sur.
diginetica,unpopular,21325,wearec,mrr,20,0.006223152644274447,TC-SACP-G w/o Sur.
diginetica,unpopular,21325,wearec,mrr,30,0.007842487122930581,TC-SACP-G w/o Sur.
diginetica,unpopular,21325,wearec,mrr,40,0.009675168049317064,TC-SACP-G w/o Sur.
diginetica,unpopular,21325,wearec,mrr,50,0.011869615143125976,TC-SACP-G w/o Sur.
diginetica,unpopular,23414,freqrec,recall,10,0.003697131026323573,TC-SACP-G w/o Sur.
diginetica,unpopular,23414,freqrec,recall,20,0.014262709914883829,TC-SACP-G w/o Sur.
diginetica,unpopular,23414,freqrec,recall,30,0.03309343060895856,TC-SACP-G w/o Sur.
diginetica,unpopular,23414,freqrec,recall,40,0.06602254428341385,TC-SACP-G w/o Sur.
diginetica,unpopular,23414,freqrec,recall,50,0.11738801800913602,TC-SACP-G w/o Sur.
diginetica,unpopular,23414,freqrec,mrr,10,0.0006502516657303217,TC-SACP-G w/o Sur.
diginetica,unpopular,23414,freqrec,mrr,20,0.001323252743643562,TC-SACP-G w/o Sur.
diginetica,unpopular,23414,freqrec,mrr,30,0.002061746518176258,TC-SACP-G w/o Sur.
diginetica,unpopular,23414,freqrec,mrr,40,0.0029885124680918305,TC-SACP-G w/o Sur.
diginetica,unpopular,23414,freqrec,mrr,50,0.004113766421341477,TC-SACP-G w/o Sur.
diginetica,unpopular,23414,mdhg,recall,10,0.0007722895921653686,TC-SACP-G w/o Sur.
diginetica,unpopular,23414,mdhg,recall,20,0.0025140490979000296,TC-SACP-G w/o Sur.
diginetica,unpopular,23414,mdhg,recall,30,0.005175983436853002,TC-SACP-G w/o Sur.
diginetica,unpopular,23414,mdhg,recall,40,0.009053863091130172,TC-SACP-G w/o Sur.
diginetica,unpopular,23414,mdhg,recall,50,0.013966939432777941,TC-SACP-G w/o Sur.
diginetica,unpopular,23414,mdhg,mrr,10,0.00016569276280407102,TC-SACP-G w/o Sur.
diginetica,unpopular,23414,mdhg,mrr,20,0.0002790006615239988,TC-SACP-G w/o Sur.
diginetica,unpopular,23414,mdhg,mrr,30,0.0003838246668670589,TC-SACP-G w/o Sur.
diginetica,unpopular,23414,mdhg,mrr,40,0.000492262224485005,TC-SACP-G w/o Sur.
diginetica,unpopular,23414,mdhg,mrr,50,0.0005996408295928186,TC-SACP-G w/o Sur.
diginetica,unpopular,23414,miasrec,recall,10,0.3289132077951954,TC-SACP-G w/o Sur.
diginetica,unpopular,23414,miasrec,recall,20,0.6151533076998915,TC-SACP-G w/o Sur.
diginetica,unpopular,23414,miasrec,recall,30,0.7406092871931381,TC-SACP-G w/o Sur.
diginetica,unpopular,23414,miasrec,recall,40,0.8275658089322686,TC-SACP-G w/o Sur.
diginetica,unpopular,23414,miasrec,recall,50,0.8931939925728746,TC-SACP-G w/o Sur.
diginetica,unpopular,23414,miasrec,mrr,10,0.07358946952755743,TC-SACP-G w/o Sur.
diginetica,unpopular,23414,miasrec,mrr,20,0.09369868377412031,TC-SACP-G w/o Sur.
diginetica,unpopular,23414,miasrec,mrr,30,0.09878063282117738,TC-SACP-G w/o Sur.
diginetica,unpopular,23414,miasrec,mrr,40,0.10125784316948044,TC-SACP-G w/o Sur.
diginetica,unpopular,23414,miasrec,mrr,50,0.10271693947618271,TC-SACP-G w/o Sur.
diginetica,unpopular,23414,srgnn,recall,10,0.15582174898945086,TC-SACP-G w/o Sur.
diginetica,unpopular,23414,srgnn,recall,20,0.25986723191692135,TC-SACP-G w/o Sur.
diginetica,unpopular,23414,srgnn,recall,30,0.34099050248118573,TC-SACP-G w/o Sur.
diginetica,unpopular,23414,srgnn,recall,40,0.41031581714811527,TC-SACP-G w/o Sur.
diginetica,unpopular,23414,srgnn,recall,50,0.4632423017516185,TC-SACP-G w/o Sur.
diginetica,unpopular,23414,srgnn,mrr,10,0.058029138348078164,TC-SACP-G w/o Sur.
diginetica,unpopular,23414,srgnn,mrr,20,0.0650901536075975,TC-SACP-G w/o Sur.
diginetica,unpopular,23414,srgnn,mrr,30,0.06833262146004362,TC-SACP-G w/o Sur.
diginetica,unpopular,23414,srgnn,mrr,40,0.07031406595900505,TC-SACP-G w/o Sur.
diginetica,unpopular,23414,srgnn,mrr,50,0.07148702228760885,TC-SACP-G w/o Sur.
diginetica,unpopular,23414,tron,recall,10,0.11671431857767262,TC-SACP-G w/o Sur.
diginetica,unpopular,23414,tron,recall,20,0.2303559104801341,TC-SACP-G w/o Sur.
diginetica,unpopular,23414,tron,recall,30,0.326382727003845,TC-SACP-G w/o Sur.
diginetica,unpopular,23414,tron,recall,40,0.405977850077229,TC-SACP-G w/o Sur.
diginetica,unpopular,23414,tron,recall,50,0.4708830392060206,TC-SACP-G w/o Sur.
diginetica,unpopular,23414,tron,mrr,10,0.030388630415742197,TC-SACP-G w/o Sur.
diginetica,unpopular,23414,tron,mrr,20,0.03801551611759857,TC-SACP-G w/o Sur.
diginetica,unpopular,23414,tron,mrr,30,0.04184299017777358,TC-SACP-G w/o Sur.
diginetica,unpopular,23414,tron,mrr,40,0.044113295201697274,TC-SACP-G w/o Sur.
diginetica,unpopular,23414,tron,mrr,50,0.045550760573240194,TC-SACP-G w/o Sur.
diginetica,unpopular,23414,wearec,recall,10,0.01299746951920865,TC-SACP-G w/o Sur.
diginetica,unpopular,23414,wearec,recall,20,0.049492260672384894,TC-SACP-G w/o Sur.
diginetica,unpopular,23414,wearec,recall,30,0.13635019225081338,TC-SACP-G w/o Sur.
diginetica,unpopular,23414,wearec,recall,40,0.26928259226395873,TC-SACP-G w/o Sur.
diginetica,unpopular,23414,wearec,recall,50,0.4140458115613395,TC-SACP-G w/o Sur.
diginetica,unpopular,23414,wearec,mrr,10,0.002147765785249765,TC-SACP-G w/o Sur.
diginetica,unpopular,23414,wearec,mrr,20,0.004507409648047134,TC-SACP-G w/o Sur.
diginetica,unpopular,23414,wearec,mrr,30,0.007872124879194519,TC-SACP-G w/o Sur.
diginetica,unpopular,23414,wearec,mrr,40,0.011621649587600778,TC-SACP-G w/o Sur.
diginetica,unpopular,23414,wearec,mrr,50,0.014816169128565442,TC-SACP-G w/o Sur.
diginetica,unpopular,28865,freqrec,recall,10,0.005455322225508561,TC-SACP-G w/o Sur.
diginetica,unpopular,28865,freqrec,recall,20,0.01892931085477669,TC-SACP-G w/o Sur.
diginetica,unpopular,28865,freqrec,recall,30,0.045581517631207075,TC-SACP-G w/o Sur.
diginetica,unpopular,28865,freqrec,recall,40,0.0821913306385356,TC-SACP-G w/o Sur.
diginetica,unpopular,28865,freqrec,recall,50,0.13450984258437673,TC-SACP-G w/o Sur.
diginetica,unpopular,28865,freqrec,mrr,10,0.0009725932394275128,TC-SACP-G w/o Sur.
diginetica,unpopular,28865,freqrec,mrr,20,0.0018308263974379463,TC-SACP-G w/o Sur.
diginetica,unpopular,28865,freqrec,mrr,30,0.002882661899783552,TC-SACP-G w/o Sur.
diginetica,unpopular,28865,freqrec,mrr,40,0.0039160369484415,TC-SACP-G w/o Sur.
diginetica,unpopular,28865,freqrec,mrr,50,0.005063722461550915,TC-SACP-G w/o Sur.
diginetica,unpopular,28865,mdhg,recall,10,1,TC-SACP-G w/o Sur.
diginetica,unpopular,28865,mdhg,recall,20,1,TC-SACP-G w/o Sur.
diginetica,unpopular,28865,mdhg,recall,30,1,TC-SACP-G w/o Sur.
diginetica,unpopular,28865,mdhg,recall,40,1,TC-SACP-G w/o Sur.
diginetica,unpopular,28865,mdhg,recall,50,1,TC-SACP-G w/o Sur.
diginetica,unpopular,28865,mdhg,mrr,10,1,TC-SACP-G w/o Sur.
diginetica,unpopular,28865,mdhg,mrr,20,1,TC-SACP-G w/o Sur.
diginetica,unpopular,28865,mdhg,mrr,30,1,TC-SACP-G w/o Sur.
diginetica,unpopular,28865,mdhg,mrr,40,1,TC-SACP-G w/o Sur.
diginetica,unpopular,28865,mdhg,mrr,50,1,TC-SACP-G w/o Sur.
diginetica,unpopular,28865,miasrec,recall,10,0.2658648000262907,TC-SACP-G w/o Sur.
diginetica,unpopular,28865,miasrec,recall,20,0.6171908376877321,TC-SACP-G w/o Sur.
diginetica,unpopular,28865,miasrec,recall,30,0.7873081599789674,TC-SACP-G w/o Sur.
diginetica,unpopular,28865,miasrec,recall,40,0.8638305563771402,TC-SACP-G w/o Sur.
diginetica,unpopular,28865,miasrec,recall,50,0.9063886424134872,TC-SACP-G w/o Sur.
diginetica,unpopular,28865,miasrec,mrr,10,0.06103710980596578,TC-SACP-G w/o Sur.
diginetica,unpopular,28865,miasrec,mrr,20,0.08518106315333285,TC-SACP-G w/o Sur.
diginetica,unpopular,28865,miasrec,mrr,30,0.09212507115728985,TC-SACP-G w/o Sur.
diginetica,unpopular,28865,miasrec,mrr,40,0.09433159287271797,TC-SACP-G w/o Sur.
diginetica,unpopular,28865,miasrec,mrr,50,0.09527807979796954,TC-SACP-G w/o Sur.
diginetica,unpopular,28865,srgnn,recall,10,0.1418383778632226,TC-SACP-G w/o Sur.
diginetica,unpopular,28865,srgnn,recall,20,0.24650826514180552,TC-SACP-G w/o Sur.
diginetica,unpopular,28865,srgnn,recall,30,0.32590620789378555,TC-SACP-G w/o Sur.
diginetica,unpopular,28865,srgnn,recall,40,0.39250386144796084,TC-SACP-G w/o Sur.
diginetica,unpopular,28865,srgnn,recall,50,0.4440993788819876,TC-SACP-G w/o Sur.
diginetica,unpopular,28865,srgnn,mrr,10,0.049505516875871076,TC-SACP-G w/o Sur.
diginetica,unpopular,28865,srgnn,mrr,20,0.056600409949707164,TC-SACP-G w/o Sur.
diginetica,unpopular,28865,srgnn,mrr,30,0.05978040830202795,TC-SACP-G w/o Sur.
diginetica,unpopular,28865,srgnn,mrr,40,0.061676758078689914,TC-SACP-G w/o Sur.
diginetica,unpopular,28865,srgnn,mrr,50,0.06281864238773999,TC-SACP-G w/o Sur.
diginetica,unpopular,28865,tron,recall,10,0.07583226527325906,TC-SACP-G w/o Sur.
diginetica,unpopular,28865,tron,recall,20,0.15831936639390057,TC-SACP-G w/o Sur.
diginetica,unpopular,28865,tron,recall,30,0.23444740214926552,TC-SACP-G w/o Sur.
diginetica,unpopular,28865,tron,recall,40,0.3049393670511683,TC-SACP-G w/o Sur.
diginetica,unpopular,28865,tron,recall,50,0.3671004633737553,TC-SACP-G w/o Sur.
diginetica,unpopular,28865,tron,mrr,10,0.020141193890331092,TC-SACP-G w/o Sur.
diginetica,unpopular,28865,tron,mrr,20,0.02567289466976813,TC-SACP-G w/o Sur.
diginetica,unpopular,28865,tron,mrr,30,0.028699304835364002,TC-SACP-G w/o Sur.
diginetica,unpopular,28865,tron,mrr,40,0.03070039675277862,TC-SACP-G w/o Sur.
diginetica,unpopular,28865,tron,mrr,50,0.03207440740174827,TC-SACP-G w/o Sur.
diginetica,unpopular,28865,wearec,recall,10,0.01746689013769759,TC-SACP-G w/o Sur.
diginetica,unpopular,28865,wearec,recall,20,0.06454369187288442,TC-SACP-G w/o Sur.
diginetica,unpopular,28865,wearec,recall,30,0.1593874264681718,TC-SACP-G w/o Sur.
diginetica,unpopular,28865,wearec,recall,40,0.2955897334779322,TC-SACP-G w/o Sur.
diginetica,unpopular,28865,wearec,recall,50,0.4461040454829275,TC-SACP-G w/o Sur.
diginetica,unpopular,28865,wearec,mrr,10,0.0029972517340652867,TC-SACP-G w/o Sur.
diginetica,unpopular,28865,wearec,mrr,20,0.006026134010537082,TC-SACP-G w/o Sur.
diginetica,unpopular,28865,wearec,mrr,30,0.009727976429191003,TC-SACP-G w/o Sur.
diginetica,unpopular,28865,wearec,mrr,40,0.013568059526130584,TC-SACP-G w/o Sur.
diginetica,unpopular,28865,wearec,mrr,50,0.016891259746654036,TC-SACP-G w/o Sur.
diginetica,unpopular,29122,freqrec,recall,10,0.003138453449012455,TC-SACP-G w/o Sur.
diginetica,unpopular,29122,freqrec,recall,20,0.009793289296394886,TC-SACP-G w/o Sur.
diginetica,unpopular,29122,freqrec,recall,30,0.023793092116073482,TC-SACP-G w/o Sur.
diginetica,unpopular,29122,freqrec,recall,40,0.04895001478852411,TC-SACP-G w/o Sur.
diginetica,unpopular,29122,freqrec,recall,50,0.08639784416181932,TC-SACP-G w/o Sur.
diginetica,unpopular,29122,freqrec,mrr,10,0.0005272813058970997,TC-SACP-G w/o Sur.
diginetica,unpopular,29122,freqrec,mrr,20,0.000962209873167474,TC-SACP-G w/o Sur.
diginetica,unpopular,29122,freqrec,mrr,30,0.001504012845733272,TC-SACP-G w/o Sur.
diginetica,unpopular,29122,freqrec,mrr,40,0.0022090970965958317,TC-SACP-G w/o Sur.
diginetica,unpopular,29122,freqrec,mrr,50,0.0030284306802189362,TC-SACP-G w/o Sur.
diginetica,unpopular,29122,mdhg,recall,10,0.0007558578987150416,TC-SACP-G w/o Sur.
diginetica,unpopular,29122,mdhg,recall,20,0.0024154589371980675,TC-SACP-G w/o Sur.
diginetica,unpopular,29122,mdhg,recall,30,0.0058825462552170625,TC-SACP-G w/o Sur.
diginetica,unpopular,29122,mdhg,recall,40,0.010187649939202735,TC-SACP-G w/o Sur.
diginetica,unpopular,29122,mdhg,recall,50,0.015873015873015872,TC-SACP-G w/o Sur.
diginetica,unpopular,29122,mdhg,mrr,10,0.00015599675956572332,TC-SACP-G w/o Sur.
diginetica,unpopular,29122,mdhg,mrr,20,0.00026535444194117114,TC-SACP-G w/o Sur.
diginetica,unpopular,29122,mdhg,mrr,30,0.0004019173826715103,TC-SACP-G w/o Sur.
diginetica,unpopular,29122,mdhg,mrr,40,0.0005225837189569293,TC-SACP-G w/o Sur.
diginetica,unpopular,29122,mdhg,mrr,50,0.0006474426901727835,TC-SACP-G w/o Sur.
diginetica,unpopular,29122,miasrec,recall,10,0.3375069834697164,TC-SACP-G w/o Sur.
diginetica,unpopular,29122,miasrec,recall,20,0.646685727431069,TC-SACP-G w/o Sur.
diginetica,unpopular,29122,miasrec,recall,30,0.8114627493509481,TC-SACP-G w/o Sur.
diginetica,unpopular,29122,miasrec,recall,40,0.9040882053304413,TC-SACP-G w/o Sur.
diginetica,unpopular,29122,miasrec,recall,50,0.9477636465214105,TC-SACP-G w/o Sur.
diginetica,unpopular,29122,miasrec,mrr,10,0.07519247903133575,TC-SACP-G w/o Sur.
diginetica,unpopular,29122,miasrec,mrr,20,0.0965257763749109,TC-SACP-G w/o Sur.
diginetica,unpopular,29122,miasrec,mrr,30,0.10319144091894474,TC-SACP-G w/o Sur.
diginetica,unpopular,29122,miasrec,mrr,40,0.10585705254150826,TC-SACP-G w/o Sur.
diginetica,unpopular,29122,miasrec,mrr,50,0.10683802692506923,TC-SACP-G w/o Sur.
diginetica,unpopular,29122,srgnn,recall,10,0.16149068322981366,TC-SACP-G w/o Sur.
diginetica,unpopular,29122,srgnn,recall,20,0.2679516250944822,TC-SACP-G w/o Sur.
diginetica,unpopular,29122,srgnn,recall,30,0.3528870485392224,TC-SACP-G w/o Sur.
diginetica,unpopular,29122,srgnn,recall,40,0.42078280587597355,TC-SACP-G w/o Sur.
diginetica,unpopular,29122,srgnn,recall,50,0.476732722074337,TC-SACP-G w/o Sur.
diginetica,unpopular,29122,srgnn,mrr,10,0.058909375037493016,TC-SACP-G w/o Sur.
diginetica,unpopular,29122,srgnn,mrr,20,0.06609716621545718,TC-SACP-G w/o Sur.
diginetica,unpopular,29122,srgnn,mrr,30,0.06949165827164237,TC-SACP-G w/o Sur.
diginetica,unpopular,29122,srgnn,mrr,40,0.07142391384224439,TC-SACP-G w/o Sur.
diginetica,unpopular,29122,srgnn,mrr,50,0.07266547268327216,TC-SACP-G w/o Sur.
diginetica,unpopular,29122,tron,recall,10,0.10744684347168819,TC-SACP-G w/o Sur.
diginetica,unpopular,29122,tron,recall,20,0.2553978112984324,TC-SACP-G w/o Sur.
diginetica,unpopular,29122,tron,recall,30,0.3872950146242072,TC-SACP-G w/o Sur.
diginetica,unpopular,29122,tron,recall,40,0.4935423444740215,TC-SACP-G w/o Sur.
diginetica,unpopular,29122,tron,recall,50,0.5808932268559598,TC-SACP-G w/o Sur.
diginetica,unpopular,29122,tron,mrr,10,0.020480201895956267,TC-SACP-G w/o Sur.
diginetica,unpopular,29122,tron,mrr,20,0.030430592882104708,TC-SACP-G w/o Sur.
diginetica,unpopular,29122,tron,mrr,30,0.035700779678975954,TC-SACP-G w/o Sur.
diginetica,unpopular,29122,tron,mrr,40,0.03872552079522301,TC-SACP-G w/o Sur.
diginetica,unpopular,29122,tron,mrr,50,0.040661012766937746,TC-SACP-G w/o Sur.
diginetica,unpopular,29122,wearec,recall,10,0.015051431200499524,TC-SACP-G w/o Sur.
diginetica,unpopular,29122,wearec,recall,20,0.05335370863321174,TC-SACP-G w/o Sur.
diginetica,unpopular,29122,wearec,recall,30,0.1283315258470538,TC-SACP-G w/o Sur.
diginetica,unpopular,29122,wearec,recall,40,0.23623845673535115,TC-SACP-G w/o Sur.
diginetica,unpopular,29122,wearec,recall,50,0.36655821748989453,TC-SACP-G w/o Sur.
diginetica,unpopular,29122,wearec,mrr,10,0.0025505248491544353,TC-SACP-G w/o Sur.
diginetica,unpopular,29122,wearec,mrr,20,0.005001501627493717,TC-SACP-G w/o Sur.
diginetica,unpopular,29122,wearec,mrr,30,0.007928803650050002,TC-SACP-G w/o Sur.
diginetica,unpopular,29122,wearec,mrr,40,0.010958201073034631,TC-SACP-G w/o Sur.
diginetica,unpopular,29122,wearec,mrr,50,0.013836329885882428,TC-SACP-G w/o Sur.
diginetica,unpopular,32561,freqrec,recall,10,0.0038943113477274967,TC-SACP-G w/o Sur.
diginetica,unpopular,32561,freqrec,recall,20,0.014246278221433501,TC-SACP-G w/o Sur.
diginetica,unpopular,32561,freqrec,recall,30,0.03030004272240297,TC-SACP-G w/o Sur.
diginetica,unpopular,32561,freqrec,recall,40,0.058135331427256895,TC-SACP-G w/o Sur.
diginetica,unpopular,32561,freqrec,recall,50,0.10200795293962996,TC-SACP-G w/o Sur.
diginetica,unpopular,32561,freqrec,mrr,10,0.0006715346210564594,TC-SACP-G w/o Sur.
diginetica,unpopular,32561,freqrec,mrr,20,0.0013322615624405977,TC-SACP-G w/o Sur.
diginetica,unpopular,32561,freqrec,mrr,30,0.001957592517549482,TC-SACP-G w/o Sur.
diginetica,unpopular,32561,freqrec,mrr,40,0.002737851407685428,TC-SACP-G w/o Sur.
diginetica,unpopular,32561,freqrec,mrr,50,0.003699953208353227,TC-SACP-G w/o Sur.
diginetica,unpopular,32561,mdhg,recall,10,0.0010844917677215813,TC-SACP-G w/o Sur.
diginetica,unpopular,32561,mdhg,recall,20,0.003845016267376516,TC-SACP-G w/o Sur.
diginetica,unpopular,32561,mdhg,recall,30,0.007065628183640606,TC-SACP-G w/o Sur.
diginetica,unpopular,32561,mdhg,recall,40,0.010220513326103388,TC-SACP-G w/o Sur.
diginetica,unpopular,32561,mdhg,recall,50,0.015117157974300832,TC-SACP-G w/o Sur.
diginetica,unpopular,32561,mdhg,mrr,10,0.00017811434059092536,TC-SACP-G w/o Sur.
diginetica,unpopular,32561,mdhg,mrr,20,0.0003591366415691417,TC-SACP-G w/o Sur.
diginetica,unpopular,32561,mdhg,mrr,30,0.00048593116113683634,TC-SACP-G w/o Sur.
diginetica,unpopular,32561,mdhg,mrr,40,0.0005751315020383667,TC-SACP-G w/o Sur.
diginetica,unpopular,32561,mdhg,mrr,50,0.0006825692787549978,TC-SACP-G w/o Sur.
diginetica,unpopular,32561,miasrec,recall,10,0.27758059745637387,TC-SACP-G w/o Sur.
diginetica,unpopular,32561,miasrec,recall,20,0.6487232574189096,TC-SACP-G w/o Sur.
diginetica,unpopular,32561,miasrec,recall,30,0.8205330441355286,TC-SACP-G w/o Sur.
diginetica,unpopular,32561,miasrec,recall,40,0.8910907358112327,TC-SACP-G w/o Sur.
diginetica,unpopular,32561,miasrec,recall,50,0.9281606362351704,TC-SACP-G w/o Sur.
diginetica,unpopular,32561,miasrec,mrr,10,0.06213775288506758,TC-SACP-G w/o Sur.
diginetica,unpopular,32561,miasrec,mrr,20,0.08745115607961908,TC-SACP-G w/o Sur.
diginetica,unpopular,32561,miasrec,mrr,30,0.09449924860684465,TC-SACP-G w/o Sur.
diginetica,unpopular,32561,miasrec,mrr,40,0.09653193549875079,TC-SACP-G w/o Sur.
diginetica,unpopular,32561,miasrec,mrr,50,0.09735843433319835,TC-SACP-G w/o Sur.
diginetica,unpopular,32561,srgnn,recall,10,0.1579085740576424,TC-SACP-G w/o Sur.
diginetica,unpopular,32561,srgnn,recall,20,0.2610503138453449,TC-SACP-G w/o Sur.
diginetica,unpopular,32561,srgnn,recall,30,0.3460021689835354,TC-SACP-G w/o Sur.
diginetica,unpopular,32561,srgnn,recall,40,0.4173978770252062,TC-SACP-G w/o Sur.
diginetica,unpopular,32561,srgnn,recall,50,0.47430083144368856,TC-SACP-G w/o Sur.
diginetica,unpopular,32561,srgnn,mrr,10,0.0601666864890271,TC-SACP-G w/o Sur.
diginetica,unpopular,32561,srgnn,mrr,20,0.06711488617342487,TC-SACP-G w/o Sur.
diginetica,unpopular,32561,srgnn,mrr,30,0.07051231476187632,TC-SACP-G w/o Sur.
diginetica,unpopular,32561,srgnn,mrr,40,0.0725464134054556,TC-SACP-G w/o Sur.
diginetica,unpopular,32561,srgnn,mrr,50,0.07380899166818863,TC-SACP-G w/o Sur.
diginetica,unpopular,32561,tron,recall,10,0.06457655525978508,TC-SACP-G w/o Sur.
diginetica,unpopular,32561,tron,recall,20,0.17857964441815374,TC-SACP-G w/o Sur.
diginetica,unpopular,32561,tron,recall,30,0.29322356962108514,TC-SACP-G w/o Sur.
diginetica,unpopular,32561,tron,recall,40,0.39692398698609876,TC-SACP-G w/o Sur.
diginetica,unpopular,32561,tron,recall,50,0.4825988366361037,TC-SACP-G w/o Sur.
diginetica,unpopular,32561,tron,mrr,10,0.011107283569819291,TC-SACP-G w/o Sur.
diginetica,unpopular,32561,tron,mrr,20,0.0186639407162547,TC-SACP-G w/o Sur.
diginetica,unpopular,32561,tron,mrr,30,0.023221939308539944,TC-SACP-G w/o Sur.
diginetica,unpopular,32561,tron,mrr,40,0.02617789102908188,TC-SACP-G w/o Sur.
diginetica,unpopular,32561,tron,mrr,50,0.02807496830611909,TC-SACP-G w/o Sur.
diginetica,unpopular,32561,wearec,recall,10,0.02035886818495514,TC-SACP-G w/o Sur.
diginetica,unpopular,32561,wearec,recall,20,0.07197081731243223,TC-SACP-G w/o Sur.
diginetica,unpopular,32561,wearec,recall,30,0.18906306483946236,TC-SACP-G w/o Sur.
diginetica,unpopular,32561,wearec,recall,40,0.35482598836636103,TC-SACP-G w/o Sur.
diginetica,unpopular,32561,wearec,recall,50,0.5340464688290775,TC-SACP-G w/o Sur.
diginetica,unpopular,32561,wearec,mrr,10,0.0034821366626552213,TC-SACP-G w/o Sur.
diginetica,unpopular,32561,wearec,mrr,20,0.006815166405625279,TC-SACP-G w/o Sur.
diginetica,unpopular,32561,wearec,mrr,30,0.011374357340583322,TC-SACP-G w/o Sur.
diginetica,unpopular,32561,wearec,mrr,40,0.016056610313164563,TC-SACP-G w/o Sur.
diginetica,unpopular,32561,wearec,mrr,50,0.02001335932625775,TC-SACP-G w/o Sur.
diginetica,unpopular,33995,freqrec,recall,10,0.004239376910184363,TC-SACP-G w/o Sur.
diginetica,unpopular,33995,freqrec,recall,20,0.015544382004009333,TC-SACP-G w/o Sur.
diginetica,unpopular,33995,freqrec,recall,30,0.03516382398369976,TC-SACP-G w/o Sur.
diginetica,unpopular,33995,freqrec,recall,40,0.06771500870879753,TC-SACP-G w/o Sur.
diginetica,unpopular,33995,freqrec,recall,50,0.12121660258306222,TC-SACP-G w/o Sur.
diginetica,unpopular,33995,freqrec,mrr,10,0.0007812422568904893,TC-SACP-G w/o Sur.
diginetica,unpopular,33995,freqrec,mrr,20,0.00151362051743868,TC-SACP-G w/o Sur.
diginetica,unpopular,33995,freqrec,mrr,30,0.002274884036862818,TC-SACP-G w/o Sur.
diginetica,unpopular,33995,freqrec,mrr,40,0.003187915360256858,TC-SACP-G w/o Sur.
diginetica,unpopular,33995,freqrec,mrr,50,0.0043608019427422385,TC-SACP-G w/o Sur.
diginetica,unpopular,33995,mdhg,recall,10,0.0008051529790660225,TC-SACP-G w/o Sur.
diginetica,unpopular,33995,mdhg,recall,20,0.002300437083045779,TC-SACP-G w/o Sur.
diginetica,unpopular,33995,mdhg,recall,30,0.004765191100594827,TC-SACP-G w/o Sur.
diginetica,unpopular,33995,mdhg,recall,40,0.007903644549607283,TC-SACP-G w/o Sur.
diginetica,unpopular,33995,mdhg,recall,50,0.015248611521903448,TC-SACP-G w/o Sur.
diginetica,unpopular,33995,mdhg,mrr,10,0.00014437720491156355,TC-SACP-G w/o Sur.
diginetica,unpopular,33995,mdhg,mrr,20,0.00024115914698501648,TC-SACP-G w/o Sur.
diginetica,unpopular,33995,mdhg,mrr,30,0.00033647823474074667,TC-SACP-G w/o Sur.
diginetica,unpopular,33995,mdhg,mrr,40,0.00042433519161582647,TC-SACP-G w/o Sur.
diginetica,unpopular,33995,mdhg,mrr,50,0.0005875324573303047,TC-SACP-G w/o Sur.
diginetica,unpopular,33995,miasrec,recall,10,0.38262841368431433,TC-SACP-G w/o Sur.
diginetica,unpopular,33995,miasrec,recall,20,0.6985605836537514,TC-SACP-G w/o Sur.
diginetica,unpopular,33995,miasrec,recall,30,0.8199579348647672,TC-SACP-G w/o Sur.
diginetica,unpopular,33995,miasrec,recall,40,0.8860462059219824,TC-SACP-G w/o Sur.
diginetica,unpopular,33995,miasrec,recall,50,0.9279963193006672,TC-SACP-G w/o Sur.
diginetica,unpopular,33995,miasrec,mrr,10,0.0877045680629466,TC-SACP-G w/o Sur.
diginetica,unpopular,33995,miasrec,mrr,20,0.10982149143870643,TC-SACP-G w/o Sur.
diginetica,unpopular,33995,miasrec,mrr,30,0.11476980567004484,TC-SACP-G w/o Sur.
diginetica,unpopular,33995,miasrec,mrr,40,0.116664145492386,TC-SACP-G w/o Sur.
diginetica,unpopular,33995,miasrec,mrr,50,0.117598018093345,TC-SACP-G w/o Sur.
diginetica,unpopular,33995,srgnn,recall,10,0.15393210424266324,TC-SACP-G w/o Sur.
diginetica,unpopular,33995,srgnn,recall,20,0.2592099641789083,TC-SACP-G w/o Sur.
diginetica,unpopular,33995,srgnn,recall,30,0.3431266226297282,TC-SACP-G w/o Sur.
diginetica,unpopular,33995,srgnn,recall,40,0.4108087679516251,TC-SACP-G w/o Sur.
diginetica,unpopular,33995,srgnn,recall,50,0.46026816523710934,TC-SACP-G w/o Sur.
diginetica,unpopular,33995,srgnn,mrr,10,0.05554400120603455,TC-SACP-G w/o Sur.
diginetica,unpopular,33995,srgnn,mrr,20,0.06274326726976714,TC-SACP-G w/o Sur.
diginetica,unpopular,33995,srgnn,mrr,30,0.06609851277036037,TC-SACP-G w/o Sur.
diginetica,unpopular,33995,srgnn,mrr,40,0.06802462423352694,TC-SACP-G w/o Sur.
diginetica,unpopular,33995,srgnn,mrr,50,0.06911744413761774,TC-SACP-G w/o Sur.
diginetica,unpopular,33995,tron,recall,10,0.060238588188898747,TC-SACP-G w/o Sur.
diginetica,unpopular,33995,tron,recall,20,0.13209438364717868,TC-SACP-G w/o Sur.
diginetica,unpopular,33995,tron,recall,30,0.20641493312300765,TC-SACP-G w/o Sur.
diginetica,unpopular,33995,tron,recall,40,0.27598672319169215,TC-SACP-G w/o Sur.
diginetica,unpopular,33995,tron,recall,50,0.3396431036182589,TC-SACP-G w/o Sur.
diginetica,unpopular,33995,tron,mrr,10,0.015403421548053345,TC-SACP-G w/o Sur.
diginetica,unpopular,33995,tron,mrr,20,0.02016434113182005,TC-SACP-G w/o Sur.
diginetica,unpopular,33995,tron,mrr,30,0.023115130072324328,TC-SACP-G w/o Sur.
diginetica,unpopular,33995,tron,mrr,40,0.02509334413830516,TC-SACP-G w/o Sur.
diginetica,unpopular,33995,tron,mrr,50,0.026498274857891576,TC-SACP-G w/o Sur.
diginetica,unpopular,33995,wearec,recall,10,0.012915311051957014,TC-SACP-G w/o Sur.
diginetica,unpopular,33995,wearec,recall,20,0.04475993295869072,TC-SACP-G w/o Sur.
diginetica,unpopular,33995,wearec,recall,30,0.10113707318676263,TC-SACP-G w/o Sur.
diginetica,unpopular,33995,wearec,recall,40,0.20659568175096124,TC-SACP-G w/o Sur.
diginetica,unpopular,33995,wearec,recall,50,0.3485819448552368,TC-SACP-G w/o Sur.
diginetica,unpopular,33995,wearec,mrr,10,0.0021678946097264166,TC-SACP-G w/o Sur.
diginetica,unpopular,33995,wearec,mrr,20,0.0042266550916940935,TC-SACP-G w/o Sur.
diginetica,unpopular,33995,wearec,mrr,30,0.006419594028465937,TC-SACP-G w/o Sur.
diginetica,unpopular,33995,wearec,mrr,40,0.009378864657647642,TC-SACP-G w/o Sur.
diginetica,unpopular,33995,wearec,mrr,50,0.012513903289574722,TC-SACP-G w/o Sur.
diginetica,unpopular,3660,freqrec,recall,10,0.0038943113477274967,TC-SACP-G w/o Sur.
diginetica,unpopular,3660,freqrec,recall,20,0.014887114265996254,TC-SACP-G w/o Sur.
diginetica,unpopular,3660,freqrec,recall,30,0.03366853987972,TC-SACP-G w/o Sur.
diginetica,unpopular,3660,freqrec,recall,40,0.06344276841171251,TC-SACP-G w/o Sur.
diginetica,unpopular,3660,freqrec,recall,50,0.11071675046830326,TC-SACP-G w/o Sur.
diginetica,unpopular,3660,freqrec,mrr,10,0.000692380701993244,TC-SACP-G w/o Sur.
diginetica,unpopular,3660,freqrec,mrr,20,0.0013932344981526748,TC-SACP-G w/o Sur.
diginetica,unpopular,3660,freqrec,mrr,30,0.002127530182284397,TC-SACP-G w/o Sur.
diginetica,unpopular,3660,freqrec,mrr,40,0.0029647157359284216,TC-SACP-G w/o Sur.
diginetica,unpopular,3660,freqrec,mrr,50,0.00400582771193923,TC-SACP-G w/o Sur.
diginetica,unpopular,3660,mdhg,recall,10,0.999901409839298,TC-SACP-G w/o Sur.
diginetica,unpopular,3660,mdhg,recall,20,0.9999178415327483,TC-SACP-G w/o Sur.
diginetica,unpopular,3660,mdhg,recall,30,0.9999342732261987,TC-SACP-G w/o Sur.
diginetica,unpopular,3660,mdhg,recall,40,0.999950704919649,TC-SACP-G w/o Sur.
diginetica,unpopular,3660,mdhg,recall,50,0.999950704919649,TC-SACP-G w/o Sur.
diginetica,unpopular,3660,mdhg,mrr,10,0.9997993964091273,TC-SACP-G w/o Sur.
diginetica,unpopular,3660,mdhg,mrr,20,0.9998006603855466,TC-SACP-G w/o Sur.
diginetica,unpopular,3660,mdhg,mrr,30,0.9998012472317411,TC-SACP-G w/o Sur.
diginetica,unpopular,3660,mdhg,mrr,40,0.9998017607221615,TC-SACP-G w/o Sur.
diginetica,unpopular,3660,mdhg,mrr,50,0.9998017607221615,TC-SACP-G w/o Sur.
diginetica,unpopular,3660,miasrec,recall,10,0.16959150810082488,TC-SACP-G w/o Sur.
diginetica,unpopular,3660,miasrec,recall,20,0.4215715271615893,TC-SACP-G w/o Sur.
diginetica,unpopular,3660,miasrec,recall,30,0.6331295803345492,TC-SACP-G w/o Sur.
diginetica,unpopular,3660,miasrec,recall,40,0.775477340694732,TC-SACP-G w/o Sur.
diginetica,unpopular,3660,miasrec,recall,50,0.8642906437937494,TC-SACP-G w/o Sur.
diginetica,unpopular,3660,miasrec,mrr,10,0.04473502459798438,TC-SACP-G w/o Sur.
diginetica,unpopular,3660,miasrec,mrr,20,0.061561379670142954,TC-SACP-G w/o Sur.
diginetica,unpopular,3660,miasrec,mrr,30,0.07005871056316994,TC-SACP-G w/o Sur.
diginetica,unpopular,3660,miasrec,mrr,40,0.07413512473338973,TC-SACP-G w/o Sur.
diginetica,unpopular,3660,miasrec,mrr,50,0.07611223214358585,TC-SACP-G w/o Sur.
diginetica,unpopular,3660,srgnn,recall,10,0.15219034473692858,TC-SACP-G w/o Sur.
diginetica,unpopular,3660,srgnn,recall,20,0.2555128331525847,TC-SACP-G w/o Sur.
diginetica,unpopular,3660,srgnn,recall,30,0.34003746426106674,TC-SACP-G w/o Sur.
diginetica,unpopular,3660,srgnn,recall,40,0.4090834401393408,TC-SACP-G w/o Sur.
diginetica,unpopular,3660,srgnn,recall,50,0.46647934536133295,TC-SACP-G w/o Sur.
diginetica,unpopular,3660,srgnn,mrr,10,0.054722377410438144,TC-SACP-G w/o Sur.
diginetica,unpopular,3660,srgnn,mrr,20,0.061730261744962024,TC-SACP-G w/o Sur.
diginetica,unpopular,3660,srgnn,mrr,30,0.06512412479196956,TC-SACP-G w/o Sur.
diginetica,unpopular,3660,srgnn,mrr,40,0.06709270455851109,TC-SACP-G w/o Sur.
diginetica,unpopular,3660,srgnn,mrr,50,0.06836362238946117,TC-SACP-G w/o Sur.
diginetica,unpopular,3660,tron,recall,10,0.1870912616254231,TC-SACP-G w/o Sur.
diginetica,unpopular,3660,tron,recall,20,0.3377534588714713,TC-SACP-G w/o Sur.
diginetica,unpopular,3660,tron,recall,30,0.44393506194748433,TC-SACP-G w/o Sur.
diginetica,unpopular,3660,tron,recall,40,0.5286897367642709,TC-SACP-G w/o Sur.
diginetica,unpopular,3660,tron,recall,50,0.5939399914555195,TC-SACP-G w/o Sur.
diginetica,unpopular,3660,tron,mrr,10,0.04308534778070412,TC-SACP-G w/o Sur.
diginetica,unpopular,3660,tron,mrr,20,0.053404382332586785,TC-SACP-G w/o Sur.
diginetica,unpopular,3660,tron,mrr,30,0.057664866588653226,TC-SACP-G w/o Sur.
diginetica,unpopular,3660,tron,mrr,40,0.06008331138817953,TC-SACP-G w/o Sur.
diginetica,unpopular,3660,tron,mrr,50,0.06152946904027254,TC-SACP-G w/o Sur.
diginetica,unpopular,3660,wearec,recall,10,0.011912977751487069,TC-SACP-G w/o Sur.
diginetica,unpopular,3660,wearec,recall,20,0.04520358868184955,TC-SACP-G w/o Sur.
diginetica,unpopular,3660,wearec,recall,30,0.10839988169180716,TC-SACP-G w/o Sur.
diginetica,unpopular,3660,wearec,recall,40,0.21822932071379275,TC-SACP-G w/o Sur.
diginetica,unpopular,3660,wearec,recall,50,0.36121791711853823,TC-SACP-G w/o Sur.
diginetica,unpopular,3660,wearec,mrr,10,0.0019591664593143466,TC-SACP-G w/o Sur.
diginetica,unpopular,3660,wearec,mrr,20,0.004118933547678731,TC-SACP-G w/o Sur.
diginetica,unpopular,3660,wearec,mrr,30,0.006574678985511351,TC-SACP-G w/o Sur.
diginetica,unpopular,3660,wearec,mrr,40,0.009659934140736605,TC-SACP-G w/o Sur.
diginetica,unpopular,3660,wearec,mrr,50,0.012801908269265286,TC-SACP-G w/o Sur.
diginetica,unpopular,8829,freqrec,recall,10,0.004058628282230766,TC-SACP-G w/o Sur.
diginetica,unpopular,8829,freqrec,recall,20,0.014919977652896908,TC-SACP-G w/o Sur.
diginetica,unpopular,8829,freqrec,recall,30,0.03435867100463374,TC-SACP-G w/o Sur.
diginetica,unpopular,8829,freqrec,recall,40,0.0694074731341812,TC-SACP-G w/o Sur.
diginetica,unpopular,8829,freqrec,recall,50,0.12009924742843997,TC-SACP-G w/o Sur.
diginetica,unpopular,8829,freqrec,mrr,10,0.0007337403176898411,TC-SACP-G w/o Sur.
diginetica,unpopular,8829,freqrec,mrr,20,0.0014426828515049686,TC-SACP-G w/o Sur.
diginetica,unpopular,8829,freqrec,mrr,30,0.0021987119670677136,TC-SACP-G w/o Sur.
diginetica,unpopular,8829,freqrec,mrr,40,0.0031828960594286275,TC-SACP-G w/o Sur.
diginetica,unpopular,8829,freqrec,mrr,50,0.004296452534849903,TC-SACP-G w/o Sur.
diginetica,unpopular,8829,mdhg,recall,10,0.0048802129547471165,TC-SACP-G w/o Sur.
diginetica,unpopular,8829,mdhg,recall,20,0.01048342042130862,TC-SACP-G w/o Sur.
diginetica,unpopular,8829,mdhg,recall,30,0.017680502152551843,TC-SACP-G w/o Sur.
diginetica,unpopular,8829,mdhg,recall,40,0.02560057839560945,TC-SACP-G w/o Sur.
diginetica,unpopular,8829,mdhg,recall,50,0.03734923921259325,TC-SACP-G w/o Sur.
diginetica,unpopular,8829,mdhg,mrr,10,0.0013070042831947618,TC-SACP-G w/o Sur.
diginetica,unpopular,8829,mdhg,mrr,20,0.001679097580833564,TC-SACP-G w/o Sur.
diginetica,unpopular,8829,mdhg,mrr,30,0.0019620158342173143,TC-SACP-G w/o Sur.
diginetica,unpopular,8829,mdhg,mrr,40,0.0021865003733261197,TC-SACP-G w/o Sur.
diginetica,unpopular,8829,mdhg,mrr,50,0.00244173970939296,TC-SACP-G w/o Sur.
diginetica,unpopular,8829,miasrec,recall,10,0.34711952413815766,TC-SACP-G w/o Sur.
diginetica,unpopular,8829,miasrec,recall,20,0.6334746458970062,TC-SACP-G w/o Sur.
diginetica,unpopular,8829,miasrec,recall,30,0.7613296526340004,TC-SACP-G w/o Sur.
diginetica,unpopular,8829,miasrec,recall,40,0.8260705248282888,TC-SACP-G w/o Sur.
diginetica,unpopular,8829,miasrec,recall,50,0.8627296329159683,TC-SACP-G w/o Sur.
diginetica,unpopular,8829,miasrec,mrr,10,0.081088255407986,TC-SACP-G w/o Sur.
diginetica,unpopular,8829,miasrec,mrr,20,0.10103203377560244,TC-SACP-G w/o Sur.
diginetica,unpopular,8829,miasrec,mrr,30,0.10623014697856856,TC-SACP-G w/o Sur.
diginetica,unpopular,8829,miasrec,mrr,40,0.10809248460851868,TC-SACP-G w/o Sur.
diginetica,unpopular,8829,miasrec,mrr,50,0.1089097873786862,TC-SACP-G w/o Sur.
diginetica,unpopular,8829,srgnn,recall,10,0.1512866015971606,TC-SACP-G w/o Sur.
diginetica,unpopular,8829,srgnn,recall,20,0.2553813796049821,TC-SACP-G w/o Sur.
diginetica,unpopular,8829,srgnn,recall,30,0.33211738801800916,TC-SACP-G w/o Sur.
diginetica,unpopular,8829,srgnn,recall,40,0.3978605935127674,TC-SACP-G w/o Sur.
diginetica,unpopular,8829,srgnn,recall,50,0.4461204771763778,TC-SACP-G w/o Sur.
diginetica,unpopular,8829,srgnn,mrr,10,0.05245997448131937,TC-SACP-G w/o Sur.
diginetica,unpopular,8829,srgnn,mrr,20,0.05955310053000965,TC-SACP-G w/o Sur.
diginetica,unpopular,8829,srgnn,mrr,30,0.0626097549332619,TC-SACP-G w/o Sur.
diginetica,unpopular,8829,srgnn,mrr,40,0.06448276641662352,TC-SACP-G w/o Sur.
diginetica,unpopular,8829,srgnn,mrr,50,0.06554909696470257,TC-SACP-G w/o Sur.
diginetica,unpopular,8829,tron,recall,10,0.11541621479509678,TC-SACP-G w/o Sur.
diginetica,unpopular,8829,tron,recall,20,0.23038877386703474,TC-SACP-G w/o Sur.
diginetica,unpopular,8829,tron,recall,30,0.3322652732590621,TC-SACP-G w/o Sur.
diginetica,unpopular,8829,tron,recall,40,0.41255052745735976,TC-SACP-G w/o Sur.
diginetica,unpopular,8829,tron,recall,50,0.4807420552762168,TC-SACP-G w/o Sur.
diginetica,unpopular,8829,tron,mrr,10,0.03180371872696582,TC-SACP-G w/o Sur.
diginetica,unpopular,8829,tron,mrr,20,0.03953552998432638,TC-SACP-G w/o Sur.
diginetica,unpopular,8829,tron,mrr,30,0.04360235114768254,TC-SACP-G w/o Sur.
diginetica,unpopular,8829,tron,mrr,40,0.04589025791501363,TC-SACP-G w/o Sur.
diginetica,unpopular,8829,tron,mrr,50,0.04740131246326462,TC-SACP-G w/o Sur.
diginetica,unpopular,8829,wearec,recall,10,0.013424693548917151,TC-SACP-G w/o Sur.
diginetica,unpopular,8829,wearec,recall,20,0.039238883959380855,TC-SACP-G w/o Sur.
diginetica,unpopular,8829,wearec,recall,30,0.08763022117059384,TC-SACP-G w/o Sur.
diginetica,unpopular,8829,wearec,recall,40,0.16471129514607777,TC-SACP-G w/o Sur.
diginetica,unpopular,8829,wearec,recall,50,0.2854513786190805,TC-SACP-G w/o Sur.
diginetica,unpopular,8829,wearec,mrr,10,0.004644307305009264,TC-SACP-G w/o Sur.
diginetica,unpopular,8829,wearec,mrr,20,0.006335751926366087,TC-SACP-G w/o Sur.
diginetica,unpopular,8829,wearec,mrr,30,0.008220167942197936,TC-SACP-G w/o Sur.
diginetica,unpopular,8829,wearec,mrr,40,0.010379950705691475,TC-SACP-G w/o Sur.
diginetica,unpopular,8829,wearec,mrr,50,0.013029013296120983,TC-SACP-G w/o Sur.
yoochoose1_64,unpopular,1440,freqrec,recall,10,0.015152599377437475,TC-SACP-G w/o Sur.
yoochoose1_64,unpopular,1440,freqrec,recall,20,0.16766252817632116,TC-SACP-G w/o Sur.
yoochoose1_64,unpopular,1440,freqrec,recall,30,0.29723782604028764,TC-SACP-G w/o Sur.
yoochoose1_64,unpopular,1440,freqrec,recall,40,0.3809259723067015,TC-SACP-G w/o Sur.
yoochoose1_64,unpopular,1440,freqrec,recall,50,0.4521986475365845,TC-SACP-G w/o Sur.
yoochoose1_64,unpopular,1440,freqrec,mrr,10,0.0021682420985616045,TC-SACP-G w/o Sur.
yoochoose1_64,unpopular,1440,freqrec,mrr,20,0.011555713175143091,TC-SACP-G w/o Sur.
yoochoose1_64,unpopular,1440,freqrec,mrr,30,0.016837609650757233,TC-SACP-G w/o Sur.
yoochoose1_64,unpopular,1440,freqrec,mrr,40,0.019211112694379535,TC-SACP-G w/o Sur.
yoochoose1_64,unpopular,1440,freqrec,mrr,50,0.020789159347414574,TC-SACP-G w/o Sur.
yoochoose1_64,unpopular,1440,mdhg,recall,10,1,TC-SACP-G w/o Sur.
yoochoose1_64,unpopular,1440,mdhg,recall,20,1,TC-SACP-G w/o Sur.
yoochoose1_64,unpopular,1440,mdhg,recall,30,1,TC-SACP-G w/o Sur.
yoochoose1_64,unpopular,1440,mdhg,recall,40,1,TC-SACP-G w/o Sur.
yoochoose1_64,unpopular,1440,mdhg,recall,50,1,TC-SACP-G w/o Sur.
yoochoose1_64,unpopular,1440,mdhg,mrr,10,0.9960463701742465,TC-SACP-G w/o Sur.
yoochoose1_64,unpopular,1440,mdhg,mrr,20,0.9960463701742465,TC-SACP-G w/o Sur.
yoochoose1_64,unpopular,1440,mdhg,mrr,30,0.9960463701742465,TC-SACP-G w/o Sur.
yoochoose1_64,unpopular,1440,mdhg,mrr,40,0.9960463701742465,TC-SACP-G w/o Sur.
yoochoose1_64,unpopular,1440,mdhg,mrr,50,0.9960463701742465,TC-SACP-G w/o Sur.
yoochoose1_64,unpopular,1440,miasrec,recall,10,0.1264088160578196,TC-SACP-G w/o Sur.
yoochoose1_64,unpopular,1440,miasrec,recall,20,0.3845575870335253,TC-SACP-G w/o Sur.
yoochoose1_64,unpopular,1440,miasrec,recall,30,0.49039321621524923,TC-SACP-G w/o Sur.
yoochoose1_64,unpopular,1440,miasrec,recall,40,0.5734015528283659,TC-SACP-G w/o Sur.
yoochoose1_64,unpopular,1440,miasrec,recall,50,0.6374109986046013,TC-SACP-G w/o Sur.
yoochoose1_64,unpopular,1440,miasrec,mrr,10,0.021450869696334432,TC-SACP-G w/o Sur.
yoochoose1_64,unpopular,1440,miasrec,mrr,20,0.039218551477127994,TC-SACP-G w/o Sur.
yoochoose1_64,unpopular,1440,miasrec,mrr,30,0.04352752635630829,TC-SACP-G w/o Sur.
yoochoose1_64,unpopular,1440,miasrec,mrr,40,0.04588888273900972,TC-SACP-G w/o Sur.
yoochoose1_64,unpopular,1440,miasrec,mrr,50,0.04731218914963572,TC-SACP-G w/o Sur.
yoochoose1_64,unpopular,1440,srgnn,recall,10,0.20889835056710437,TC-SACP-G w/o Sur.
yoochoose1_64,unpopular,1440,srgnn,recall,20,0.3619807506529751,TC-SACP-G w/o Sur.
yoochoose1_64,unpopular,1440,srgnn,recall,30,0.4649003542166088,TC-SACP-G w/o Sur.
yoochoose1_64,unpopular,1440,srgnn,recall,40,0.5512719596407742,TC-SACP-G w/o Sur.
yoochoose1_64,unpopular,1440,srgnn,recall,50,0.622168950588572,TC-SACP-G w/o Sur.
yoochoose1_64,unpopular,1440,srgnn,mrr,10,0.0472316214283726,TC-SACP-G w/o Sur.
yoochoose1_64,unpopular,1440,srgnn,mrr,20,0.057758052319099654,TC-SACP-G w/o Sur.
yoochoose1_64,unpopular,1440,srgnn,mrr,30,0.06192734883556169,TC-SACP-G w/o Sur.
yoochoose1_64,unpopular,1440,srgnn,mrr,40,0.0643944526845206,TC-SACP-G w/o Sur.
yoochoose1_64,unpopular,1440,srgnn,mrr,50,0.06595805866580828,TC-SACP-G w/o Sur.
yoochoose1_64,unpopular,1440,tron,recall,10,0.5342846386892064,TC-SACP-G w/o Sur.
yoochoose1_64,unpopular,1440,tron,recall,20,0.7104494200742162,TC-SACP-G w/o Sur.
yoochoose1_64,unpopular,1440,tron,recall,30,0.7895236900130864,TC-SACP-G w/o Sur.
yoochoose1_64,unpopular,1440,tron,recall,40,0.8341430184823333,TC-SACP-G w/o Sur.
yoochoose1_64,unpopular,1440,tron,recall,50,0.866231647634584,TC-SACP-G w/o Sur.
yoochoose1_64,unpopular,1440,tron,mrr,10,0.1816756484666145,TC-SACP-G w/o Sur.
yoochoose1_64,unpopular,1440,tron,mrr,20,0.19392780764974832,TC-SACP-G w/o Sur.
yoochoose1_64,unpopular,1440,tron,mrr,30,0.1971417238514222,TC-SACP-G w/o Sur.
yoochoose1_64,unpopular,1440,tron,mrr,40,0.1984193414647472,TC-SACP-G w/o Sur.
yoochoose1_64,unpopular,1440,tron,mrr,50,0.19913070401088476,TC-SACP-G w/o Sur.
yoochoose1_64,unpopular,1440,wearec,recall,10,0.04849905184443093,TC-SACP-G w/o Sur.
yoochoose1_64,unpopular,1440,wearec,recall,20,0.2858062900282658,TC-SACP-G w/o Sur.
yoochoose1_64,unpopular,1440,wearec,recall,30,0.4103187949479409,TC-SACP-G w/o Sur.
yoochoose1_64,unpopular,1440,wearec,recall,40,0.5653332856273927,TC-SACP-G w/o Sur.
yoochoose1_64,unpopular,1440,wearec,recall,50,0.6896668932698844,TC-SACP-G w/o Sur.
yoochoose1_64,unpopular,1440,wearec,mrr,10,0.0059383957287281455,TC-SACP-G w/o Sur.
yoochoose1_64,unpopular,1440,wearec,mrr,20,0.021853573726757676,TC-SACP-G w/o Sur.
yoochoose1_64,unpopular,1440,wearec,mrr,30,0.02682804883066822,TC-SACP-G w/o Sur.
yoochoose1_64,unpopular,1440,wearec,mrr,40,0.031226537327871,TC-SACP-G w/o Sur.
yoochoose1_64,unpopular,1440,wearec,mrr,50,0.03397917613883201,TC-SACP-G w/o Sur.
yoochoose1_64,unpopular,14514,freqrec,recall,10,0.0118787792049805,TC-SACP-G w/o Sur.
yoochoose1_64,unpopular,14514,freqrec,recall,20,0.17163404772979354,TC-SACP-G w/o Sur.
yoochoose1_64,unpopular,14514,freqrec,recall,30,0.2943218004221976,TC-SACP-G w/o Sur.
yoochoose1_64,unpopular,14514,freqrec,recall,40,0.4100325593044474,TC-SACP-G w/o Sur.
yoochoose1_64,unpopular,14514,freqrec,recall,50,0.5483022648395292,TC-SACP-G w/o Sur.
yoochoose1_64,unpopular,14514,freqrec,mrr,10,0.0016926167105958889,TC-SACP-G w/o Sur.
yoochoose1_64,unpopular,14514,freqrec,mrr,20,0.01209677352864354,TC-SACP-G w/o Sur.
yoochoose1_64,unpopular,14514,freqrec,mrr,30,0.016962159307667993,TC-SACP-G w/o Sur.
yoochoose1_64,unpopular,14514,freqrec,mrr,40,0.02022794205834385,TC-SACP-G w/o Sur.
yoochoose1_64,unpopular,14514,freqrec,mrr,50,0.023277953811160705,TC-SACP-G w/o Sur.
yoochoose1_64,unpopular,14514,mdhg,recall,10,0.9964399441840495,TC-SACP-G w/o Sur.
yoochoose1_64,unpopular,14514,mdhg,recall,20,0.9966009517335146,TC-SACP-G w/o Sur.
yoochoose1_64,unpopular,14514,mdhg,recall,30,0.9967440695552614,TC-SACP-G w/o Sur.
yoochoose1_64,unpopular,14514,mdhg,recall,40,0.9967440695552614,TC-SACP-G w/o Sur.
yoochoose1_64,unpopular,14514,mdhg,recall,50,0.9967977387384164,TC-SACP-G w/o Sur.
yoochoose1_64,unpopular,14514,mdhg,mrr,10,0.9933029733295389,TC-SACP-G w/o Sur.
yoochoose1_64,unpopular,14514,mdhg,mrr,20,0.9933137191854847,TC-SACP-G w/o Sur.
yoochoose1_64,unpopular,14514,mdhg,mrr,30,0.993319333344001,TC-SACP-G w/o Sur.
yoochoose1_64,unpopular,14514,mdhg,mrr,40,0.993319333344001,TC-SACP-G w/o Sur.
yoochoose1_64,unpopular,14514,mdhg,mrr,50,0.9933205430303516,TC-SACP-G w/o Sur.
yoochoose1_64,unpopular,14514,miasrec,recall,10,0.21771798633224804,TC-SACP-G w/o Sur.
yoochoose1_64,unpopular,14514,miasrec,recall,20,0.429818598160936,TC-SACP-G w/o Sur.
yoochoose1_64,unpopular,14514,miasrec,recall,30,0.5579806075351533,TC-SACP-G w/o Sur.
yoochoose1_64,unpopular,14514,miasrec,recall,40,0.636051379298007,TC-SACP-G w/o Sur.
yoochoose1_64,unpopular,14514,miasrec,recall,50,0.6964471000751369,TC-SACP-G w/o Sur.
yoochoose1_64,unpopular,14514,miasrec,mrr,10,0.04001579265408001,TC-SACP-G w/o Sur.
yoochoose1_64,unpopular,14514,miasrec,mrr,20,0.05487261887517975,TC-SACP-G w/o Sur.
yoochoose1_64,unpopular,14514,miasrec,mrr,30,0.060078531795363425,TC-SACP-G w/o Sur.
yoochoose1_64,unpopular,14514,miasrec,mrr,40,0.062309592344462254,TC-SACP-G w/o Sur.
yoochoose1_64,unpopular,14514,miasrec,mrr,50,0.06365573206149013,TC-SACP-G w/o Sur.
yoochoose1_64,unpopular,14514,srgnn,recall,10,0.1897742316361945,TC-SACP-G w/o Sur.
yoochoose1_64,unpopular,14514,srgnn,recall,20,0.3635729364199077,TC-SACP-G w/o Sur.
yoochoose1_64,unpopular,14514,srgnn,recall,30,0.4590146337972736,TC-SACP-G w/o Sur.
yoochoose1_64,unpopular,14514,srgnn,recall,40,0.526924040216108,TC-SACP-G w/o Sur.
yoochoose1_64,unpopular,14514,srgnn,recall,50,0.5930802533185445,TC-SACP-G w/o Sur.
yoochoose1_64,unpopular,14514,srgnn,mrr,10,0.04488155722412746,TC-SACP-G w/o Sur.
yoochoose1_64,unpopular,14514,srgnn,mrr,20,0.05701489884419111,TC-SACP-G w/o Sur.
yoochoose1_64,unpopular,14514,srgnn,mrr,30,0.060861515530716385,TC-SACP-G w/o Sur.
yoochoose1_64,unpopular,14514,srgnn,mrr,40,0.0627871591656244,TC-SACP-G w/o Sur.
yoochoose1_64,unpopular,14514,srgnn,mrr,50,0.06424334377426046,TC-SACP-G w/o Sur.
yoochoose1_64,unpopular,14514,tron,recall,10,0.36896545542548803,TC-SACP-G w/o Sur.
yoochoose1_64,unpopular,14514,tron,recall,20,0.5084344692827564,TC-SACP-G w/o Sur.
yoochoose1_64,unpopular,14514,tron,recall,30,0.5853933994227632,TC-SACP-G w/o Sur.
yoochoose1_64,unpopular,14514,tron,recall,40,0.6424358675582167,TC-SACP-G w/o Sur.
yoochoose1_64,unpopular,14514,tron,recall,50,0.686266425255006,TC-SACP-G w/o Sur.
yoochoose1_64,unpopular,14514,tron,mrr,10,0.12415914958445465,TC-SACP-G w/o Sur.
yoochoose1_64,unpopular,14514,tron,mrr,20,0.1338611558520162,TC-SACP-G w/o Sur.
yoochoose1_64,unpopular,14514,tron,mrr,30,0.1369598524439324,TC-SACP-G w/o Sur.
yoochoose1_64,unpopular,14514,tron,mrr,40,0.13858752966031138,TC-SACP-G w/o Sur.
yoochoose1_64,unpopular,14514,tron,mrr,50,0.13955639177002152,TC-SACP-G w/o Sur.
yoochoose1_64,unpopular,14514,wearec,recall,10,0.0335253497441769,TC-SACP-G w/o Sur.
yoochoose1_64,unpopular,14514,wearec,recall,20,0.22394361157823178,TC-SACP-G w/o Sur.
yoochoose1_64,unpopular,14514,wearec,recall,30,0.3598160935990554,TC-SACP-G w/o Sur.
yoochoose1_64,unpopular,14514,wearec,recall,40,0.4674406955526137,TC-SACP-G w/o Sur.
yoochoose1_64,unpopular,14514,wearec,recall,50,0.590038999606426,TC-SACP-G w/o Sur.
yoochoose1_64,unpopular,14514,wearec,mrr,10,0.005214692350636354,TC-SACP-G w/o Sur.
yoochoose1_64,unpopular,14514,wearec,mrr,20,0.017441556730843046,TC-SACP-G w/o Sur.
yoochoose1_64,unpopular,14514,wearec,mrr,30,0.022963378083222376,TC-SACP-G w/o Sur.
yoochoose1_64,unpopular,14514,wearec,mrr,40,0.02599323849833619,TC-SACP-G w/o Sur.
yoochoose1_64,unpopular,14514,wearec,mrr,50,0.028703412142460763,TC-SACP-G w/o Sur.
yoochoose1_64,unpopular,16571,freqrec,recall,10,0.010268703710329528,TC-SACP-G w/o Sur.
yoochoose1_64,unpopular,16571,freqrec,recall,20,0.1355325771941751,TC-SACP-G w/o Sur.
yoochoose1_64,unpopular,16571,freqrec,recall,30,0.258005653153959,TC-SACP-G w/o Sur.
yoochoose1_64,unpopular,16571,freqrec,recall,40,0.34994096389852947,TC-SACP-G w/o Sur.
yoochoose1_64,unpopular,16571,freqrec,recall,50,0.43141078392786864,TC-SACP-G w/o Sur.
yoochoose1_64,unpopular,16571,freqrec,mrr,10,0.0014453125221846855,TC-SACP-G w/o Sur.
yoochoose1_64,unpopular,16571,freqrec,mrr,20,0.009340179886396769,TC-SACP-G w/o Sur.
yoochoose1_64,unpopular,16571,freqrec,mrr,30,0.01426954007836894,TC-SACP-G w/o Sur.
yoochoose1_64,unpopular,16571,freqrec,mrr,40,0.016882065808091564,TC-SACP-G w/o Sur.
yoochoose1_64,unpopular,16571,freqrec,mrr,50,0.01868294339013117,TC-SACP-G w/o Sur.
yoochoose1_64,unpopular,16571,mdhg,recall,10,0.049143082042291314,TC-SACP-G w/o Sur.
yoochoose1_64,unpopular,16571,mdhg,recall,20,0.1832444810189989,TC-SACP-G w/o Sur.
yoochoose1_64,unpopular,16571,mdhg,recall,30,0.24777272889906615,TC-SACP-G w/o Sur.
yoochoose1_64,unpopular,16571,mdhg,recall,40,0.2990446885398404,TC-SACP-G w/o Sur.
yoochoose1_64,unpopular,16571,mdhg,recall,50,0.39076532255179075,TC-SACP-G w/o Sur.
yoochoose1_64,unpopular,16571,mdhg,mrr,10,0.008057597256226979,TC-SACP-G w/o Sur.
yoochoose1_64,unpopular,16571,mdhg,mrr,20,0.01778683407989787,TC-SACP-G w/o Sur.
yoochoose1_64,unpopular,16571,mdhg,mrr,30,0.0203410594875599,TC-SACP-G w/o Sur.
yoochoose1_64,unpopular,16571,mdhg,mrr,40,0.021782561850468507,TC-SACP-G w/o Sur.
yoochoose1_64,unpopular,16571,mdhg,mrr,50,0.02376588305480638,TC-SACP-G w/o Sur.
yoochoose1_64,unpopular,16571,miasrec,recall,10,0.17490786790225052,TC-SACP-G w/o Sur.
yoochoose1_64,unpopular,16571,miasrec,recall,20,0.44481018998890837,TC-SACP-G w/o Sur.
yoochoose1_64,unpopular,16571,miasrec,recall,30,0.5948155569072239,TC-SACP-G w/o Sur.
yoochoose1_64,unpopular,16571,miasrec,recall,40,0.6975920426491109,TC-SACP-G w/o Sur.
yoochoose1_64,unpopular,16571,miasrec,recall,50,0.7735697162689184,TC-SACP-G w/o Sur.
yoochoose1_64,unpopular,16571,miasrec,mrr,10,0.02883265409160697,TC-SACP-G w/o Sur.
yoochoose1_64,unpopular,16571,miasrec,mrr,20,0.04753779792103311,TC-SACP-G w/o Sur.
yoochoose1_64,unpopular,16571,miasrec,mrr,30,0.05357894370239503,TC-SACP-G w/o Sur.
yoochoose1_64,unpopular,16571,miasrec,mrr,40,0.056512515615656476,TC-SACP-G w/o Sur.
yoochoose1_64,unpopular,16571,miasrec,mrr,50,0.0582020688442858,TC-SACP-G w/o Sur.
yoochoose1_64,unpopular,16571,srgnn,recall,10,0.21190382482378617,TC-SACP-G w/o Sur.
yoochoose1_64,unpopular,16571,srgnn,recall,20,0.36631006476081435,TC-SACP-G w/o Sur.
yoochoose1_64,unpopular,16571,srgnn,recall,30,0.4562596157286486,TC-SACP-G w/o Sur.
yoochoose1_64,unpopular,16571,srgnn,recall,40,0.5269777093992629,TC-SACP-G w/o Sur.
yoochoose1_64,unpopular,16571,srgnn,recall,50,0.5966581988622133,TC-SACP-G w/o Sur.
yoochoose1_64,unpopular,16571,srgnn,mrr,10,0.048085018233323826,TC-SACP-G w/o Sur.
yoochoose1_64,unpopular,16571,srgnn,mrr,20,0.05871997616028017,TC-SACP-G w/o Sur.
yoochoose1_64,unpopular,16571,srgnn,mrr,30,0.062354778846714316,TC-SACP-G w/o Sur.
yoochoose1_64,unpopular,16571,srgnn,mrr,40,0.06435616516942165,TC-SACP-G w/o Sur.
yoochoose1_64,unpopular,16571,srgnn,mrr,50,0.06590103891659956,TC-SACP-G w/o Sur.
yoochoose1_64,unpopular,16571,tron,recall,10,0.4753778032733987,TC-SACP-G w/o Sur.
yoochoose1_64,unpopular,16571,tron,recall,20,0.6289550579925783,TC-SACP-G w/o Sur.
yoochoose1_64,unpopular,16571,tron,recall,30,0.709535163042504,TC-SACP-G w/o Sur.
yoochoose1_64,unpopular,16571,tron,recall,40,0.7565745836545184,TC-SACP-G w/o Sur.
yoochoose1_64,unpopular,16571,tron,recall,50,0.7926429198859868,TC-SACP-G w/o Sur.
yoochoose1_64,unpopular,16571,tron,mrr,10,0.16856134556554284,TC-SACP-G w/o Sur.
yoochoose1_64,unpopular,16571,tron,mrr,20,0.17932363577264737,TC-SACP-G w/o Sur.
yoochoose1_64,unpopular,16571,tron,mrr,30,0.18259163378827625,TC-SACP-G w/o Sur.
yoochoose1_64,unpopular,16571,tron,mrr,40,0.18393871024899058,TC-SACP-G w/o Sur.
yoochoose1_64,unpopular,16571,tron,mrr,50,0.18474025664345173,TC-SACP-G w/o Sur.
yoochoose1_64,unpopular,16571,wearec,recall,10,0.03667394182260546,TC-SACP-G w/o Sur.
yoochoose1_64,unpopular,16571,wearec,recall,20,0.28331961787541593,TC-SACP-G w/o Sur.
yoochoose1_64,unpopular,16571,wearec,recall,30,0.455186232065548,TC-SACP-G w/o Sur.
yoochoose1_64,unpopular,16571,wearec,recall,40,0.6202010805395541,TC-SACP-G w/o Sur.
yoochoose1_64,unpopular,16571,wearec,recall,50,0.7791870907724785,TC-SACP-G w/o Sur.
yoochoose1_64,unpopular,16571,wearec,mrr,10,0.008436632312710196,TC-SACP-G w/o Sur.
yoochoose1_64,unpopular,16571,wearec,mrr,20,0.02435157511800778,TC-SACP-G w/o Sur.
yoochoose1_64,unpopular,16571,wearec,mrr,30,0.03124141774515945,TC-SACP-G w/o Sur.
yoochoose1_64,unpopular,16571,wearec,mrr,40,0.03593680552532724,TC-SACP-G w/o Sur.
yoochoose1_64,unpopular,16571,wearec,mrr,50,0.03947253044158606,TC-SACP-G w/o Sur.
yoochoose1_64,unpopular,17290,freqrec,recall,10,0.00840817202762174,TC-SACP-G w/o Sur.
yoochoose1_64,unpopular,17290,freqrec,recall,20,0.10902000071558911,TC-SACP-G w/o Sur.
yoochoose1_64,unpopular,17290,freqrec,recall,30,0.22111703459873341,TC-SACP-G w/o Sur.
yoochoose1_64,unpopular,17290,freqrec,recall,40,0.33521771798633226,TC-SACP-G w/o Sur.
yoochoose1_64,unpopular,17290,freqrec,recall,50,0.42963970088375253,TC-SACP-G w/o Sur.
yoochoose1_64,unpopular,17290,freqrec,mrr,10,0.0012229758624978549,TC-SACP-G w/o Sur.
yoochoose1_64,unpopular,17290,freqrec,mrr,20,0.0076292123721071504,TC-SACP-G w/o Sur.
yoochoose1_64,unpopular,17290,freqrec,mrr,30,0.012109372221560362,TC-SACP-G w/o Sur.
yoochoose1_64,unpopular,17290,freqrec,mrr,40,0.015366632276491947,TC-SACP-G w/o Sur.
yoochoose1_64,unpopular,17290,freqrec,mrr,50,0.01747144987385877,TC-SACP-G w/o Sur.
yoochoose1_64,unpopular,17290,mdhg,recall,10,0.056084296397008834,TC-SACP-G w/o Sur.
yoochoose1_64,unpopular,17290,mdhg,recall,20,0.18828938423557193,TC-SACP-G w/o Sur.
yoochoose1_64,unpopular,17290,mdhg,recall,30,0.2518336970911303,TC-SACP-G w/o Sur.
yoochoose1_64,unpopular,17290,mdhg,recall,40,0.32430498407814234,TC-SACP-G w/o Sur.
yoochoose1_64,unpopular,17290,mdhg,recall,50,0.41722422984722174,TC-SACP-G w/o Sur.
yoochoose1_64,unpopular,17290,mdhg,mrr,10,0.010212649230145431,TC-SACP-G w/o Sur.
yoochoose1_64,unpopular,17290,mdhg,mrr,20,0.020017329022017732,TC-SACP-G w/o Sur.
yoochoose1_64,unpopular,17290,mdhg,mrr,30,0.02253228219459239,TC-SACP-G w/o Sur.
yoochoose1_64,unpopular,17290,mdhg,mrr,40,0.024579177492255192,TC-SACP-G w/o Sur.
yoochoose1_64,unpopular,17290,mdhg,mrr,50,0.026617576461469606,TC-SACP-G w/o Sur.
yoochoose1_64,unpopular,17290,miasrec,recall,10,0.15326129736305413,TC-SACP-G w/o Sur.
yoochoose1_64,unpopular,17290,miasrec,recall,20,0.3664889620379978,TC-SACP-G w/o Sur.
yoochoose1_64,unpopular,17290,miasrec,recall,30,0.5019320905935811,TC-SACP-G w/o Sur.
yoochoose1_64,unpopular,17290,miasrec,recall,40,0.5752620845110737,TC-SACP-G w/o Sur.
yoochoose1_64,unpopular,17290,miasrec,recall,50,0.6381086979856166,TC-SACP-G w/o Sur.
yoochoose1_64,unpopular,17290,miasrec,mrr,10,0.02884553185592529,TC-SACP-G w/o Sur.
yoochoose1_64,unpopular,17290,miasrec,mrr,20,0.04377525941910197,TC-SACP-G w/o Sur.
yoochoose1_64,unpopular,17290,miasrec,mrr,30,0.049248315129054025,TC-SACP-G w/o Sur.
yoochoose1_64,unpopular,17290,miasrec,mrr,40,0.05134592642340304,TC-SACP-G w/o Sur.
yoochoose1_64,unpopular,17290,miasrec,mrr,50,0.05274112521192917,TC-SACP-G w/o Sur.
yoochoose1_64,unpopular,17290,srgnn,recall,10,0.1844609825038463,TC-SACP-G w/o Sur.
yoochoose1_64,unpopular,17290,srgnn,recall,20,0.35403771154603025,TC-SACP-G w/o Sur.
yoochoose1_64,unpopular,17290,srgnn,recall,30,0.4747397044616981,TC-SACP-G w/o Sur.
yoochoose1_64,unpopular,17290,srgnn,recall,40,0.5731689863680275,TC-SACP-G w/o Sur.
yoochoose1_64,unpopular,17290,srgnn,recall,50,0.6443164335038821,TC-SACP-G w/o Sur.
yoochoose1_64,unpopular,17290,srgnn,mrr,10,0.04258394825722798,TC-SACP-G w/o Sur.
yoochoose1_64,unpopular,17290,srgnn,mrr,20,0.05444335718886629,TC-SACP-G w/o Sur.
yoochoose1_64,unpopular,17290,srgnn,mrr,30,0.059247842894727676,TC-SACP-G w/o Sur.
yoochoose1_64,unpopular,17290,srgnn,mrr,40,0.06207932357750465,TC-SACP-G w/o Sur.
yoochoose1_64,unpopular,17290,srgnn,mrr,50,0.06365653900722627,TC-SACP-G w/o Sur.
yoochoose1_64,unpopular,17290,tron,recall,10,0.2873097538676658,TC-SACP-G w/o Sur.
yoochoose1_64,unpopular,17290,tron,recall,20,0.519853718874926,TC-SACP-G w/o Sur.
yoochoose1_64,unpopular,17290,tron,recall,30,0.6560242367746446,TC-SACP-G w/o Sur.
yoochoose1_64,unpopular,17290,tron,recall,40,0.7425559758349318,TC-SACP-G w/o Sur.
yoochoose1_64,unpopular,17290,tron,recall,50,0.8047613072082893,TC-SACP-G w/o Sur.
yoochoose1_64,unpopular,17290,tron,mrr,10,0.0679871676783828,TC-SACP-G w/o Sur.
yoochoose1_64,unpopular,17290,tron,mrr,20,0.08407551418918398,TC-SACP-G w/o Sur.
yoochoose1_64,unpopular,17290,tron,mrr,30,0.08958637042403708,TC-SACP-G w/o Sur.
yoochoose1_64,unpopular,17290,tron,mrr,40,0.09207248672491969,TC-SACP-G w/o Sur.
yoochoose1_64,unpopular,17290,tron,mrr,50,0.09345176216285486,TC-SACP-G w/o Sur.
yoochoose1_64,unpopular,17290,wearec,recall,10,0.04019821818311925,TC-SACP-G w/o Sur.
yoochoose1_64,unpopular,17290,wearec,recall,20,0.26231707753407996,TC-SACP-G w/o Sur.
yoochoose1_64,unpopular,17290,wearec,recall,30,0.4116963039822534,TC-SACP-G w/o Sur.
yoochoose1_64,unpopular,17290,wearec,recall,40,0.5390353858814269,TC-SACP-G w/o Sur.
yoochoose1_64,unpopular,17290,wearec,recall,50,0.6463737521914916,TC-SACP-G w/o Sur.
yoochoose1_64,unpopular,17290,wearec,mrr,10,0.0053464800114948466,TC-SACP-G w/o Sur.
yoochoose1_64,unpopular,17290,wearec,mrr,20,0.02059131447809224,TC-SACP-G w/o Sur.
yoochoose1_64,unpopular,17290,wearec,mrr,30,0.026528756007602797,TC-SACP-G w/o Sur.
yoochoose1_64,unpopular,17290,wearec,mrr,40,0.03016132296451597,TC-SACP-G w/o Sur.
yoochoose1_64,unpopular,17290,wearec,mrr,50,0.032546766199054354,TC-SACP-G w/o Sur.
yoochoose1_64,unpopular,32070,freqrec,recall,10,0.012200794303910694,TC-SACP-G w/o Sur.
yoochoose1_64,unpopular,32070,freqrec,recall,20,0.1559626462485241,TC-SACP-G w/o Sur.
yoochoose1_64,unpopular,32070,freqrec,recall,30,0.28899066156213105,TC-SACP-G w/o Sur.
yoochoose1_64,unpopular,32070,freqrec,recall,40,0.3948441804715732,TC-SACP-G w/o Sur.
yoochoose1_64,unpopular,32070,freqrec,recall,50,0.5079430391069448,TC-SACP-G w/o Sur.
yoochoose1_64,unpopular,32070,freqrec,mrr,10,0.00172337710353382,TC-SACP-G w/o Sur.
yoochoose1_64,unpopular,32070,freqrec,mrr,20,0.010633893411103925,TC-SACP-G w/o Sur.
yoochoose1_64,unpopular,32070,freqrec,mrr,30,0.016089124358876467,TC-SACP-G w/o Sur.
yoochoose1_64,unpopular,32070,freqrec,mrr,40,0.019081918955416718,TC-SACP-G w/o Sur.
yoochoose1_64,unpopular,32070,freqrec,mrr,50,0.021584583949885074,TC-SACP-G w/o Sur.
yoochoose1_64,unpopular,32070,mdhg,recall,10,0.99989266163369,TC-SACP-G w/o Sur.
yoochoose1_64,unpopular,32070,mdhg,recall,20,0.9999463308168449,TC-SACP-G w/o Sur.
yoochoose1_64,unpopular,32070,mdhg,recall,30,0.9999463308168449,TC-SACP-G w/o Sur.
yoochoose1_64,unpopular,32070,mdhg,recall,40,0.9999463308168449,TC-SACP-G w/o Sur.
yoochoose1_64,unpopular,32070,mdhg,recall,50,0.9999463308168449,TC-SACP-G w/o Sur.
yoochoose1_64,unpopular,32070,mdhg,mrr,10,0.997422239316851,TC-SACP-G w/o Sur.
yoochoose1_64,unpopular,32070,mdhg,mrr,20,0.9974263677155553,TC-SACP-G w/o Sur.
yoochoose1_64,unpopular,32070,mdhg,mrr,30,0.9974263677155553,TC-SACP-G w/o Sur.
yoochoose1_64,unpopular,32070,mdhg,mrr,40,0.9974263677155553,TC-SACP-G w/o Sur.
yoochoose1_64,unpopular,32070,mdhg,mrr,50,0.9974263677155553,TC-SACP-G w/o Sur.
yoochoose1_64,unpopular,32070,miasrec,recall,10,0.19846863930730974,TC-SACP-G w/o Sur.
yoochoose1_64,unpopular,32070,miasrec,recall,20,0.40520233282049445,TC-SACP-G w/o Sur.
yoochoose1_64,unpopular,32070,miasrec,recall,30,0.5135604136105049,TC-SACP-G w/o Sur.
yoochoose1_64,unpopular,32070,miasrec,recall,40,0.584475294286021,TC-SACP-G w/o Sur.
yoochoose1_64,unpopular,32070,miasrec,recall,50,0.6398261118465777,TC-SACP-G w/o Sur.
yoochoose1_64,unpopular,32070,miasrec,mrr,10,0.03710585096323335,TC-SACP-G w/o Sur.
yoochoose1_64,unpopular,32070,miasrec,mrr,20,0.05137931310386667,TC-SACP-G w/o Sur.
yoochoose1_64,unpopular,32070,miasrec,mrr,30,0.05572674651519906,TC-SACP-G w/o Sur.
yoochoose1_64,unpopular,32070,miasrec,mrr,40,0.05776571917382744,TC-SACP-G w/o Sur.
yoochoose1_64,unpopular,32070,miasrec,mrr,50,0.05898668386632274,TC-SACP-G w/o Sur.
yoochoose1_64,unpopular,32070,srgnn,recall,10,0.21306665712547854,TC-SACP-G w/o Sur.
yoochoose1_64,unpopular,32070,srgnn,recall,20,0.36761601488425344,TC-SACP-G w/o Sur.
yoochoose1_64,unpopular,32070,srgnn,recall,30,0.4665104297112598,TC-SACP-G w/o Sur.
yoochoose1_64,unpopular,32070,srgnn,recall,40,0.5510215034527175,TC-SACP-G w/o Sur.
yoochoose1_64,unpopular,32070,srgnn,recall,50,0.6293248416759097,TC-SACP-G w/o Sur.
yoochoose1_64,unpopular,32070,srgnn,mrr,10,0.04763895349068271,TC-SACP-G w/o Sur.
yoochoose1_64,unpopular,32070,srgnn,mrr,20,0.05830108657350714,TC-SACP-G w/o Sur.
yoochoose1_64,unpopular,32070,srgnn,mrr,30,0.06225157213397565,TC-SACP-G w/o Sur.
yoochoose1_64,unpopular,32070,srgnn,mrr,40,0.06466048319311778,TC-SACP-G w/o Sur.
yoochoose1_64,unpopular,32070,srgnn,mrr,50,0.06639192379205945,TC-SACP-G w/o Sur.
yoochoose1_64,unpopular,32070,tron,recall,10,0.3674596203144327,TC-SACP-G w/o Sur.
yoochoose1_64,unpopular,32070,tron,recall,20,0.6101679723213165,TC-SACP-G w/o Sur.
yoochoose1_64,unpopular,32070,tron,recall,30,0.7473423802950719,TC-SACP-G w/o Sur.
yoochoose1_64,unpopular,32070,tron,recall,40,0.8240861911334995,TC-SACP-G w/o Sur.
yoochoose1_64,unpopular,32070,tron,recall,50,0.8692791710736246,TC-SACP-G w/o Sur.
yoochoose1_64,unpopular,32070,tron,mrr,10,0.09092420629941063,TC-SACP-G w/o Sur.
yoochoose1_64,unpopular,32070,tron,mrr,20,0.10760621634686006,TC-SACP-G w/o Sur.
yoochoose1_64,unpopular,32070,tron,mrr,30,0.11316137513213567,TC-SACP-G w/o Sur.
yoochoose1_64,unpopular,32070,tron,mrr,40,0.11536715920454572,TC-SACP-G w/o Sur.
yoochoose1_64,unpopular,32070,tron,mrr,50,0.11637254054968454,TC-SACP-G w/o Sur.
yoochoose1_64,unpopular,32070,wearec,recall,10,0.024616265340441517,TC-SACP-G w/o Sur.
yoochoose1_64,unpopular,32070,wearec,recall,20,0.15649933808007443,TC-SACP-G w/o Sur.
yoochoose1_64,unpopular,32070,wearec,recall,30,0.3127124405166553,TC-SACP-G w/o Sur.
yoochoose1_64,unpopular,32070,wearec,recall,40,0.45956921535654227,TC-SACP-G w/o Sur.
yoochoose1_64,unpopular,32070,wearec,recall,50,0.5871408637160542,TC-SACP-G w/o Sur.
yoochoose1_64,unpopular,32070,wearec,mrr,10,0.008722051559899111,TC-SACP-G w/o Sur.
yoochoose1_64,unpopular,32070,wearec,mrr,20,0.017118033822180353,TC-SACP-G w/o Sur.
yoochoose1_64,unpopular,32070,wearec,mrr,30,0.023351239595150657,TC-SACP-G w/o Sur.
yoochoose1_64,unpopular,32070,wearec,mrr,40,0.027488898690442395,TC-SACP-G w/o Sur.
yoochoose1_64,unpopular,32070,wearec,mrr,50,0.03028919964636369,TC-SACP-G w/o Sur.
yoochoose1_64,unpopular,33739,freqrec,recall,10,0.008819635765143654,TC-SACP-G w/o Sur.
yoochoose1_64,unpopular,33739,freqrec,recall,20,0.12692761816165157,TC-SACP-G w/o Sur.
yoochoose1_64,unpopular,33739,freqrec,recall,30,0.2383448423914988,TC-SACP-G w/o Sur.
yoochoose1_64,unpopular,33739,freqrec,recall,40,0.33850942788650756,TC-SACP-G w/o Sur.
yoochoose1_64,unpopular,33739,freqrec,recall,50,0.43747540162438725,TC-SACP-G w/o Sur.
yoochoose1_64,unpopular,33739,freqrec,mrr,10,0.0012922914583081379,TC-SACP-G w/o Sur.
yoochoose1_64,unpopular,33739,freqrec,mrr,20,0.008547902417762007,TC-SACP-G w/o Sur.
yoochoose1_64,unpopular,33739,freqrec,mrr,30,0.012931070412531047,TC-SACP-G w/o Sur.
yoochoose1_64,unpopular,33739,freqrec,mrr,40,0.01579772188370353,TC-SACP-G w/o Sur.
yoochoose1_64,unpopular,33739,freqrec,mrr,50,0.017966269375570998,TC-SACP-G w/o Sur.
yoochoose1_64,unpopular,33739,mdhg,recall,10,0.9851694157214927,TC-SACP-G w/o Sur.
yoochoose1_64,unpopular,33739,mdhg,recall,20,0.985706107553043,TC-SACP-G w/o Sur.
yoochoose1_64,unpopular,33739,mdhg,recall,30,0.9858313356470715,TC-SACP-G w/o Sur.
yoochoose1_64,unpopular,33739,mdhg,recall,40,0.9860817918351282,TC-SACP-G w/o Sur.
yoochoose1_64,unpopular,33739,mdhg,recall,50,0.986224909656875,TC-SACP-G w/o Sur.
yoochoose1_64,unpopular,33739,mdhg,mrr,10,0.9679554014767267,TC-SACP-G w/o Sur.
yoochoose1_64,unpopular,33739,mdhg,mrr,20,0.9679933670269326,TC-SACP-G w/o Sur.
yoochoose1_64,unpopular,33739,mdhg,mrr,30,0.9679983865279363,TC-SACP-G w/o Sur.
yoochoose1_64,unpopular,33739,mdhg,mrr,40,0.9680051953204883,TC-SACP-G w/o Sur.
yoochoose1_64,unpopular,33739,mdhg,mrr,50,0.9680084641897578,TC-SACP-G w/o Sur.
yoochoose1_64,unpopular,33739,miasrec,recall,10,0.1573043758273999,TC-SACP-G w/o Sur.
yoochoose1_64,unpopular,33739,miasrec,recall,20,0.3519625031307024,TC-SACP-G w/o Sur.
yoochoose1_64,unpopular,33739,miasrec,recall,30,0.4827364127517979,TC-SACP-G w/o Sur.
yoochoose1_64,unpopular,33739,miasrec,recall,40,0.5765859243622312,TC-SACP-G w/o Sur.
yoochoose1_64,unpopular,33739,miasrec,recall,50,0.6463737521914916,TC-SACP-G w/o Sur.
yoochoose1_64,unpopular,33739,miasrec,mrr,10,0.026391764023700342,TC-SACP-G w/o Sur.
yoochoose1_64,unpopular,33739,miasrec,mrr,20,0.04002482108699981,TC-SACP-G w/o Sur.
yoochoose1_64,unpopular,33739,miasrec,mrr,30,0.045264036001748865,TC-SACP-G w/o Sur.
yoochoose1_64,unpopular,33739,miasrec,mrr,40,0.047957174019817805,TC-SACP-G w/o Sur.
yoochoose1_64,unpopular,33739,miasrec,mrr,50,0.04949281317038541,TC-SACP-G w/o Sur.
yoochoose1_64,unpopular,33739,srgnn,recall,10,0.20319152742495258,TC-SACP-G w/o Sur.
yoochoose1_64,unpopular,33739,srgnn,recall,20,0.36582704211241907,TC-SACP-G w/o Sur.
yoochoose1_64,unpopular,33739,srgnn,recall,30,0.47565208057533365,TC-SACP-G w/o Sur.
yoochoose1_64,unpopular,33739,srgnn,recall,40,0.5742244803034098,TC-SACP-G w/o Sur.
yoochoose1_64,unpopular,33739,srgnn,recall,50,0.646445311102365,TC-SACP-G w/o Sur.
yoochoose1_64,unpopular,33739,srgnn,mrr,10,0.04856513735051399,TC-SACP-G w/o Sur.
yoochoose1_64,unpopular,33739,srgnn,mrr,20,0.06009788980607761,TC-SACP-G w/o Sur.
yoochoose1_64,unpopular,33739,srgnn,mrr,30,0.06449352595914945,TC-SACP-G w/o Sur.
yoochoose1_64,unpopular,33739,srgnn,mrr,40,0.06729643966604193,TC-SACP-G w/o Sur.
yoochoose1_64,unpopular,33739,srgnn,mrr,50,0.06889830467559752,TC-SACP-G w/o Sur.
yoochoose1_64,unpopular,33739,tron,recall,10,0.28811645124858826,TC-SACP-G w/o Sur.
yoochoose1_64,unpopular,33739,tron,recall,20,0.5000448165211624,TC-SACP-G w/o Sur.
yoochoose1_64,unpopular,33739,tron,recall,30,0.6372909309287775,TC-SACP-G w/o Sur.
yoochoose1_64,unpopular,33739,tron,recall,40,0.7287883405338544,TC-SACP-G w/o Sur.
yoochoose1_64,unpopular,33739,tron,recall,50,0.796443360880555,TC-SACP-G w/o Sur.
yoochoose1_64,unpopular,33739,tron,mrr,10,0.06429508307275747,TC-SACP-G w/o Sur.
yoochoose1_64,unpopular,33739,tron,mrr,20,0.07904594018750151,TC-SACP-G w/o Sur.
yoochoose1_64,unpopular,33739,tron,mrr,30,0.0845574128322901,TC-SACP-G w/o Sur.
yoochoose1_64,unpopular,33739,tron,mrr,40,0.08716854075438737,TC-SACP-G w/o Sur.
yoochoose1_64,unpopular,33739,tron,mrr,50,0.08866867960938675,TC-SACP-G w/o Sur.
yoochoose1_64,unpopular,33739,wearec,recall,10,0.04306057461805431,TC-SACP-G w/o Sur.
yoochoose1_64,unpopular,33739,wearec,recall,20,0.2756449246842463,TC-SACP-G w/o Sur.
yoochoose1_64,unpopular,33739,wearec,recall,30,0.43114243801209345,TC-SACP-G w/o Sur.
yoochoose1_64,unpopular,33739,wearec,recall,40,0.5888761673047336,TC-SACP-G w/o Sur.
yoochoose1_64,unpopular,33739,wearec,recall,50,0.7278614619485492,TC-SACP-G w/o Sur.
yoochoose1_64,unpopular,33739,wearec,mrr,10,0.006371092869268108,TC-SACP-G w/o Sur.
yoochoose1_64,unpopular,33739,wearec,mrr,20,0.021773245099286655,TC-SACP-G w/o Sur.
yoochoose1_64,unpopular,33739,wearec,mrr,30,0.028068909959298893,TC-SACP-G w/o Sur.
yoochoose1_64,unpopular,33739,wearec,mrr,40,0.03252669599137952,TC-SACP-G w/o Sur.
yoochoose1_64,unpopular,33739,wearec,mrr,50,0.03560279788977217,TC-SACP-G w/o Sur.
yoochoose1_64,unpopular,35833,freqrec,recall,10,0.008569179577086836,TC-SACP-G w/o Sur.
yoochoose1_64,unpopular,35833,freqrec,recall,20,0.11252638734838456,TC-SACP-G w/o Sur.
yoochoose1_64,unpopular,35833,freqrec,recall,30,0.2596336183763283,TC-SACP-G w/o Sur.
yoochoose1_64,unpopular,35833,freqrec,recall,40,0.3644674228058249,TC-SACP-G w/o Sur.
yoochoose1_64,unpopular,35833,freqrec,recall,50,0.4701241547103653,TC-SACP-G w/o Sur.
yoochoose1_64,unpopular,35833,freqrec,mrr,10,0.0012243814839614383,TC-SACP-G w/o Sur.
yoochoose1_64,unpopular,35833,freqrec,mrr,20,0.0074317232302801356,TC-SACP-G w/o Sur.
yoochoose1_64,unpopular,35833,freqrec,mrr,30,0.013297719628295753,TC-SACP-G w/o Sur.
yoochoose1_64,unpopular,35833,freqrec,mrr,40,0.01626637996999666,TC-SACP-G w/o Sur.
yoochoose1_64,unpopular,35833,freqrec,mrr,50,0.018601448278953662,TC-SACP-G w/o Sur.
yoochoose1_64,unpopular,35833,mdhg,recall,10,0.03925006261404702,TC-SACP-G w/o Sur.
yoochoose1_64,unpopular,35833,mdhg,recall,20,0.18009588894057033,TC-SACP-G w/o Sur.
yoochoose1_64,unpopular,35833,mdhg,recall,30,0.233729292640166,TC-SACP-G w/o Sur.
yoochoose1_64,unpopular,35833,mdhg,recall,40,0.29779240759955633,TC-SACP-G w/o Sur.
yoochoose1_64,unpopular,35833,mdhg,recall,50,0.3770796808472575,TC-SACP-G w/o Sur.
yoochoose1_64,unpopular,35833,mdhg,mrr,10,0.007030840470766779,TC-SACP-G w/o Sur.
yoochoose1_64,unpopular,35833,mdhg,mrr,20,0.017281794366662995,TC-SACP-G w/o Sur.
yoochoose1_64,unpopular,35833,mdhg,mrr,30,0.019403628456200816,TC-SACP-G w/o Sur.
yoochoose1_64,unpopular,35833,mdhg,mrr,40,0.021217875679525086,TC-SACP-G w/o Sur.
yoochoose1_64,unpopular,35833,mdhg,mrr,50,0.02296155786956262,TC-SACP-G w/o Sur.
yoochoose1_64,unpopular,35833,miasrec,recall,10,0.19866542631221154,TC-SACP-G w/o Sur.
yoochoose1_64,unpopular,35833,miasrec,recall,20,0.41573938244659914,TC-SACP-G w/o Sur.
yoochoose1_64,unpopular,35833,miasrec,recall,30,0.5403950051880211,TC-SACP-G w/o Sur.
yoochoose1_64,unpopular,35833,miasrec,recall,40,0.62996887187377,TC-SACP-G w/o Sur.
yoochoose1_64,unpopular,35833,miasrec,recall,50,0.704873161830477,TC-SACP-G w/o Sur.
yoochoose1_64,unpopular,35833,miasrec,mrr,10,0.037462232797037635,TC-SACP-G w/o Sur.
yoochoose1_64,unpopular,35833,miasrec,mrr,20,0.052588182250979755,TC-SACP-G w/o Sur.
yoochoose1_64,unpopular,35833,miasrec,mrr,30,0.057662184681215374,TC-SACP-G w/o Sur.
yoochoose1_64,unpopular,35833,miasrec,mrr,40,0.060215801778686524,TC-SACP-G w/o Sur.
yoochoose1_64,unpopular,35833,miasrec,mrr,50,0.061876024346576616,TC-SACP-G w/o Sur.
yoochoose1_64,unpopular,35833,srgnn,recall,10,0.21168914809116604,TC-SACP-G w/o Sur.
yoochoose1_64,unpopular,35833,srgnn,recall,20,0.35049554545779815,TC-SACP-G w/o Sur.
yoochoose1_64,unpopular,35833,srgnn,recall,30,0.46998103688861853,TC-SACP-G w/o Sur.
yoochoose1_64,unpopular,35833,srgnn,recall,40,0.5548141257290065,TC-SACP-G w/o Sur.
yoochoose1_64,unpopular,35833,srgnn,recall,50,0.6318651830119145,TC-SACP-G w/o Sur.
yoochoose1_64,unpopular,35833,srgnn,mrr,10,0.04675992894086516,TC-SACP-G w/o Sur.
yoochoose1_64,unpopular,35833,srgnn,mrr,20,0.056132139102627675,TC-SACP-G w/o Sur.
yoochoose1_64,unpopular,35833,srgnn,mrr,30,0.06091816089677465,TC-SACP-G w/o Sur.
yoochoose1_64,unpopular,35833,srgnn,mrr,40,0.06332176008424537,TC-SACP-G w/o Sur.
yoochoose1_64,unpopular,35833,srgnn,mrr,50,0.06503882863030817,TC-SACP-G w/o Sur.
yoochoose1_64,unpopular,35833,tron,recall,10,0.3304949536597171,TC-SACP-G w/o Sur.
yoochoose1_64,unpopular,35833,tron,recall,20,0.47177455497194487,TC-SACP-G w/o Sur.
yoochoose1_64,unpopular,35833,tron,recall,30,0.5586648262015309,TC-SACP-G w/o Sur.
yoochoose1_64,unpopular,35833,tron,recall,40,0.6188623774268146,TC-SACP-G w/o Sur.
yoochoose1_64,unpopular,35833,tron,recall,50,0.6604879622824158,TC-SACP-G w/o Sur.
yoochoose1_64,unpopular,35833,tron,mrr,10,0.10607773205069769,TC-SACP-G w/o Sur.
yoochoose1_64,unpopular,35833,tron,mrr,20,0.11581251729102547,TC-SACP-G w/o Sur.
yoochoose1_64,unpopular,35833,tron,mrr,30,0.11930662432208969,TC-SACP-G w/o Sur.
yoochoose1_64,unpopular,35833,tron,mrr,40,0.12102850455213611,TC-SACP-G w/o Sur.
yoochoose1_64,unpopular,35833,tron,mrr,50,0.12195394138413214,TC-SACP-G w/o Sur.
yoochoose1_64,unpopular,35833,wearec,recall,10,0.016834233782961824,TC-SACP-G w/o Sur.
yoochoose1_64,unpopular,35833,wearec,recall,20,0.21610791083759706,TC-SACP-G w/o Sur.
yoochoose1_64,unpopular,35833,wearec,recall,30,0.3680990375326488,TC-SACP-G w/o Sur.
yoochoose1_64,unpopular,35833,wearec,recall,40,0.4769222512433361,TC-SACP-G w/o Sur.
yoochoose1_64,unpopular,35833,wearec,recall,50,0.5835808079001038,TC-SACP-G w/o Sur.
yoochoose1_64,unpopular,35833,wearec,mrr,10,0.002292852571037832,TC-SACP-G w/o Sur.
yoochoose1_64,unpopular,35833,wearec,mrr,20,0.015003946369733042,TC-SACP-G w/o Sur.
yoochoose1_64,unpopular,35833,wearec,mrr,30,0.021104773969359975,TC-SACP-G w/o Sur.
yoochoose1_64,unpopular,35833,wearec,mrr,40,0.024205244793383218,TC-SACP-G w/o Sur.
yoochoose1_64,unpopular,35833,wearec,mrr,50,0.02655507009141038,TC-SACP-G w/o Sur.
yoochoose1_64,unpopular,4092,freqrec,recall,10,0.009588894057032452,TC-SACP-G w/o Sur.
yoochoose1_64,unpopular,4092,freqrec,recall,20,0.10633654155783749,TC-SACP-G w/o Sur.
yoochoose1_64,unpopular,4092,freqrec,recall,30,0.24149343446992735,TC-SACP-G w/o Sur.
yoochoose1_64,unpopular,4092,freqrec,recall,40,0.34849189595334357,TC-SACP-G w/o Sur.
yoochoose1_64,unpopular,4092,freqrec,recall,50,0.42024759383162186,TC-SACP-G w/o Sur.
yoochoose1_64,unpopular,4092,freqrec,mrr,10,0.0013669242787458138,TC-SACP-G w/o Sur.
yoochoose1_64,unpopular,4092,freqrec,mrr,20,0.007344969815254971,TC-SACP-G w/o Sur.
yoochoose1_64,unpopular,4092,freqrec,mrr,30,0.012748088608014076,TC-SACP-G w/o Sur.
yoochoose1_64,unpopular,4092,freqrec,mrr,40,0.01576699941266239,TC-SACP-G w/o Sur.
yoochoose1_64,unpopular,4092,freqrec,mrr,50,0.017368023847712695,TC-SACP-G w/o Sur.
yoochoose1_64,unpopular,4092,mdhg,recall,10,0.9885505742602597,TC-SACP-G w/o Sur.
yoochoose1_64,unpopular,4092,mdhg,recall,20,0.9888546996314717,TC-SACP-G w/o Sur.
yoochoose1_64,unpopular,4092,mdhg,recall,30,0.9890157071809367,TC-SACP-G w/o Sur.
yoochoose1_64,unpopular,4092,mdhg,recall,40,0.9891051558195284,TC-SACP-G w/o Sur.
yoochoose1_64,unpopular,4092,mdhg,recall,50,0.9891588250026835,TC-SACP-G w/o Sur.
yoochoose1_64,unpopular,4092,mdhg,mrr,10,0.9799277396982174,TC-SACP-G w/o Sur.
yoochoose1_64,unpopular,4092,mdhg,mrr,20,0.9799480647356507,TC-SACP-G w/o Sur.
yoochoose1_64,unpopular,4092,mdhg,mrr,30,0.9799544951796171,TC-SACP-G w/o Sur.
yoochoose1_64,unpopular,4092,mdhg,mrr,40,0.979956990024068,TC-SACP-G w/o Sur.
yoochoose1_64,unpopular,4092,mdhg,mrr,50,0.9799581855095949,TC-SACP-G w/o Sur.
yoochoose1_64,unpopular,4092,miasrec,recall,10,0.12524598375612722,TC-SACP-G w/o Sur.
yoochoose1_64,unpopular,4092,miasrec,recall,20,0.3065404844538266,TC-SACP-G w/o Sur.
yoochoose1_64,unpopular,4092,miasrec,recall,30,0.4401588607821389,TC-SACP-G w/o Sur.
yoochoose1_64,unpopular,4092,miasrec,recall,40,0.5216644602669147,TC-SACP-G w/o Sur.
yoochoose1_64,unpopular,4092,miasrec,recall,50,0.598465061361766,TC-SACP-G w/o Sur.
yoochoose1_64,unpopular,4092,miasrec,mrr,10,0.022820328353173516,TC-SACP-G w/o Sur.
yoochoose1_64,unpopular,4092,miasrec,mrr,20,0.03512246252663251,TC-SACP-G w/o Sur.
yoochoose1_64,unpopular,4092,miasrec,mrr,30,0.0405376399118366,TC-SACP-G w/o Sur.
yoochoose1_64,unpopular,4092,miasrec,mrr,40,0.04284471362509163,TC-SACP-G w/o Sur.
yoochoose1_64,unpopular,4092,miasrec,mrr,50,0.04454292169450189,TC-SACP-G w/o Sur.
yoochoose1_64,unpopular,4092,srgnn,recall,10,0.22446241368206377,TC-SACP-G w/o Sur.
yoochoose1_64,unpopular,4092,srgnn,recall,20,0.3743246627786325,TC-SACP-G w/o Sur.
yoochoose1_64,unpopular,4092,srgnn,recall,30,0.47039250062614046,TC-SACP-G w/o Sur.
yoochoose1_64,unpopular,4092,srgnn,recall,40,0.5541522058034277,TC-SACP-G w/o Sur.
yoochoose1_64,unpopular,4092,srgnn,recall,50,0.6249597481126338,TC-SACP-G w/o Sur.
yoochoose1_64,unpopular,4092,srgnn,mrr,10,0.04934656349689068,TC-SACP-G w/o Sur.
yoochoose1_64,unpopular,4092,srgnn,mrr,20,0.05948436392634113,TC-SACP-G w/o Sur.
yoochoose1_64,unpopular,4092,srgnn,mrr,30,0.06331929839890459,TC-SACP-G w/o Sur.
yoochoose1_64,unpopular,4092,srgnn,mrr,40,0.06568997666681897,TC-SACP-G w/o Sur.
yoochoose1_64,unpopular,4092,srgnn,mrr,50,0.06726282913903901,TC-SACP-G w/o Sur.
yoochoose1_64,unpopular,4092,tron,recall,10,0.40560744312783464,TC-SACP-G w/o Sur.
yoochoose1_64,unpopular,4092,tron,recall,20,0.5737590305290142,TC-SACP-G w/o Sur.
yoochoose1_64,unpopular,4092,tron,recall,30,0.6649158345732571,TC-SACP-G w/o Sur.
yoochoose1_64,unpopular,4092,tron,recall,40,0.7333237724754854,TC-SACP-G w/o Sur.
yoochoose1_64,unpopular,4092,tron,recall,50,0.7804886793467544,TC-SACP-G w/o Sur.
yoochoose1_64,unpopular,4092,tron,mrr,10,0.1222950881946419,TC-SACP-G w/o Sur.
yoochoose1_64,unpopular,4092,tron,mrr,20,0.13392881590641614,TC-SACP-G w/o Sur.
yoochoose1_64,unpopular,4092,tron,mrr,30,0.13759274155659917,TC-SACP-G w/o Sur.
yoochoose1_64,unpopular,4092,tron,mrr,40,0.139545571213024,TC-SACP-G w/o Sur.
yoochoose1_64,unpopular,4092,tron,mrr,50,0.14058877859154895,TC-SACP-G w/o Sur.
yoochoose1_64,unpopular,4092,wearec,recall,10,0.03073455222011521,TC-SACP-G w/o Sur.
yoochoose1_64,unpopular,4092,wearec,recall,20,0.23006189845790548,TC-SACP-G w/o Sur.
yoochoose1_64,unpopular,4092,wearec,recall,30,0.3814626641382518,TC-SACP-G w/o Sur.
yoochoose1_64,unpopular,4092,wearec,recall,40,0.5328276503631615,TC-SACP-G w/o Sur.
yoochoose1_64,unpopular,4092,wearec,recall,50,0.6526888260760672,TC-SACP-G w/o Sur.
yoochoose1_64,unpopular,4092,wearec,mrr,10,0.006631636876010575,TC-SACP-G w/o Sur.
yoochoose1_64,unpopular,4092,wearec,mrr,20,0.01959475119654248,TC-SACP-G w/o Sur.
yoochoose1_64,unpopular,4092,wearec,mrr,30,0.025660322940002013,TC-SACP-G w/o Sur.
yoochoose1_64,unpopular,4092,wearec,mrr,40,0.029927174679615226,TC-SACP-G w/o Sur.
yoochoose1_64,unpopular,4092,wearec,mrr,50,0.03257545383216005,TC-SACP-G w/o Sur.
yoochoose1_64,unpopular,8637,freqrec,recall,10,0.010894844180471572,TC-SACP-G w/o Sur.
yoochoose1_64,unpopular,8637,freqrec,recall,20,0.1397008837525493,TC-SACP-G w/o Sur.
yoochoose1_64,unpopular,8637,freqrec,recall,30,0.26970553508175604,TC-SACP-G w/o Sur.
yoochoose1_64,unpopular,8637,freqrec,recall,40,0.3787076460696268,TC-SACP-G w/o Sur.
yoochoose1_64,unpopular,8637,freqrec,recall,50,0.48894414827006333,TC-SACP-G w/o Sur.
yoochoose1_64,unpopular,8637,freqrec,mrr,10,0.0015508548166246153,TC-SACP-G w/o Sur.
yoochoose1_64,unpopular,8637,freqrec,mrr,20,0.009524117979468998,TC-SACP-G w/o Sur.
yoochoose1_64,unpopular,8637,freqrec,mrr,30,0.014749080819427617,TC-SACP-G w/o Sur.
yoochoose1_64,unpopular,8637,freqrec,mrr,40,0.017846335314814738,TC-SACP-G w/o Sur.
yoochoose1_64,unpopular,8637,freqrec,mrr,50,0.020284897636447356,TC-SACP-G w/o Sur.
yoochoose1_64,unpopular,8637,mdhg,recall,10,0.9996243157179148,TC-SACP-G w/o Sur.
yoochoose1_64,unpopular,8637,mdhg,recall,20,0.9996600951733514,TC-SACP-G w/o Sur.
yoochoose1_64,unpopular,8637,mdhg,recall,30,0.9996600951733514,TC-SACP-G w/o Sur.
yoochoose1_64,unpopular,8637,mdhg,recall,40,0.9996600951733514,TC-SACP-G w/o Sur.
yoochoose1_64,unpopular,8637,mdhg,recall,50,0.9996600951733514,TC-SACP-G w/o Sur.
yoochoose1_64,unpopular,8637,mdhg,mrr,10,0.9959491693203101,TC-SACP-G w/o Sur.
yoochoose1_64,unpopular,8637,mdhg,mrr,20,0.9959517782389357,TC-SACP-G w/o Sur.
yoochoose1_64,unpopular,8637,mdhg,mrr,30,0.9959517782389357,TC-SACP-G w/o Sur.
yoochoose1_64,unpopular,8637,mdhg,mrr,40,0.9959517782389357,TC-SACP-G w/o Sur.
yoochoose1_64,unpopular,8637,mdhg,mrr,50,0.9959517782389357,TC-SACP-G w/o Sur.
yoochoose1_64,unpopular,8637,miasrec,recall,10,0.0957994919317328,TC-SACP-G w/o Sur.
yoochoose1_64,unpopular,8637,miasrec,recall,20,0.31180006440301977,TC-SACP-G w/o Sur.
yoochoose1_64,unpopular,8637,miasrec,recall,30,0.4677627106515439,TC-SACP-G w/o Sur.
yoochoose1_64,unpopular,8637,miasrec,recall,40,0.5738845754767612,TC-SACP-G w/o Sur.
yoochoose1_64,unpopular,8637,miasrec,recall,50,0.6608107624601953,TC-SACP-G w/o Sur.
yoochoose1_64,unpopular,8637,miasrec,mrr,10,0.01518222391464718,TC-SACP-G w/o Sur.
yoochoose1_64,unpopular,8637,miasrec,mrr,20,0.029947799141700124,TC-SACP-G w/o Sur.
yoochoose1_64,unpopular,8637,miasrec,mrr,30,0.03624812669463625,TC-SACP-G w/o Sur.
yoochoose1_64,unpopular,8637,miasrec,mrr,40,0.03926987140750062,TC-SACP-G w/o Sur.
yoochoose1_64,unpopular,8637,miasrec,mrr,50,0.041196851123472066,TC-SACP-G w/o Sur.
yoochoose1_64,unpopular,8637,srgnn,recall,10,0.20682314215177644,TC-SACP-G w/o Sur.
yoochoose1_64,unpopular,8637,srgnn,recall,20,0.3617839636480733,TC-SACP-G w/o Sur.
yoochoose1_64,unpopular,8637,srgnn,recall,30,0.47253926795234175,TC-SACP-G w/o Sur.
yoochoose1_64,unpopular,8637,srgnn,recall,40,0.550788936992379,TC-SACP-G w/o Sur.
yoochoose1_64,unpopular,8637,srgnn,recall,50,0.6231349958853626,TC-SACP-G w/o Sur.
yoochoose1_64,unpopular,8637,srgnn,mrr,10,0.048673923932878185,TC-SACP-G w/o Sur.
yoochoose1_64,unpopular,8637,srgnn,mrr,20,0.059461258148020064,TC-SACP-G w/o Sur.
yoochoose1_64,unpopular,8637,srgnn,mrr,30,0.0639026803071448,TC-SACP-G w/o Sur.
yoochoose1_64,unpopular,8637,srgnn,mrr,40,0.066132586127434,TC-SACP-G w/o Sur.
yoochoose1_64,unpopular,8637,srgnn,mrr,50,0.06773928525717711,TC-SACP-G w/o Sur.
yoochoose1_64,unpopular,8637,tron,recall,10,0.3759209795098865,TC-SACP-G w/o Sur.
yoochoose1_64,unpopular,8637,tron,recall,20,0.49145797106645395,TC-SACP-G w/o Sur.
yoochoose1_64,unpopular,8637,tron,recall,30,0.5660505888890881,TC-SACP-G w/o Sur.
yoochoose1_64,unpopular,8637,tron,recall,40,0.6169263037126006,TC-SACP-G w/o Sur.
yoochoose1_64,unpopular,8637,tron,recall,50,0.6582829894412277,TC-SACP-G w/o Sur.
yoochoose1_64,unpopular,8637,tron,mrr,10,0.14004411652977805,TC-SACP-G w/o Sur.
yoochoose1_64,unpopular,8637,tron,mrr,20,0.14796303916370573,TC-SACP-G w/o Sur.
yoochoose1_64,unpopular,8637,tron,mrr,30,0.15096423876136605,TC-SACP-G w/o Sur.
yoochoose1_64,unpopular,8637,tron,mrr,40,0.15241510629489732,TC-SACP-G w/o Sur.
yoochoose1_64,unpopular,8637,tron,mrr,50,0.15333264670128477,TC-SACP-G w/o Sur.
yoochoose1_64,unpopular,8637,wearec,recall,10,0.022773623385452073,TC-SACP-G w/o Sur.
yoochoose1_64,unpopular,8637,wearec,recall,20,0.23533936813481698,TC-SACP-G w/o Sur.
yoochoose1_64,unpopular,8637,wearec,recall,30,0.3682063758989588,TC-SACP-G w/o Sur.
yoochoose1_64,unpopular,8637,wearec,recall,40,0.46738702636945867,TC-SACP-G w/o Sur.
yoochoose1_64,unpopular,8637,wearec,recall,50,0.5400908798168091,TC-SACP-G w/o Sur.
yoochoose1_64,unpopular,8637,wearec,mrr,10,0.003203681081243762,TC-SACP-G w/o Sur.
yoochoose1_64,unpopular,8637,wearec,mrr,20,0.01739189761766169,TC-SACP-G w/o Sur.
yoochoose1_64,unpopular,8637,wearec,mrr,30,0.022804150977706668,TC-SACP-G w/o Sur.
yoochoose1_64,unpopular,8637,wearec,mrr,40,0.025627003736408978,TC-SACP-G w/o Sur.
yoochoose1_64,unpopular,8637,wearec,mrr,50,0.027229374426683016,TC-SACP-G w/o Sur.
yoochoose1_64,unpopular,8829,freqrec,recall,10,0.010894844180471572,TC-SACP-G w/o Sur.
yoochoose1_64,unpopular,8829,freqrec,recall,20,0.14698200293391533,TC-SACP-G w/o Sur.
yoochoose1_64,unpopular,8829,freqrec,recall,30,0.27226376614547926,TC-SACP-G w/o Sur.
yoochoose1_64,unpopular,8829,freqrec,recall,40,0.3632151418655408,TC-SACP-G w/o Sur.
yoochoose1_64,unpopular,8829,freqrec,recall,50,0.4528963469175999,TC-SACP-G w/o Sur.
yoochoose1_64,unpopular,8829,freqrec,mrr,10,0.0015034186417778007,TC-SACP-G w/o Sur.
yoochoose1_64,unpopular,8829,freqrec,mrr,20,0.010013642763297921,TC-SACP-G w/o Sur.
yoochoose1_64,unpopular,8829,freqrec,mrr,30,0.015029511575311481,TC-SACP-G w/o Sur.
yoochoose1_64,unpopular,8829,freqrec,mrr,40,0.017617192195928593,TC-SACP-G w/o Sur.
yoochoose1_64,unpopular,8829,freqrec,mrr,50,0.019597280054249447,TC-SACP-G w/o Sur.
yoochoose1_64,unpopular,8829,mdhg,recall,10,0.04250599305878564,TC-SACP-G w/o Sur.
yoochoose1_64,unpopular,8829,mdhg,recall,20,0.16836022755733657,TC-SACP-G w/o Sur.
yoochoose1_64,unpopular,8829,mdhg,recall,30,0.22836237432466278,TC-SACP-G w/o Sur.
yoochoose1_64,unpopular,8829,mdhg,recall,40,0.2859672975777309,TC-SACP-G w/o Sur.
yoochoose1_64,unpopular,8829,mdhg,recall,50,0.3422841604350782,TC-SACP-G w/o Sur.
yoochoose1_64,unpopular,8829,mdhg,mrr,10,0.0066252121920482385,TC-SACP-G w/o Sur.
yoochoose1_64,unpopular,8829,mdhg,mrr,20,0.015671594200755198,TC-SACP-G w/o Sur.
yoochoose1_64,unpopular,8829,mdhg,mrr,30,0.01807563171386615,TC-SACP-G w/o Sur.
yoochoose1_64,unpopular,8829,mdhg,mrr,40,0.019711489864786373,TC-SACP-G w/o Sur.
yoochoose1_64,unpopular,8829,mdhg,mrr,50,0.020961054018529032,TC-SACP-G w/o Sur.
yoochoose1_64,unpopular,8829,miasrec,recall,10,0.07830333822319224,TC-SACP-G w/o Sur.
yoochoose1_64,unpopular,8829,miasrec,recall,20,0.24285305377652153,TC-SACP-G w/o Sur.
yoochoose1_64,unpopular,8829,miasrec,recall,30,0.3520161723138574,TC-SACP-G w/o Sur.
yoochoose1_64,unpopular,8829,miasrec,recall,40,0.4281906329385667,TC-SACP-G w/o Sur.
yoochoose1_64,unpopular,8829,miasrec,recall,50,0.4887294715374432,TC-SACP-G w/o Sur.
yoochoose1_64,unpopular,8829,miasrec,mrr,10,0.012755496547850423,TC-SACP-G w/o Sur.
yoochoose1_64,unpopular,8829,miasrec,mrr,20,0.023906140801931836,TC-SACP-G w/o Sur.
yoochoose1_64,unpopular,8829,miasrec,mrr,30,0.02831066643522972,TC-SACP-G w/o Sur.
yoochoose1_64,unpopular,8829,miasrec,mrr,40,0.030494448767026363,TC-SACP-G w/o Sur.
yoochoose1_64,unpopular,8829,miasrec,mrr,50,0.031835787658412044,TC-SACP-G w/o Sur.
yoochoose1_64,unpopular,8829,srgnn,recall,10,0.18438942359297292,TC-SACP-G w/o Sur.
yoochoose1_64,unpopular,8829,srgnn,recall,20,0.3477584171168915,TC-SACP-G w/o Sur.
yoochoose1_64,unpopular,8829,srgnn,recall,30,0.44838813553257717,TC-SACP-G w/o Sur.
yoochoose1_64,unpopular,8829,srgnn,recall,40,0.5250992879888368,TC-SACP-G w/o Sur.
yoochoose1_64,unpopular,8829,srgnn,recall,50,0.5790010376042076,TC-SACP-G w/o Sur.
yoochoose1_64,unpopular,8829,srgnn,mrr,10,0.041693820717667286,TC-SACP-G w/o Sur.
yoochoose1_64,unpopular,8829,srgnn,mrr,20,0.05300153296069096,TC-SACP-G w/o Sur.
yoochoose1_64,unpopular,8829,srgnn,mrr,30,0.05707266729600977,TC-SACP-G w/o Sur.
yoochoose1_64,unpopular,8829,srgnn,mrr,40,0.05925197149835373,TC-SACP-G w/o Sur.
yoochoose1_64,unpopular,8829,srgnn,mrr,50,0.060443443711869514,TC-SACP-G w/o Sur.
yoochoose1_64,unpopular,8829,tron,recall,10,0.27524514637075814,TC-SACP-G w/o Sur.
yoochoose1_64,unpopular,8829,tron,recall,20,0.5487334851119516,TC-SACP-G w/o Sur.
yoochoose1_64,unpopular,8829,tron,recall,30,0.6960185002599358,TC-SACP-G w/o Sur.
yoochoose1_64,unpopular,8829,tron,recall,40,0.7769033576537655,TC-SACP-G w/o Sur.
yoochoose1_64,unpopular,8829,tron,recall,50,0.832314504418909,TC-SACP-G w/o Sur.
yoochoose1_64,unpopular,8829,tron,mrr,10,0.0536106394705791,TC-SACP-G w/o Sur.
yoochoose1_64,unpopular,8829,tron,mrr,20,0.0724340755043826,TC-SACP-G w/o Sur.
yoochoose1_64,unpopular,8829,tron,mrr,30,0.07843659470817702,TC-SACP-G w/o Sur.
yoochoose1_64,unpopular,8829,tron,mrr,40,0.08075625830052231,TC-SACP-G w/o Sur.
yoochoose1_64,unpopular,8829,tron,mrr,50,0.08198245872712669,TC-SACP-G w/o Sur.
yoochoose1_64,unpopular,8829,wearec,recall,10,0.0354753300654764,TC-SACP-G w/o Sur.
yoochoose1_64,unpopular,8829,wearec,recall,20,0.275680704139683,TC-SACP-G w/o Sur.
yoochoose1_64,unpopular,8829,wearec,recall,30,0.4342731403628037,TC-SACP-G w/o Sur.
yoochoose1_64,unpopular,8829,wearec,recall,40,0.5622204730044009,TC-SACP-G w/o Sur.
yoochoose1_64,unpopular,8829,wearec,recall,50,0.6762674872088447,TC-SACP-G w/o Sur.
yoochoose1_64,unpopular,8829,wearec,mrr,10,0.006002564478270211,TC-SACP-G w/o Sur.
yoochoose1_64,unpopular,8829,wearec,mrr,20,0.021753705647189057,TC-SACP-G w/o Sur.
yoochoose1_64,unpopular,8829,wearec,mrr,30,0.02816300517083535,TC-SACP-G w/o Sur.
yoochoose1_64,unpopular,8829,wearec,mrr,40,0.031782098923484645,TC-SACP-G w/o Sur.
yoochoose1_64,unpopular,8829,wearec,mrr,50,0.03431640750883014,TC-SACP-G w/o Sur.
yoochoose1_64,popular,10195,freqrec,recall,10,0.010393931804357938,TC-SACP-G w/o Sur.
yoochoose1_64,popular,10195,freqrec,recall,20,0.1307917993488139,TC-SACP-G w/o Sur.
yoochoose1_64,popular,10195,freqrec,recall,30,0.2588285806290028,TC-SACP-G w/o Sur.
yoochoose1_64,popular,10195,freqrec,recall,40,0.3662563955776593,TC-SACP-G w/o Sur.
yoochoose1_64,popular,10195,freqrec,recall,50,0.48064331460875165,TC-SACP-G w/o Sur.
yoochoose1_64,popular,10195,freqrec,mrr,10,0.0014894405172232643,TC-SACP-G w/o Sur.
yoochoose1_64,popular,10195,freqrec,mrr,20,0.008672914060607722,TC-SACP-G w/o Sur.
yoochoose1_64,popular,10195,freqrec,mrr,30,0.013822910878211333,TC-SACP-G w/o Sur.
yoochoose1_64,popular,10195,freqrec,mrr,40,0.016883945467262896,TC-SACP-G w/o Sur.
yoochoose1_64,popular,10195,freqrec,mrr,50,0.01940274943633362,TC-SACP-G w/o Sur.
yoochoose1_64,popular,10195,mdhg,recall,10,0.04322158216751941,TC-SACP-G w/o Sur.
yoochoose1_64,popular,10195,mdhg,recall,20,0.17551611864467423,TC-SACP-G w/o Sur.
yoochoose1_64,popular,10195,mdhg,recall,30,0.25417725142223335,TC-SACP-G w/o Sur.
yoochoose1_64,popular,10195,mdhg,recall,40,0.3069340584636302,TC-SACP-G w/o Sur.
yoochoose1_64,popular,10195,mdhg,recall,50,0.37851085906472504,TC-SACP-G w/o Sur.
yoochoose1_64,popular,10195,mdhg,mrr,10,0.007709350989074772,TC-SACP-G w/o Sur.
yoochoose1_64,popular,10195,mdhg,mrr,20,0.017288257100556332,TC-SACP-G w/o Sur.
yoochoose1_64,popular,10195,mdhg,mrr,30,0.020414485941790787,TC-SACP-G w/o Sur.
yoochoose1_64,popular,10195,mdhg,mrr,40,0.021911729529100456,TC-SACP-G w/o Sur.
yoochoose1_64,popular,10195,mdhg,mrr,50,0.023487756470175054,TC-SACP-G w/o Sur.
yoochoose1_64,popular,10195,miasrec,recall,10,0.2521736019177788,TC-SACP-G w/o Sur.
yoochoose1_64,popular,10195,miasrec,recall,20,0.5054921464095317,TC-SACP-G w/o Sur.
yoochoose1_64,popular,10195,miasrec,recall,30,0.6237611363555047,TC-SACP-G w/o Sur.
yoochoose1_64,popular,10195,miasrec,recall,40,0.7042649110880532,TC-SACP-G w/o Sur.
yoochoose1_64,popular,10195,miasrec,recall,50,0.7542309206053884,TC-SACP-G w/o Sur.
yoochoose1_64,popular,10195,miasrec,mrr,10,0.04516368958880319,TC-SACP-G w/o Sur.
yoochoose1_64,popular,10195,miasrec,mrr,20,0.06283023927628244,TC-SACP-G w/o Sur.
yoochoose1_64,popular,10195,miasrec,mrr,30,0.06749930548008225,TC-SACP-G w/o Sur.
yoochoose1_64,popular,10195,miasrec,mrr,40,0.06980499050113044,TC-SACP-G w/o Sur.
yoochoose1_64,popular,10195,miasrec,mrr,50,0.070912475721415,TC-SACP-G w/o Sur.
yoochoose1_64,popular,10195,srgnn,recall,10,0.20317363769723426,TC-SACP-G w/o Sur.
yoochoose1_64,popular,10195,srgnn,recall,20,0.35045976600236145,TC-SACP-G w/o Sur.
yoochoose1_64,popular,10195,srgnn,recall,30,0.45028444667072165,TC-SACP-G w/o Sur.
yoochoose1_64,popular,10195,srgnn,recall,40,0.5484990518444309,TC-SACP-G w/o Sur.
yoochoose1_64,popular,10195,srgnn,recall,50,0.6178396364807328,TC-SACP-G w/o Sur.
yoochoose1_64,popular,10195,srgnn,mrr,10,0.04451268097731298,TC-SACP-G w/o Sur.
yoochoose1_64,popular,10195,srgnn,mrr,20,0.05474535724844794,TC-SACP-G w/o Sur.
yoochoose1_64,popular,10195,srgnn,mrr,30,0.05873166327955615,TC-SACP-G w/o Sur.
yoochoose1_64,popular,10195,srgnn,mrr,40,0.06152634849517255,TC-SACP-G w/o Sur.
yoochoose1_64,popular,10195,srgnn,mrr,50,0.06306070522458196,TC-SACP-G w/o Sur.
yoochoose1_64,popular,10195,tron,recall,10,0.5206245630389187,TC-SACP-G w/o Sur.
yoochoose1_64,popular,10195,tron,recall,20,0.6957496011329617,TC-SACP-G w/o Sur.
yoochoose1_64,popular,10195,tron,recall,30,0.7854543498915441,TC-SACP-G w/o Sur.
yoochoose1_64,popular,10195,tron,recall,40,0.8347883763870714,TC-SACP-G w/o Sur.
yoochoose1_64,popular,10195,tron,recall,50,0.8664109137192335,TC-SACP-G w/o Sur.
yoochoose1_64,popular,10195,tron,mrr,10,0.1839006180127131,TC-SACP-G w/o Sur.
yoochoose1_64,popular,10195,tron,mrr,20,0.19610440298162787,TC-SACP-G w/o Sur.
yoochoose1_64,popular,10195,tron,mrr,30,0.19973473550923881,TC-SACP-G w/o Sur.
yoochoose1_64,popular,10195,tron,mrr,40,0.20114648595414464,TC-SACP-G w/o Sur.
yoochoose1_64,popular,10195,tron,mrr,50,0.20185045911058042,TC-SACP-G w/o Sur.
yoochoose1_64,popular,10195,wearec,recall,10,0.03384736484310709,TC-SACP-G w/o Sur.
yoochoose1_64,popular,10195,wearec,recall,20,0.2588643600844395,TC-SACP-G w/o Sur.
yoochoose1_64,popular,10195,wearec,recall,30,0.38162367168771694,TC-SACP-G w/o Sur.
yoochoose1_64,popular,10195,wearec,recall,40,0.49268310136319726,TC-SACP-G w/o Sur.
yoochoose1_64,popular,10195,wearec,recall,50,0.594511431536012,TC-SACP-G w/o Sur.
yoochoose1_64,popular,10195,wearec,mrr,10,0.004999511582036895,TC-SACP-G w/o Sur.
yoochoose1_64,popular,10195,wearec,mrr,20,0.019779854220384002,TC-SACP-G w/o Sur.
yoochoose1_64,popular,10195,wearec,mrr,30,0.024718904098505814,TC-SACP-G w/o Sur.
yoochoose1_64,popular,10195,wearec,mrr,40,0.027877894970346533,TC-SACP-G w/o Sur.
yoochoose1_64,popular,10195,wearec,mrr,50,0.030129987955970883,TC-SACP-G w/o Sur.
yoochoose1_64,popular,33407,freqrec,recall,10,0.009767791334215892,TC-SACP-G w/o Sur.
yoochoose1_64,popular,33407,freqrec,recall,20,0.14224122508855416,TC-SACP-G w/o Sur.
yoochoose1_64,popular,33407,freqrec,recall,30,0.27063580092310996,TC-SACP-G w/o Sur.
yoochoose1_64,popular,33407,freqrec,recall,40,0.3628036781280189,TC-SACP-G w/o Sur.
yoochoose1_64,popular,33407,freqrec,recall,50,0.4581917063222298,TC-SACP-G w/o Sur.
yoochoose1_64,popular,33407,freqrec,mrr,10,0.001396307446613361,TC-SACP-G w/o Sur.
yoochoose1_64,popular,33407,freqrec,mrr,20,0.009544754489552217,TC-SACP-G w/o Sur.
yoochoose1_64,popular,33407,freqrec,mrr,30,0.014684264279038219,TC-SACP-G w/o Sur.
yoochoose1_64,popular,33407,freqrec,mrr,40,0.017317091209377043,TC-SACP-G w/o Sur.
yoochoose1_64,popular,33407,freqrec,mrr,50,0.019422503044422838,TC-SACP-G w/o Sur.
yoochoose1_64,popular,33407,mdhg,recall,10,0.06950159218576693,TC-SACP-G w/o Sur.
yoochoose1_64,popular,33407,mdhg,recall,20,0.20471215428101183,TC-SACP-G w/o Sur.
yoochoose1_64,popular,33407,mdhg,recall,30,0.2731582525313965,TC-SACP-G w/o Sur.
yoochoose1_64,popular,33407,mdhg,recall,40,0.3288668646463201,TC-SACP-G w/o Sur.
yoochoose1_64,popular,33407,mdhg,recall,50,0.383394754731833,TC-SACP-G w/o Sur.
yoochoose1_64,popular,33407,mdhg,mrr,10,0.012029081314207794,TC-SACP-G w/o Sur.
yoochoose1_64,popular,33407,mdhg,mrr,20,0.0218516212522496,TC-SACP-G w/o Sur.
yoochoose1_64,popular,33407,mdhg,mrr,30,0.024585479697589358,TC-SACP-G w/o Sur.
yoochoose1_64,popular,33407,mdhg,mrr,40,0.026164637642935026,TC-SACP-G w/o Sur.
yoochoose1_64,popular,33407,mdhg,mrr,50,0.027355625109453715,TC-SACP-G w/o Sur.
yoochoose1_64,popular,33407,miasrec,recall,10,0.166302908869727,TC-SACP-G w/o Sur.
yoochoose1_64,popular,33407,miasrec,recall,20,0.39291208987799203,TC-SACP-G w/o Sur.
yoochoose1_64,popular,33407,miasrec,recall,30,0.5362445883573652,TC-SACP-G w/o Sur.
yoochoose1_64,popular,33407,miasrec,recall,40,0.6188235715052417,TC-SACP-G w/o Sur.
yoochoose1_64,popular,33407,miasrec,recall,50,0.6812408315145444,TC-SACP-G w/o Sur.
yoochoose1_64,popular,33407,miasrec,mrr,10,0.03039461189797517,TC-SACP-G w/o Sur.
yoochoose1_64,popular,33407,miasrec,mrr,20,0.04633774355463294,TC-SACP-G w/o Sur.
yoochoose1_64,popular,33407,miasrec,mrr,30,0.052120375418431564,TC-SACP-G w/o Sur.
yoochoose1_64,popular,33407,miasrec,mrr,40,0.054479405478594194,TC-SACP-G w/o Sur.
yoochoose1_64,popular,33407,miasrec,mrr,50,0.05586716132758277,TC-SACP-G w/o Sur.
yoochoose1_64,popular,33407,srgnn,recall,10,0.1968764535403771,TC-SACP-G w/o Sur.
yoochoose1_64,popular,33407,srgnn,recall,20,0.3740026476797023,TC-SACP-G w/o Sur.
yoochoose1_64,popular,33407,srgnn,recall,30,0.48420337042470213,TC-SACP-G w/o Sur.
yoochoose1_64,popular,33407,srgnn,recall,40,0.5824179755984114,TC-SACP-G w/o Sur.
yoochoose1_64,popular,33407,srgnn,recall,50,0.6669469390675874,TC-SACP-G w/o Sur.
yoochoose1_64,popular,33407,srgnn,mrr,10,0.045733626497696765,TC-SACP-G w/o Sur.
yoochoose1_64,popular,33407,srgnn,mrr,20,0.05786522553028001,TC-SACP-G w/o Sur.
yoochoose1_64,popular,33407,srgnn,mrr,30,0.06226731644359508,TC-SACP-G w/o Sur.
yoochoose1_64,popular,33407,srgnn,mrr,40,0.06506085381854695,TC-SACP-G w/o Sur.
yoochoose1_64,popular,33407,srgnn,mrr,50,0.0669301454548941,TC-SACP-G w/o Sur.
yoochoose1_64,popular,33407,tron,recall,10,0.5590950648046896,TC-SACP-G w/o Sur.
yoochoose1_64,popular,33407,tron,recall,20,0.7082623738414929,TC-SACP-G w/o Sur.
yoochoose1_64,popular,33407,tron,recall,30,0.779628202140437,TC-SACP-G w/o Sur.
yoochoose1_64,popular,33407,tron,recall,40,0.8175609056522597,TC-SACP-G w/o Sur.
yoochoose1_64,popular,33407,tron,recall,50,0.8478568739580159,TC-SACP-G w/o Sur.
yoochoose1_64,popular,33407,tron,mrr,10,0.19993976090457097,TC-SACP-G w/o Sur.
yoochoose1_64,popular,33407,tron,mrr,20,0.2104151418808415,TC-SACP-G w/o Sur.
yoochoose1_64,popular,33407,tron,mrr,30,0.21330490580497236,TC-SACP-G w/o Sur.
yoochoose1_64,popular,33407,tron,mrr,40,0.21439154569839683,TC-SACP-G w/o Sur.
yoochoose1_64,popular,33407,tron,mrr,50,0.21505980660649135,TC-SACP-G w/o Sur.
yoochoose1_64,popular,33407,wearec,recall,10,0.03440194640237575,TC-SACP-G w/o Sur.
yoochoose1_64,popular,33407,wearec,recall,20,0.2497763784035207,TC-SACP-G w/o Sur.
yoochoose1_64,popular,33407,wearec,recall,30,0.3714980857991341,TC-SACP-G w/o Sur.
yoochoose1_64,popular,33407,wearec,recall,40,0.47708325879280117,TC-SACP-G w/o Sur.
yoochoose1_64,popular,33407,wearec,recall,50,0.5734910014669576,TC-SACP-G w/o Sur.
yoochoose1_64,popular,33407,wearec,mrr,10,0.0044924726840895575,TC-SACP-G w/o Sur.
yoochoose1_64,popular,33407,wearec,mrr,20,0.01888905456924625,TC-SACP-G w/o Sur.
yoochoose1_64,popular,33407,wearec,mrr,30,0.023775658998761162,TC-SACP-G w/o Sur.
yoochoose1_64,popular,33407,wearec,mrr,40,0.026806187497063552,TC-SACP-G w/o Sur.
yoochoose1_64,popular,33407,wearec,mrr,50,0.02895084340481276,TC-SACP-G w/o Sur.
yoochoose1_64,popular,33497,freqrec,recall,10,0.011377866828866864,TC-SACP-G w/o Sur.
yoochoose1_64,popular,33497,freqrec,recall,20,0.11653368635729364,TC-SACP-G w/o Sur.
yoochoose1_64,popular,33497,freqrec,recall,30,0.2520125943683137,TC-SACP-G w/o Sur.
yoochoose1_64,popular,33497,freqrec,recall,40,0.3639307309742746,TC-SACP-G w/o Sur.
yoochoose1_64,popular,33497,freqrec,recall,50,0.4661168557014562,TC-SACP-G w/o Sur.
yoochoose1_64,popular,33497,freqrec,mrr,10,0.001679994513816833,TC-SACP-G w/o Sur.
yoochoose1_64,popular,33497,freqrec,mrr,20,0.007881141331883158,TC-SACP-G w/o Sur.
yoochoose1_64,popular,33497,freqrec,mrr,30,0.013341818826715094,TC-SACP-G w/o Sur.
yoochoose1_64,popular,33497,freqrec,mrr,40,0.016531052838544304,TC-SACP-G w/o Sur.
yoochoose1_64,popular,33497,freqrec,mrr,50,0.018774445693571833,TC-SACP-G w/o Sur.
yoochoose1_64,popular,33497,mdhg,recall,10,0.08383126408816058,TC-SACP-G w/o Sur.
yoochoose1_64,popular,33497,mdhg,recall,20,0.19481913485276753,TC-SACP-G w/o Sur.
yoochoose1_64,popular,33497,mdhg,recall,30,0.2551790761744606,TC-SACP-G w/o Sur.
yoochoose1_64,popular,33497,mdhg,recall,40,0.31754266700060824,TC-SACP-G w/o Sur.
yoochoose1_64,popular,33497,mdhg,recall,50,0.37888654334681027,TC-SACP-G w/o Sur.
yoochoose1_64,popular,33497,mdhg,mrr,10,0.014132082699383855,TC-SACP-G w/o Sur.
yoochoose1_64,popular,33497,mdhg,mrr,20,0.022218229763819215,TC-SACP-G w/o Sur.
yoochoose1_64,popular,33497,mdhg,mrr,30,0.02460964617534161,TC-SACP-G w/o Sur.
yoochoose1_64,popular,33497,mdhg,mrr,40,0.02636488309122411,TC-SACP-G w/o Sur.
yoochoose1_64,popular,33497,mdhg,mrr,50,0.027712193513627154,TC-SACP-G w/o Sur.
yoochoose1_64,popular,33497,miasrec,recall,10,0.1800064403019786,TC-SACP-G w/o Sur.
yoochoose1_64,popular,33497,miasrec,recall,20,0.4079036817059644,TC-SACP-G w/o Sur.
yoochoose1_64,popular,33497,miasrec,recall,30,0.5324161866256396,TC-SACP-G w/o Sur.
yoochoose1_64,popular,33497,miasrec,recall,40,0.6120075852445526,TC-SACP-G w/o Sur.
yoochoose1_64,popular,33497,miasrec,recall,50,0.6821710973558982,TC-SACP-G w/o Sur.
yoochoose1_64,popular,33497,miasrec,mrr,10,0.033015776468136124,TC-SACP-G w/o Sur.
yoochoose1_64,popular,33497,miasrec,mrr,20,0.048455741376366955,TC-SACP-G w/o Sur.
yoochoose1_64,popular,33497,miasrec,mrr,30,0.0535206775262762,TC-SACP-G w/o Sur.
yoochoose1_64,popular,33497,miasrec,mrr,40,0.05578682338578688,TC-SACP-G w/o Sur.
yoochoose1_64,popular,33497,miasrec,mrr,50,0.05734241922699473,TC-SACP-G w/o Sur.
yoochoose1_64,popular,33497,srgnn,recall,10,0.18918387062148914,TC-SACP-G w/o Sur.
yoochoose1_64,popular,33497,srgnn,recall,20,0.35260653332856273,TC-SACP-G w/o Sur.
yoochoose1_64,popular,33497,srgnn,recall,30,0.44416615979104795,TC-SACP-G w/o Sur.
yoochoose1_64,popular,33497,srgnn,recall,40,0.5108769544527533,TC-SACP-G w/o Sur.
yoochoose1_64,popular,33497,srgnn,recall,50,0.565082829439336,TC-SACP-G w/o Sur.
yoochoose1_64,popular,33497,srgnn,mrr,10,0.04452539546236995,TC-SACP-G w/o Sur.
yoochoose1_64,popular,33497,srgnn,mrr,20,0.055845697476698,TC-SACP-G w/o Sur.
yoochoose1_64,popular,33497,srgnn,mrr,30,0.05959818012680155,TC-SACP-G w/o Sur.
yoochoose1_64,popular,33497,srgnn,mrr,40,0.06150238961468749,TC-SACP-G w/o Sur.
yoochoose1_64,popular,33497,srgnn,mrr,50,0.0627019006502954,TC-SACP-G w/o Sur.
yoochoose1_64,popular,33497,tron,recall,10,0.7029740243443343,TC-SACP-G w/o Sur.
yoochoose1_64,popular,33497,tron,recall,20,0.8352544682071599,TC-SACP-G w/o Sur.
yoochoose1_64,popular,33497,tron,recall,30,0.8816126776975064,TC-SACP-G w/o Sur.
yoochoose1_64,popular,33497,tron,recall,40,0.9112453614900597,TC-SACP-G w/o Sur.
yoochoose1_64,popular,33497,tron,recall,50,0.9291540433465393,TC-SACP-G w/o Sur.
yoochoose1_64,popular,33497,tron,mrr,10,0.2832206091120097,TC-SACP-G w/o Sur.
yoochoose1_64,popular,33497,tron,mrr,20,0.29270893748891447,TC-SACP-G w/o Sur.
yoochoose1_64,popular,33497,tron,mrr,30,0.29459088280795354,TC-SACP-G w/o Sur.
yoochoose1_64,popular,33497,tron,mrr,40,0.29544106089342126,TC-SACP-G w/o Sur.
yoochoose1_64,popular,33497,tron,mrr,50,0.2958416955679664,TC-SACP-G w/o Sur.
yoochoose1_64,popular,33497,wearec,recall,10,0.0362445883573652,TC-SACP-G w/o Sur.
yoochoose1_64,popular,33497,wearec,recall,20,0.2572363948620702,TC-SACP-G w/o Sur.
yoochoose1_64,popular,33497,wearec,recall,30,0.41715267093634834,TC-SACP-G w/o Sur.
yoochoose1_64,popular,33497,wearec,recall,40,0.5565852087731225,TC-SACP-G w/o Sur.
yoochoose1_64,popular,33497,wearec,recall,50,0.6821532076281799,TC-SACP-G w/o Sur.
yoochoose1_64,popular,33497,wearec,mrr,10,0.010030379881269001,TC-SACP-G w/o Sur.
yoochoose1_64,popular,33497,wearec,mrr,20,0.02449501974511426,TC-SACP-G w/o Sur.
yoochoose1_64,popular,33497,wearec,mrr,30,0.030933642873344658,TC-SACP-G w/o Sur.
yoochoose1_64,popular,33497,wearec,mrr,40,0.03487692735831152,TC-SACP-G w/o Sur.
yoochoose1_64,popular,33497,wearec,mrr,50,0.037668643442126656,TC-SACP-G w/o Sur.
yoochoose1_64,popular,33916,freqrec,recall,10,0.013810869798561666,TC-SACP-G w/o Sur.
yoochoose1_64,popular,33916,freqrec,recall,20,0.15193745751189666,TC-SACP-G w/o Sur.
yoochoose1_64,popular,33916,freqrec,recall,30,0.2764857418870085,TC-SACP-G w/o Sur.
yoochoose1_64,popular,33916,freqrec,recall,40,0.3725356900067981,TC-SACP-G w/o Sur.
yoochoose1_64,popular,33916,freqrec,recall,50,0.4648824644888905,TC-SACP-G w/o Sur.
yoochoose1_64,popular,33916,freqrec,mrr,10,0.002107977853085013,TC-SACP-G w/o Sur.
yoochoose1_64,popular,33916,freqrec,mrr,20,0.010718215693430667,TC-SACP-G w/o Sur.
yoochoose1_64,popular,33916,freqrec,mrr,30,0.015738620048683278,TC-SACP-G w/o Sur.
yoochoose1_64,popular,33916,freqrec,mrr,40,0.018482700538313437,TC-SACP-G w/o Sur.
yoochoose1_64,popular,33916,freqrec,mrr,50,0.02052857279066788,TC-SACP-G w/o Sur.
yoochoose1_64,popular,33916,mdhg,recall,10,0.06277505456366954,TC-SACP-G w/o Sur.
yoochoose1_64,popular,33916,mdhg,recall,20,0.19260080861569287,TC-SACP-G w/o Sur.
yoochoose1_64,popular,33916,mdhg,recall,30,0.26829224659200684,TC-SACP-G w/o Sur.
yoochoose1_64,popular,33916,mdhg,recall,40,0.4301585029875845,TC-SACP-G w/o Sur.
yoochoose1_64,popular,33916,mdhg,recall,50,0.5627392751082329,TC-SACP-G w/o Sur.
yoochoose1_64,popular,33916,mdhg,mrr,10,0.01121398414458989,TC-SACP-G w/o Sur.
yoochoose1_64,popular,33916,mdhg,mrr,20,0.020626929125216503,TC-SACP-G w/o Sur.
yoochoose1_64,popular,33916,mdhg,mrr,30,0.023562257220956447,TC-SACP-G w/o Sur.
yoochoose1_64,popular,33916,mdhg,mrr,40,0.028107822751225482,TC-SACP-G w/o Sur.
yoochoose1_64,popular,33916,mdhg,mrr,50,0.03106493237745925,TC-SACP-G w/o Sur.
yoochoose1_64,popular,33916,miasrec,recall,10,0.0735446706501127,TC-SACP-G w/o Sur.
yoochoose1_64,popular,33916,miasrec,recall,20,0.2273605495724355,TC-SACP-G w/o Sur.
yoochoose1_64,popular,33916,miasrec,recall,30,0.34820566030985006,TC-SACP-G w/o Sur.
yoochoose1_64,popular,33916,miasrec,recall,40,0.4262585423449855,TC-SACP-G w/o Sur.
yoochoose1_64,popular,33916,miasrec,recall,50,0.48957028874020536,TC-SACP-G w/o Sur.
yoochoose1_64,popular,33916,miasrec,mrr,10,0.012339851441429316,TC-SACP-G w/o Sur.
yoochoose1_64,popular,33916,miasrec,mrr,20,0.02256143140202044,TC-SACP-G w/o Sur.
yoochoose1_64,popular,33916,miasrec,mrr,30,0.027448870095502998,TC-SACP-G w/o Sur.
yoochoose1_64,popular,33916,miasrec,mrr,40,0.029677396876849834,TC-SACP-G w/o Sur.
yoochoose1_64,popular,33916,miasrec,mrr,50,0.031077608739300055,TC-SACP-G w/o Sur.
yoochoose1_64,popular,33916,srgnn,recall,10,0.196142974703925,TC-SACP-G w/o Sur.
yoochoose1_64,popular,33916,srgnn,recall,20,0.35965508604959034,TC-SACP-G w/o Sur.
yoochoose1_64,popular,33916,srgnn,recall,30,0.4654907152313142,TC-SACP-G w/o Sur.
yoochoose1_64,popular,33916,srgnn,recall,40,0.5473719989981752,TC-SACP-G w/o Sur.
yoochoose1_64,popular,33916,srgnn,recall,50,0.6190203585101435,TC-SACP-G w/o Sur.
yoochoose1_64,popular,33916,srgnn,mrr,10,0.04653012402976624,TC-SACP-G w/o Sur.
yoochoose1_64,popular,33916,srgnn,mrr,20,0.057839449489355384,TC-SACP-G w/o Sur.
yoochoose1_64,popular,33916,srgnn,mrr,30,0.06213166831245687,TC-SACP-G w/o Sur.
yoochoose1_64,popular,33916,srgnn,mrr,40,0.0644630370328642,TC-SACP-G w/o Sur.
yoochoose1_64,popular,33916,srgnn,mrr,50,0.0660510987293972,TC-SACP-G w/o Sur.
yoochoose1_64,popular,33916,tron,recall,10,0.6085545775594715,TC-SACP-G w/o Sur.
yoochoose1_64,popular,33916,tron,recall,20,0.7446175358084004,TC-SACP-G w/o Sur.
yoochoose1_64,popular,33916,tron,recall,30,0.8255740996360899,TC-SACP-G w/o Sur.
yoochoose1_64,popular,33916,tron,recall,40,0.8784755212161411,TC-SACP-G w/o Sur.
yoochoose1_64,popular,33916,tron,recall,50,0.9081978380510192,TC-SACP-G w/o Sur.
yoochoose1_64,popular,33916,tron,mrr,10,0.25005446985754604,TC-SACP-G w/o Sur.
yoochoose1_64,popular,33916,tron,mrr,20,0.25956531797638,TC-SACP-G w/o Sur.
yoochoose1_64,popular,33916,tron,mrr,30,0.26282189607132556,TC-SACP-G w/o Sur.
yoochoose1_64,popular,33916,tron,mrr,40,0.26433314589331675,TC-SACP-G w/o Sur.
yoochoose1_64,popular,33916,tron,mrr,50,0.2649973663816176,TC-SACP-G w/o Sur.
yoochoose1_64,popular,33916,wearec,recall,10,0.035707896525814874,TC-SACP-G w/o Sur.
yoochoose1_64,popular,33916,wearec,recall,20,0.24968692976492898,TC-SACP-G w/o Sur.
yoochoose1_64,popular,33916,wearec,recall,30,0.37697234248094746,TC-SACP-G w/o Sur.
yoochoose1_64,popular,33916,wearec,recall,40,0.49937385952985797,TC-SACP-G w/o Sur.
yoochoose1_64,popular,33916,wearec,recall,50,0.593831621882715,TC-SACP-G w/o Sur.
yoochoose1_64,popular,33916,wearec,mrr,10,0.01026413899012203,TC-SACP-G w/o Sur.
yoochoose1_64,popular,33916,wearec,mrr,20,0.024446432301523734,TC-SACP-G w/o Sur.
yoochoose1_64,popular,33916,wearec,mrr,30,0.02955097770202759,TC-SACP-G w/o Sur.
yoochoose1_64,popular,33916,wearec,mrr,40,0.03301787548105492,TC-SACP-G w/o Sur.
yoochoose1_64,popular,33916,wearec,mrr,50,0.0350981309203915,TC-SACP-G w/o Sur.
yoochoose1_64,popular,3528,freqrec,recall,10,0.009070091953200472,TC-SACP-G w/o Sur.
yoochoose1_64,popular,3528,freqrec,recall,20,0.1018819993559698,TC-SACP-G w/o Sur.
yoochoose1_64,popular,3528,freqrec,recall,30,0.22287022791513114,TC-SACP-G w/o Sur.
yoochoose1_64,popular,3528,freqrec,recall,40,0.32036924398010663,TC-SACP-G w/o Sur.
yoochoose1_64,popular,3528,freqrec,recall,50,0.4190847615299295,TC-SACP-G w/o Sur.
yoochoose1_64,popular,3528,freqrec,mrr,10,0.0013692669811851178,TC-SACP-G w/o Sur.
yoochoose1_64,popular,3528,freqrec,mrr,20,0.0069530064699582055,TC-SACP-G w/o Sur.
yoochoose1_64,popular,3528,freqrec,mrr,30,0.011740518093387846,TC-SACP-G w/o Sur.
yoochoose1_64,popular,3528,freqrec,mrr,40,0.014487203344090215,TC-SACP-G w/o Sur.
yoochoose1_64,popular,3528,freqrec,mrr,50,0.01666710700652419,TC-SACP-G w/o Sur.
yoochoose1_64,popular,3528,mdhg,recall,10,0.06708647894379048,TC-SACP-G w/o Sur.
yoochoose1_64,popular,3528,mdhg,recall,20,0.20041861962860924,TC-SACP-G w/o Sur.
yoochoose1_64,popular,3528,mdhg,recall,30,0.2699559912698129,TC-SACP-G w/o Sur.
yoochoose1_64,popular,3528,mdhg,recall,40,0.32174675301441913,TC-SACP-G w/o Sur.
yoochoose1_64,popular,3528,mdhg,recall,50,0.37718701921356756,TC-SACP-G w/o Sur.
yoochoose1_64,popular,3528,mdhg,mrr,10,0.011785298278553851,TC-SACP-G w/o Sur.
yoochoose1_64,popular,3528,mdhg,mrr,20,0.021394388245556343,TC-SACP-G w/o Sur.
yoochoose1_64,popular,3528,mdhg,mrr,30,0.024180236890514507,TC-SACP-G w/o Sur.
yoochoose1_64,popular,3528,mdhg,mrr,40,0.025641646161361286,TC-SACP-G w/o Sur.
yoochoose1_64,popular,3528,mdhg,mrr,50,0.026865188324657563,TC-SACP-G w/o Sur.
yoochoose1_64,popular,3528,miasrec,recall,10,0.1742101685212351,TC-SACP-G w/o Sur.
yoochoose1_64,popular,3528,miasrec,recall,20,0.39627535868904074,TC-SACP-G w/o Sur.
yoochoose1_64,popular,3528,miasrec,recall,30,0.5232029768506923,TC-SACP-G w/o Sur.
yoochoose1_64,popular,3528,miasrec,recall,40,0.6030448316576622,TC-SACP-G w/o Sur.
yoochoose1_64,popular,3528,miasrec,recall,50,0.675247772728899,TC-SACP-G w/o Sur.
yoochoose1_64,popular,3528,miasrec,mrr,10,0.03039593233025914,TC-SACP-G w/o Sur.
yoochoose1_64,popular,3528,miasrec,mrr,20,0.04582602721260601,TC-SACP-G w/o Sur.
yoochoose1_64,popular,3528,miasrec,mrr,30,0.050960526450239685,TC-SACP-G w/o Sur.
yoochoose1_64,popular,3528,miasrec,mrr,40,0.053236044515381914,TC-SACP-G w/o Sur.
yoochoose1_64,popular,3528,miasrec,mrr,50,0.054840016664405807,TC-SACP-G w/o Sur.
yoochoose1_64,popular,3528,srgnn,recall,10,0.19499803212995098,TC-SACP-G w/o Sur.
yoochoose1_64,popular,3528,srgnn,recall,20,0.34847400622562524,TC-SACP-G w/o Sur.
yoochoose1_64,popular,3528,srgnn,recall,30,0.4551146731546746,TC-SACP-G w/o Sur.
yoochoose1_64,popular,3528,srgnn,recall,40,0.5278185266020251,TC-SACP-G w/o Sur.
yoochoose1_64,popular,3528,srgnn,recall,50,0.6003613724999105,TC-SACP-G w/o Sur.
yoochoose1_64,popular,3528,srgnn,mrr,10,0.04327047365751791,TC-SACP-G w/o Sur.
yoochoose1_64,popular,3528,srgnn,mrr,20,0.05378258664279229,TC-SACP-G w/o Sur.
yoochoose1_64,popular,3528,srgnn,mrr,30,0.05811045117932307,TC-SACP-G w/o Sur.
yoochoose1_64,popular,3528,srgnn,mrr,40,0.06017820391588342,TC-SACP-G w/o Sur.
yoochoose1_64,popular,3528,srgnn,mrr,50,0.06178275762297658,TC-SACP-G w/o Sur.
yoochoose1_64,popular,3528,tron,recall,10,0.6557553376476705,TC-SACP-G w/o Sur.
yoochoose1_64,popular,3528,tron,recall,20,0.7705214850402452,TC-SACP-G w/o Sur.
yoochoose1_64,popular,3528,tron,recall,30,0.8278328523026729,TC-SACP-G w/o Sur.
yoochoose1_64,popular,3528,tron,recall,40,0.8604951329258018,TC-SACP-G w/o Sur.
yoochoose1_64,popular,3528,tron,recall,50,0.8828675402900525,TC-SACP-G w/o Sur.
yoochoose1_64,popular,3528,tron,mrr,10,0.3388368874968735,TC-SACP-G w/o Sur.
yoochoose1_64,popular,3528,tron,mrr,20,0.34691662386867683,TC-SACP-G w/o Sur.
yoochoose1_64,popular,3528,tron,mrr,30,0.34924364871218183,TC-SACP-G w/o Sur.
yoochoose1_64,popular,3528,tron,mrr,40,0.350180431433594,TC-SACP-G w/o Sur.
yoochoose1_64,popular,3528,tron,mrr,50,0.3506783781786962,TC-SACP-G w/o Sur.
yoochoose1_64,popular,3528,wearec,recall,10,0.05012701706680024,TC-SACP-G w/o Sur.
yoochoose1_64,popular,3528,wearec,recall,20,0.2340870871945329,TC-SACP-G w/o Sur.
yoochoose1_64,popular,3528,wearec,recall,30,0.3681348169880854,TC-SACP-G w/o Sur.
yoochoose1_64,popular,3528,wearec,recall,40,0.49400694121435473,TC-SACP-G w/o Sur.
yoochoose1_64,popular,3528,wearec,recall,50,0.5803606569108019,TC-SACP-G w/o Sur.
yoochoose1_64,popular,3528,wearec,mrr,10,0.012161096146211893,TC-SACP-G w/o Sur.
yoochoose1_64,popular,3528,wearec,mrr,20,0.024136599742803966,TC-SACP-G w/o Sur.
yoochoose1_64,popular,3528,wearec,mrr,30,0.029541114778167687,TC-SACP-G w/o Sur.
yoochoose1_64,popular,3528,wearec,mrr,40,0.03308525477229452,TC-SACP-G w/o Sur.
yoochoose1_64,popular,3528,wearec,mrr,50,0.034985295005711015,TC-SACP-G w/o Sur.
yoochoose1_64,popular,3660,freqrec,recall,10,0.011538874378331962,TC-SACP-G w/o Sur.
yoochoose1_64,popular,3660,freqrec,recall,20,0.15066728684389424,TC-SACP-G w/o Sur.
yoochoose1_64,popular,3660,freqrec,recall,30,0.2793480983219435,TC-SACP-G w/o Sur.
yoochoose1_64,popular,3660,freqrec,recall,40,0.3758810690901285,TC-SACP-G w/o Sur.
yoochoose1_64,popular,3660,freqrec,recall,50,0.4540233997638556,TC-SACP-G w/o Sur.
yoochoose1_64,popular,3660,freqrec,mrr,10,0.001753243010085831,TC-SACP-G w/o Sur.
yoochoose1_64,popular,3660,freqrec,mrr,20,0.01032570673388419,TC-SACP-G w/o Sur.
yoochoose1_64,popular,3660,freqrec,mrr,30,0.015475129816034706,TC-SACP-G w/o Sur.
yoochoose1_64,popular,3660,freqrec,mrr,40,0.018229722765462697,TC-SACP-G w/o Sur.
yoochoose1_64,popular,3660,freqrec,mrr,50,0.019952871796682623,TC-SACP-G w/o Sur.
yoochoose1_64,popular,3660,mdhg,recall,10,0.07413503166481807,TC-SACP-G w/o Sur.
yoochoose1_64,popular,3660,mdhg,recall,20,0.21104511789330566,TC-SACP-G w/o Sur.
yoochoose1_64,popular,3660,mdhg,recall,30,0.272353214784071,TC-SACP-G w/o Sur.
yoochoose1_64,popular,3660,mdhg,recall,40,0.32342838741994345,TC-SACP-G w/o Sur.
yoochoose1_64,popular,3660,mdhg,recall,50,0.37799205696089305,TC-SACP-G w/o Sur.
yoochoose1_64,popular,3660,mdhg,mrr,10,0.012791538669924302,TC-SACP-G w/o Sur.
yoochoose1_64,popular,3660,mdhg,mrr,20,0.02294129147804025,TC-SACP-G w/o Sur.
yoochoose1_64,popular,3660,mdhg,mrr,30,0.02535820034449005,TC-SACP-G w/o Sur.
yoochoose1_64,popular,3660,mdhg,mrr,40,0.026800324313903275,TC-SACP-G w/o Sur.
yoochoose1_64,popular,3660,mdhg,mrr,50,0.028006236557296435,TC-SACP-G w/o Sur.
yoochoose1_64,popular,3660,miasrec,recall,10,0.10290171383591541,TC-SACP-G w/o Sur.
yoochoose1_64,popular,3660,miasrec,recall,20,0.30255107517263585,TC-SACP-G w/o Sur.
yoochoose1_64,popular,3660,miasrec,recall,30,0.4329850799670829,TC-SACP-G w/o Sur.
yoochoose1_64,popular,3660,miasrec,recall,40,0.5265304662063044,TC-SACP-G w/o Sur.
yoochoose1_64,popular,3660,miasrec,recall,50,0.585101434756163,TC-SACP-G w/o Sur.
yoochoose1_64,popular,3660,miasrec,mrr,10,0.017833907508403912,TC-SACP-G w/o Sur.
yoochoose1_64,popular,3660,miasrec,mrr,20,0.03119253065503088,TC-SACP-G w/o Sur.
yoochoose1_64,popular,3660,miasrec,mrr,30,0.03651829963042004,TC-SACP-G w/o Sur.
yoochoose1_64,popular,3660,miasrec,mrr,40,0.039174580357326426,TC-SACP-G w/o Sur.
yoochoose1_64,popular,3660,miasrec,mrr,50,0.040465713383838975,TC-SACP-G w/o Sur.
yoochoose1_64,popular,3660,srgnn,recall,10,0.19929156678235357,TC-SACP-G w/o Sur.
yoochoose1_64,popular,3660,srgnn,recall,20,0.32922465920068694,TC-SACP-G w/o Sur.
yoochoose1_64,popular,3660,srgnn,recall,30,0.4323768292246592,TC-SACP-G w/o Sur.
yoochoose1_64,popular,3660,srgnn,recall,40,0.5102865934380478,TC-SACP-G w/o Sur.
yoochoose1_64,popular,3660,srgnn,recall,50,0.568982790081935,TC-SACP-G w/o Sur.
yoochoose1_64,popular,3660,srgnn,mrr,10,0.044257652969950365,TC-SACP-G w/o Sur.
yoochoose1_64,popular,3660,srgnn,mrr,20,0.053249839861350415,TC-SACP-G w/o Sur.
yoochoose1_64,popular,3660,srgnn,mrr,30,0.05736772477504914,TC-SACP-G w/o Sur.
yoochoose1_64,popular,3660,srgnn,mrr,40,0.05956786929299501,TC-SACP-G w/o Sur.
yoochoose1_64,popular,3660,srgnn,mrr,50,0.06086742606794481,TC-SACP-G w/o Sur.
yoochoose1_64,popular,3660,tron,recall,10,0.5849990140365344,TC-SACP-G w/o Sur.
yoochoose1_64,popular,3660,tron,recall,20,0.7203628345553305,TC-SACP-G w/o Sur.
yoochoose1_64,popular,3660,tron,recall,30,0.7802377068282451,TC-SACP-G w/o Sur.
yoochoose1_64,popular,3660,tron,recall,40,0.818761988419411,TC-SACP-G w/o Sur.
yoochoose1_64,popular,3660,tron,recall,50,0.8461538461538461,TC-SACP-G w/o Sur.
yoochoose1_64,popular,3660,tron,mrr,10,0.25694170921390685,TC-SACP-G w/o Sur.
yoochoose1_64,popular,3660,tron,mrr,20,0.26647286294686695,TC-SACP-G w/o Sur.
yoochoose1_64,popular,3660,tron,mrr,30,0.2689099050939606,TC-SACP-G w/o Sur.
yoochoose1_64,popular,3660,tron,mrr,40,0.270009919310329,TC-SACP-G w/o Sur.
yoochoose1_64,popular,3660,tron,mrr,50,0.2706162424346779,TC-SACP-G w/o Sur.
yoochoose1_64,popular,3660,wearec,recall,10,0.019267236752656625,TC-SACP-G w/o Sur.
yoochoose1_64,popular,3660,wearec,recall,20,0.1800422197574153,TC-SACP-G w/o Sur.
yoochoose1_64,popular,3660,wearec,recall,30,0.31507388457547675,TC-SACP-G w/o Sur.
yoochoose1_64,popular,3660,wearec,recall,40,0.4212494185838492,TC-SACP-G w/o Sur.
yoochoose1_64,popular,3660,wearec,recall,50,0.521521342445168,TC-SACP-G w/o Sur.
yoochoose1_64,popular,3660,wearec,mrr,10,0.0054342674610841635,TC-SACP-G w/o Sur.
yoochoose1_64,popular,3660,wearec,mrr,20,0.015667309619582622,TC-SACP-G w/o Sur.
yoochoose1_64,popular,3660,wearec,mrr,30,0.021109800495355865,TC-SACP-G w/o Sur.
yoochoose1_64,popular,3660,wearec,mrr,40,0.024127459805959678,TC-SACP-G w/o Sur.
yoochoose1_64,popular,3660,wearec,mrr,50,0.026350243288123944,TC-SACP-G w/o Sur.
yoochoose1_64,popular,3916,freqrec,recall,10,0.015385165837775949,TC-SACP-G w/o Sur.
yoochoose1_64,popular,3916,freqrec,recall,20,0.17256431357114746,TC-SACP-G w/o Sur.
yoochoose1_64,popular,3916,freqrec,recall,30,0.29212136391284127,TC-SACP-G w/o Sur.
yoochoose1_64,popular,3916,freqrec,recall,40,0.3798346989158825,TC-SACP-G w/o Sur.
yoochoose1_64,popular,3916,freqrec,recall,50,0.4561343876346202,TC-SACP-G w/o Sur.
yoochoose1_64,popular,3916,freqrec,mrr,10,0.002681088058919108,TC-SACP-G w/o Sur.
yoochoose1_64,popular,3916,freqrec,mrr,20,0.012619522141396874,TC-SACP-G w/o Sur.
yoochoose1_64,popular,3916,freqrec,mrr,30,0.01745184380761183,TC-SACP-G w/o Sur.
yoochoose1_64,popular,3916,freqrec,mrr,40,0.019937830972621466,TC-SACP-G w/o Sur.
yoochoose1_64,popular,3916,freqrec,mrr,50,0.021633260050311243,TC-SACP-G w/o Sur.
yoochoose1_64,popular,3916,mdhg,recall,10,0.06935847436402018,TC-SACP-G w/o Sur.
yoochoose1_64,popular,3916,mdhg,recall,20,0.20447958782067338,TC-SACP-G w/o Sur.
yoochoose1_64,popular,3916,mdhg,recall,30,0.27222798669004256,TC-SACP-G w/o Sur.
yoochoose1_64,popular,3916,mdhg,recall,40,0.3250205731868761,TC-SACP-G w/o Sur.
yoochoose1_64,popular,3916,mdhg,recall,50,0.3887080038641812,TC-SACP-G w/o Sur.
yoochoose1_64,popular,3916,mdhg,mrr,10,0.01242048299993128,TC-SACP-G w/o Sur.
yoochoose1_64,popular,3916,mdhg,mrr,20,0.02227431396349487,TC-SACP-G w/o Sur.
yoochoose1_64,popular,3916,mdhg,mrr,30,0.025016320933977293,TC-SACP-G w/o Sur.
yoochoose1_64,popular,3916,mdhg,mrr,40,0.02649419288568169,TC-SACP-G w/o Sur.
yoochoose1_64,popular,3916,mdhg,mrr,50,0.027879574699140767,TC-SACP-G w/o Sur.
yoochoose1_64,popular,3916,miasrec,recall,10,0.12882392929979605,TC-SACP-G w/o Sur.
yoochoose1_64,popular,3916,miasrec,recall,20,0.3969909477977745,TC-SACP-G w/o Sur.
yoochoose1_64,popular,3916,miasrec,recall,30,0.5432394718952378,TC-SACP-G w/o Sur.
yoochoose1_64,popular,3916,miasrec,recall,40,0.6379476904361515,TC-SACP-G w/o Sur.
yoochoose1_64,popular,3916,miasrec,recall,50,0.7072524956170168,TC-SACP-G w/o Sur.
yoochoose1_64,popular,3916,miasrec,mrr,10,0.022567039624895004,TC-SACP-G w/o Sur.
yoochoose1_64,popular,3916,miasrec,mrr,20,0.04077268649676326,TC-SACP-G w/o Sur.
yoochoose1_64,popular,3916,miasrec,mrr,30,0.04675248053188569,TC-SACP-G w/o Sur.
yoochoose1_64,popular,3916,miasrec,mrr,40,0.0494693259010255,TC-SACP-G w/o Sur.
yoochoose1_64,popular,3916,miasrec,mrr,50,0.051007180339619235,TC-SACP-G w/o Sur.
yoochoose1_64,popular,3916,srgnn,recall,10,0.22279866900425777,TC-SACP-G w/o Sur.
yoochoose1_64,popular,3916,srgnn,recall,20,0.3858993166124012,TC-SACP-G w/o Sur.
yoochoose1_64,popular,3916,srgnn,recall,30,0.5022719954202297,TC-SACP-G w/o Sur.
yoochoose1_64,popular,3916,srgnn,recall,40,0.5847436402017961,TC-SACP-G w/o Sur.
yoochoose1_64,popular,3916,srgnn,recall,50,0.6484668503345379,TC-SACP-G w/o Sur.
yoochoose1_64,popular,3916,srgnn,mrr,10,0.05121792840360589,TC-SACP-G w/o Sur.
yoochoose1_64,popular,3916,srgnn,mrr,20,0.06238990901722802,TC-SACP-G w/o Sur.
yoochoose1_64,popular,3916,srgnn,mrr,30,0.06708000337424636,TC-SACP-G w/o Sur.
yoochoose1_64,popular,3916,srgnn,mrr,40,0.06942201003364,TC-SACP-G w/o Sur.
yoochoose1_64,popular,3916,srgnn,mrr,50,0.07083512473495919,TC-SACP-G w/o Sur.
yoochoose1_64,popular,3916,tron,recall,10,0.2679669433339906,TC-SACP-G w/o Sur.
yoochoose1_64,popular,3916,tron,recall,20,0.3821773658641522,TC-SACP-G w/o Sur.
yoochoose1_64,popular,3916,tron,recall,30,0.4536686804223509,TC-SACP-G w/o Sur.
yoochoose1_64,popular,3916,tron,recall,40,0.5118225982826309,TC-SACP-G w/o Sur.
yoochoose1_64,popular,3916,tron,recall,50,0.5597404227094276,TC-SACP-G w/o Sur.
yoochoose1_64,popular,3916,tron,mrr,10,0.08688588916973909,TC-SACP-G w/o Sur.
yoochoose1_64,popular,3916,tron,mrr,20,0.09477143373815498,TC-SACP-G w/o Sur.
yoochoose1_64,popular,3916,tron,mrr,30,0.0976570828024072,TC-SACP-G w/o Sur.
yoochoose1_64,popular,3916,tron,mrr,40,0.09931557392196148,TC-SACP-G w/o Sur.
yoochoose1_64,popular,3916,tron,mrr,50,0.10037759021040397,TC-SACP-G w/o Sur.
yoochoose1_64,popular,3916,wearec,recall,10,0.053293498872947154,TC-SACP-G w/o Sur.
yoochoose1_64,popular,3916,wearec,recall,20,0.3026763032666643,TC-SACP-G w/o Sur.
yoochoose1_64,popular,3916,wearec,recall,30,0.42638377043901393,TC-SACP-G w/o Sur.
yoochoose1_64,popular,3916,wearec,recall,40,0.5320405023435544,TC-SACP-G w/o Sur.
yoochoose1_64,popular,3916,wearec,recall,50,0.643636623850585,TC-SACP-G w/o Sur.
yoochoose1_64,popular,3916,wearec,mrr,10,0.008038408393519488,TC-SACP-G w/o Sur.
yoochoose1_64,popular,3916,wearec,mrr,20,0.024941252239360154,TC-SACP-G w/o Sur.
yoochoose1_64,popular,3916,wearec,mrr,30,0.029836448583289717,TC-SACP-G w/o Sur.
yoochoose1_64,popular,3916,wearec,mrr,40,0.03283713669209676,TC-SACP-G w/o Sur.
yoochoose1_64,popular,3916,wearec,mrr,50,0.03530562761544952,TC-SACP-G w/o Sur.
yoochoose1_64,popular,6200,freqrec,recall,10,0.009427886507567354,TC-SACP-G w/o Sur.
yoochoose1_64,popular,6200,freqrec,recall,20,0.13225875702171813,TC-SACP-G w/o Sur.
yoochoose1_64,popular,6200,freqrec,recall,30,0.2640166016673226,TC-SACP-G w/o Sur.
yoochoose1_64,popular,6200,freqrec,recall,40,0.3592257325843501,TC-SACP-G w/o Sur.
yoochoose1_64,popular,6200,freqrec,recall,50,0.42919245769079395,TC-SACP-G w/o Sur.
yoochoose1_64,popular,6200,freqrec,mrr,10,0.0013744848184363016,TC-SACP-G w/o Sur.
yoochoose1_64,popular,6200,freqrec,mrr,20,0.008908390930233679,TC-SACP-G w/o Sur.
yoochoose1_64,popular,6200,freqrec,mrr,30,0.014129950641701196,TC-SACP-G w/o Sur.
yoochoose1_64,popular,6200,freqrec,mrr,40,0.016873102503360597,TC-SACP-G w/o Sur.
yoochoose1_64,popular,6200,freqrec,mrr,50,0.018419077207272618,TC-SACP-G w/o Sur.
yoochoose1_64,popular,6200,mdhg,recall,10,0.0838849332713156,TC-SACP-G w/o Sur.
yoochoose1_64,popular,6200,mdhg,recall,20,0.17893305663887796,TC-SACP-G w/o Sur.
yoochoose1_64,popular,6200,mdhg,recall,30,0.2484704282800816,TC-SACP-G w/o Sur.
yoochoose1_64,popular,6200,mdhg,recall,40,0.3097785251708469,TC-SACP-G w/o Sur.
yoochoose1_64,popular,6200,mdhg,recall,50,0.40720598232494903,TC-SACP-G w/o Sur.
yoochoose1_64,popular,6200,mdhg,mrr,10,0.013517059417181067,TC-SACP-G w/o Sur.
yoochoose1_64,popular,6200,mdhg,mrr,20,0.02037417754726188,TC-SACP-G w/o Sur.
yoochoose1_64,popular,6200,mdhg,mrr,30,0.023084488834028125,TC-SACP-G w/o Sur.
yoochoose1_64,popular,6200,mdhg,mrr,40,0.0248235011033419,TC-SACP-G w/o Sur.
yoochoose1_64,popular,6200,mdhg,mrr,50,0.026940935039030403,TC-SACP-G w/o Sur.
yoochoose1_64,popular,6200,miasrec,recall,10,0.23304948298686895,TC-SACP-G w/o Sur.
yoochoose1_64,popular,6200,miasrec,recall,20,0.47117964864574763,TC-SACP-G w/o Sur.
yoochoose1_64,popular,6200,miasrec,recall,30,0.6008443951483058,TC-SACP-G w/o Sur.
yoochoose1_64,popular,6200,miasrec,recall,40,0.6805431321335289,TC-SACP-G w/o Sur.
yoochoose1_64,popular,6200,miasrec,recall,50,0.7394897849654728,TC-SACP-G w/o Sur.
yoochoose1_64,popular,6200,miasrec,mrr,10,0.04448779863776823,TC-SACP-G w/o Sur.
yoochoose1_64,popular,6200,miasrec,mrr,20,0.06129740436789241,TC-SACP-G w/o Sur.
yoochoose1_64,popular,6200,miasrec,mrr,30,0.06655441323436426,TC-SACP-G w/o Sur.
yoochoose1_64,popular,6200,miasrec,mrr,40,0.06883459168583846,TC-SACP-G w/o Sur.
yoochoose1_64,popular,6200,miasrec,mrr,50,0.07014359664715855,TC-SACP-G w/o Sur.
yoochoose1_64,popular,6200,srgnn,recall,10,0.2213496010590719,TC-SACP-G w/o Sur.
yoochoose1_64,popular,6200,srgnn,recall,20,0.3605674621632259,TC-SACP-G w/o Sur.
yoochoose1_64,popular,6200,srgnn,recall,30,0.4447028516225983,TC-SACP-G w/o Sur.
yoochoose1_64,popular,6200,srgnn,recall,40,0.5123439121256574,TC-SACP-G w/o Sur.
yoochoose1_64,popular,6200,srgnn,recall,50,0.5804143260939568,TC-SACP-G w/o Sur.
yoochoose1_64,popular,6200,srgnn,mrr,10,0.04837321322794864,TC-SACP-G w/o Sur.
yoochoose1_64,popular,6200,srgnn,mrr,20,0.057741070378297885,TC-SACP-G w/o Sur.
yoochoose1_64,popular,6200,srgnn,mrr,30,0.0611038570230051,TC-SACP-G w/o Sur.
yoochoose1_64,popular,6200,srgnn,mrr,40,0.06303585950866925,TC-SACP-G w/o Sur.
yoochoose1_64,popular,6200,srgnn,mrr,50,0.06453375962361893,TC-SACP-G w/o Sur.
yoochoose1_64,popular,6200,tron,recall,10,0.6356416829500027,TC-SACP-G w/o Sur.
yoochoose1_64,popular,6200,tron,recall,20,0.7858308086693079,TC-SACP-G w/o Sur.
yoochoose1_64,popular,6200,tron,recall,30,0.8506354982700823,TC-SACP-G w/o Sur.
yoochoose1_64,popular,6200,tron,recall,40,0.8857716508613735,TC-SACP-G w/o Sur.
yoochoose1_64,popular,6200,tron,recall,50,0.9051503146119786,TC-SACP-G w/o Sur.
yoochoose1_64,popular,6200,tron,mrr,10,0.29807340889256523,TC-SACP-G w/o Sur.
yoochoose1_64,popular,6200,tron,mrr,20,0.30851182334167543,TC-SACP-G w/o Sur.
yoochoose1_64,popular,6200,tron,mrr,30,0.31114416681582463,TC-SACP-G w/o Sur.
yoochoose1_64,popular,6200,tron,mrr,40,0.3121501836982042,TC-SACP-G w/o Sur.
yoochoose1_64,popular,6200,tron,mrr,50,0.31258240044666663,TC-SACP-G w/o Sur.
yoochoose1_64,popular,6200,wearec,recall,10,0.03021575011628323,TC-SACP-G w/o Sur.
yoochoose1_64,popular,6200,wearec,recall,20,0.22609037890443306,TC-SACP-G w/o Sur.
yoochoose1_64,popular,6200,wearec,recall,30,0.38051450856917957,TC-SACP-G w/o Sur.
yoochoose1_64,popular,6200,wearec,recall,40,0.4968335181938531,TC-SACP-G w/o Sur.
yoochoose1_64,popular,6200,wearec,recall,50,0.6251923145729722,TC-SACP-G w/o Sur.
yoochoose1_64,popular,6200,wearec,mrr,10,0.004369218139388807,TC-SACP-G w/o Sur.
yoochoose1_64,popular,6200,wearec,mrr,20,0.016740897429443832,TC-SACP-G w/o Sur.
yoochoose1_64,popular,6200,wearec,mrr,30,0.023052797620040567,TC-SACP-G w/o Sur.
yoochoose1_64,popular,6200,wearec,mrr,40,0.02640189834199133,TC-SACP-G w/o Sur.
yoochoose1_64,popular,6200,wearec,mrr,50,0.029244080716608313,TC-SACP-G w/o Sur.
yoochoose1_64,popular,6996,freqrec,recall,10,0.00940999677984901,TC-SACP-G w/o Sur.
yoochoose1_64,popular,6996,freqrec,recall,20,0.11576442806540485,TC-SACP-G w/o Sur.
yoochoose1_64,popular,6996,freqrec,recall,30,0.25303230884825934,TC-SACP-G w/o Sur.
yoochoose1_64,popular,6996,freqrec,recall,40,0.3647178789938817,TC-SACP-G w/o Sur.
yoochoose1_64,popular,6996,freqrec,recall,50,0.44307488640022896,TC-SACP-G w/o Sur.
yoochoose1_64,popular,6996,freqrec,mrr,10,0.0013269066616234673,TC-SACP-G w/o Sur.
yoochoose1_64,popular,6996,freqrec,mrr,20,0.0077310221758668165,TC-SACP-G w/o Sur.
yoochoose1_64,popular,6996,freqrec,mrr,30,0.013185907987919163,TC-SACP-G w/o Sur.
yoochoose1_64,popular,6996,freqrec,mrr,40,0.01637969053904635,TC-SACP-G w/o Sur.
yoochoose1_64,popular,6996,freqrec,mrr,50,0.018132841195143978,TC-SACP-G w/o Sur.
yoochoose1_64,popular,6996,mdhg,recall,10,0.04731832981502022,TC-SACP-G w/o Sur.
yoochoose1_64,popular,6996,mdhg,recall,20,0.1819564206232781,TC-SACP-G w/o Sur.
yoochoose1_64,popular,6996,mdhg,recall,30,0.25251350674442735,TC-SACP-G w/o Sur.
yoochoose1_64,popular,6996,mdhg,recall,40,0.31546745858528036,TC-SACP-G w/o Sur.
yoochoose1_64,popular,6996,mdhg,recall,50,0.3717664317149093,TC-SACP-G w/o Sur.
yoochoose1_64,popular,6996,mdhg,mrr,10,0.008014711603390984,TC-SACP-G w/o Sur.
yoochoose1_64,popular,6996,mdhg,mrr,20,0.017707504658542716,TC-SACP-G w/o Sur.
yoochoose1_64,popular,6996,mdhg,mrr,30,0.02049746648985586,TC-SACP-G w/o Sur.
yoochoose1_64,popular,6996,mdhg,mrr,40,0.02229388883496908,TC-SACP-G w/o Sur.
yoochoose1_64,popular,6996,mdhg,mrr,50,0.023544935485168016,TC-SACP-G w/o Sur.
yoochoose1_64,popular,6996,miasrec,recall,10,0.15118608894772623,TC-SACP-G w/o Sur.
yoochoose1_64,popular,6996,miasrec,recall,20,0.3700847973093849,TC-SACP-G w/o Sur.
yoochoose1_64,popular,6996,miasrec,recall,30,0.5125049196751226,TC-SACP-G w/o Sur.
yoochoose1_64,popular,6996,miasrec,recall,40,0.6135461018283301,TC-SACP-G w/o Sur.
yoochoose1_64,popular,6996,miasrec,recall,50,0.6973952556442091,TC-SACP-G w/o Sur.
yoochoose1_64,popular,6996,miasrec,mrr,10,0.029272343843974313,TC-SACP-G w/o Sur.
yoochoose1_64,popular,6996,miasrec,mrr,20,0.04415675528343621,TC-SACP-G w/o Sur.
yoochoose1_64,popular,6996,miasrec,mrr,30,0.04990060541602909,TC-SACP-G w/o Sur.
yoochoose1_64,popular,6996,miasrec,mrr,40,0.05277059035633467,TC-SACP-G w/o Sur.
yoochoose1_64,popular,6996,miasrec,mrr,50,0.05463174804361908,TC-SACP-G w/o Sur.
yoochoose1_64,popular,6996,srgnn,recall,10,0.1969837919066872,TC-SACP-G w/o Sur.
yoochoose1_64,popular,6996,srgnn,recall,20,0.35298221761064796,TC-SACP-G w/o Sur.
yoochoose1_64,popular,6996,srgnn,recall,30,0.4538087230312355,TC-SACP-G w/o Sur.
yoochoose1_64,popular,6996,srgnn,recall,40,0.5357973451644066,TC-SACP-G w/o Sur.
yoochoose1_64,popular,6996,srgnn,recall,50,0.6062828723746825,TC-SACP-G w/o Sur.
yoochoose1_64,popular,6996,srgnn,mrr,10,0.04423964255756091,TC-SACP-G w/o Sur.
yoochoose1_64,popular,6996,srgnn,mrr,20,0.054843081166480005,TC-SACP-G w/o Sur.
yoochoose1_64,popular,6996,srgnn,mrr,30,0.058944879833370406,TC-SACP-G w/o Sur.
yoochoose1_64,popular,6996,srgnn,mrr,40,0.06126436355016463,TC-SACP-G w/o Sur.
yoochoose1_64,popular,6996,srgnn,mrr,50,0.06282278469616398,TC-SACP-G w/o Sur.
yoochoose1_64,popular,6996,tron,recall,10,0.5291217754513023,TC-SACP-G w/o Sur.
yoochoose1_64,popular,6996,tron,recall,20,0.664288403276984,TC-SACP-G w/o Sur.
yoochoose1_64,popular,6996,tron,recall,30,0.7328935338723267,TC-SACP-G w/o Sur.
yoochoose1_64,popular,6996,tron,recall,40,0.7831597440080311,TC-SACP-G w/o Sur.
yoochoose1_64,popular,6996,tron,recall,50,0.8221321908108205,TC-SACP-G w/o Sur.
yoochoose1_64,popular,6996,tron,mrr,10,0.23756708606393995,TC-SACP-G w/o Sur.
yoochoose1_64,popular,6996,tron,mrr,20,0.24694864507488576,TC-SACP-G w/o Sur.
yoochoose1_64,popular,6996,tron,mrr,30,0.24972279839326686,TC-SACP-G w/o Sur.
yoochoose1_64,popular,6996,tron,mrr,40,0.25115746173957865,TC-SACP-G w/o Sur.
yoochoose1_64,popular,6996,tron,mrr,50,0.2520239635878267,TC-SACP-G w/o Sur.
yoochoose1_64,popular,6996,wearec,recall,10,0.04109270456903646,TC-SACP-G w/o Sur.
yoochoose1_64,popular,6996,wearec,recall,20,0.2588106909012845,TC-SACP-G w/o Sur.
yoochoose1_64,popular,6996,wearec,recall,30,0.44091022934630936,TC-SACP-G w/o Sur.
yoochoose1_64,popular,6996,wearec,recall,40,0.6468925542953237,TC-SACP-G w/o Sur.
yoochoose1_64,popular,6996,wearec,recall,50,0.7864860996815628,TC-SACP-G w/o Sur.
yoochoose1_64,popular,6996,wearec,mrr,10,0.010211896725725486,TC-SACP-G w/o Sur.
yoochoose1_64,popular,6996,wearec,mrr,20,0.02428721206959353,TC-SACP-G w/o Sur.
yoochoose1_64,popular,6996,wearec,mrr,30,0.03151633344694541,TC-SACP-G w/o Sur.
yoochoose1_64,popular,6996,wearec,mrr,40,0.037372876350827346,TC-SACP-G w/o Sur.
yoochoose1_64,popular,6996,wearec,mrr,50,0.04047427736034089,TC-SACP-G w/o Sur.
yoochoose1_64,popular,7759,freqrec,recall,10,0.009696232423342516,TC-SACP-G w/o Sur.
yoochoose1_64,popular,7759,freqrec,recall,20,0.11342087373430176,TC-SACP-G w/o Sur.
yoochoose1_64,popular,7759,freqrec,recall,30,0.24789795699309455,TC-SACP-G w/o Sur.
yoochoose1_64,popular,7759,freqrec,recall,40,0.36325092132097747,TC-SACP-G w/o Sur.
yoochoose1_64,popular,7759,freqrec,recall,50,0.4736126516154424,TC-SACP-G w/o Sur.
yoochoose1_64,popular,7759,freqrec,mrr,10,0.00142812560519813,TC-SACP-G w/o Sur.
yoochoose1_64,popular,7759,freqrec,mrr,20,0.007691599167669386,TC-SACP-G w/o Sur.
yoochoose1_64,popular,7759,freqrec,mrr,30,0.013027288072375062,TC-SACP-G w/o Sur.
yoochoose1_64,popular,7759,freqrec,mrr,40,0.01630156452233294,TC-SACP-G w/o Sur.
yoochoose1_64,popular,7759,freqrec,mrr,50,0.018732153484831277,TC-SACP-G w/o Sur.
yoochoose1_64,popular,7759,mdhg,recall,10,0.06824931124548285,TC-SACP-G w/o Sur.
yoochoose1_64,popular,7759,mdhg,recall,20,0.19413932519947047,TC-SACP-G w/o Sur.
yoochoose1_64,popular,7759,mdhg,recall,30,0.25036673941822607,TC-SACP-G w/o Sur.
yoochoose1_64,popular,7759,mdhg,recall,40,0.3023542881677341,TC-SACP-G w/o Sur.
yoochoose1_64,popular,7759,mdhg,recall,50,0.38350209309814304,TC-SACP-G w/o Sur.
yoochoose1_64,popular,7759,mdhg,mrr,10,0.01215207319227141,TC-SACP-G w/o Sur.
yoochoose1_64,popular,7759,mdhg,mrr,20,0.021335725980259998,TC-SACP-G w/o Sur.
yoochoose1_64,popular,7759,mdhg,mrr,30,0.023581352536728783,TC-SACP-G w/o Sur.
yoochoose1_64,popular,7759,mdhg,mrr,40,0.025052102455579036,TC-SACP-G w/o Sur.
yoochoose1_64,popular,7759,mdhg,mrr,50,0.026821532463884277,TC-SACP-G w/o Sur.
yoochoose1_64,popular,7759,miasrec,recall,10,0.11730294464918244,TC-SACP-G w/o Sur.
yoochoose1_64,popular,7759,miasrec,recall,20,0.33537872553579734,TC-SACP-G w/o Sur.
yoochoose1_64,popular,7759,miasrec,recall,30,0.48125156535117536,TC-SACP-G w/o Sur.
yoochoose1_64,popular,7759,miasrec,recall,40,0.572936419907689,TC-SACP-G w/o Sur.
yoochoose1_64,popular,7759,miasrec,recall,50,0.6445847794196572,TC-SACP-G w/o Sur.
yoochoose1_64,popular,7759,miasrec,mrr,10,0.017827205959607836,TC-SACP-G w/o Sur.
yoochoose1_64,popular,7759,miasrec,mrr,20,0.03289453015020369,TC-SACP-G w/o Sur.
yoochoose1_64,popular,7759,miasrec,mrr,30,0.03874048294759628,TC-SACP-G w/o Sur.
yoochoose1_64,popular,7759,miasrec,mrr,40,0.04135180468672889,TC-SACP-G w/o Sur.
yoochoose1_64,popular,7759,miasrec,mrr,50,0.04293167863319781,TC-SACP-G w/o Sur.
yoochoose1_64,popular,7759,srgnn,recall,10,0.21499874771905972,TC-SACP-G w/o Sur.
yoochoose1_64,popular,7759,srgnn,recall,20,0.35314322516011304,TC-SACP-G w/o Sur.
yoochoose1_64,popular,7759,srgnn,recall,30,0.4412143547175212,TC-SACP-G w/o Sur.
yoochoose1_64,popular,7759,srgnn,recall,40,0.5244552577909765,TC-SACP-G w/o Sur.
yoochoose1_64,popular,7759,srgnn,recall,50,0.5876417760921678,TC-SACP-G w/o Sur.
yoochoose1_64,popular,7759,srgnn,mrr,10,0.04974030788505367,TC-SACP-G w/o Sur.
yoochoose1_64,popular,7759,srgnn,mrr,20,0.059118879476121274,TC-SACP-G w/o Sur.
yoochoose1_64,popular,7759,srgnn,mrr,30,0.0626691015169198,TC-SACP-G w/o Sur.
yoochoose1_64,popular,7759,srgnn,mrr,40,0.06506064770962162,TC-SACP-G w/o Sur.
yoochoose1_64,popular,7759,srgnn,mrr,50,0.06645705823950072,TC-SACP-G w/o Sur.
yoochoose1_64,popular,7759,tron,recall,10,0.518903608626284,TC-SACP-G w/o Sur.
yoochoose1_64,popular,7759,tron,recall,20,0.7274617715074485,TC-SACP-G w/o Sur.
yoochoose1_64,popular,7759,tron,recall,30,0.8084541885520679,TC-SACP-G w/o Sur.
yoochoose1_64,popular,7759,tron,recall,40,0.8574655360952261,TC-SACP-G w/o Sur.
yoochoose1_64,popular,7759,tron,recall,50,0.888227596221071,TC-SACP-G w/o Sur.
yoochoose1_64,popular,7759,tron,mrr,10,0.1551848375607406,TC-SACP-G w/o Sur.
yoochoose1_64,popular,7759,tron,mrr,20,0.16987731553575458,TC-SACP-G w/o Sur.
yoochoose1_64,popular,7759,tron,mrr,30,0.17316040041241737,TC-SACP-G w/o Sur.
yoochoose1_64,popular,7759,tron,mrr,40,0.17456797921724082,TC-SACP-G w/o Sur.
yoochoose1_64,popular,7759,tron,mrr,50,0.17525371005868207,TC-SACP-G w/o Sur.
yoochoose1_64,popular,7759,wearec,recall,10,0.015671401481269456,TC-SACP-G w/o Sur.
yoochoose1_64,popular,7759,wearec,recall,20,0.18558803535010196,TC-SACP-G w/o Sur.
yoochoose1_64,popular,7759,wearec,recall,30,0.33208701563562204,TC-SACP-G w/o Sur.
yoochoose1_64,popular,7759,wearec,recall,40,0.4309993201903467,TC-SACP-G w/o Sur.
yoochoose1_64,popular,7759,wearec,recall,50,0.5225410569251135,TC-SACP-G w/o Sur.
yoochoose1_64,popular,7759,wearec,mrr,10,0.0023103944429394355,TC-SACP-G w/o Sur.
yoochoose1_64,popular,7759,wearec,mrr,20,0.013149626620053655,TC-SACP-G w/o Sur.
yoochoose1_64,popular,7759,wearec,mrr,30,0.01907040583925062,TC-SACP-G w/o Sur.
yoochoose1_64,popular,7759,wearec,mrr,40,0.02189569213929706,TC-SACP-G w/o Sur.
yoochoose1_64,popular,7759,wearec,mrr,50,0.023923196939255372,TC-SACP-G w/o Sur.
