dataset,target_type,target_item,victim_model,method,attack_size,recall20
diginetica,popular,11103,freqrec,TC-SACP-C,0.005,0.004732327713694173
diginetica,popular,11103,mdhg,TC-SACP-C,0.005,0.805728088336784
diginetica,popular,11103,miasrec,TC-SACP-C,0.005,0.3055473397088304
diginetica,popular,11103,srgnn,TC-SACP-C,0.005,0.17420881396036675
diginetica,popular,11103,tron,TC-SACP-C,0.005,0.16282165039929014
diginetica,popular,11103,wearec,TC-SACP-C,0.005,0.025206217752801605
diginetica,popular,1440,freqrec,TC-SACP-C,0.005,0.003976469814979132
diginetica,popular,1440,mdhg,TC-SACP-C,0.005,0.0005586775773111177
diginetica,popular,1440,miasrec,TC-SACP-C,0.005,0.34192710900785434
diginetica,popular,1440,srgnn,TC-SACP-C,0.005,0.17802096684084262
diginetica,popular,1440,tron,TC-SACP-C,0.005,0.021098294390219857
diginetica,popular,1440,wearec,TC-SACP-C,0.005,0.014837819185645272
diginetica,popular,14514,freqrec,TC-SACP-C,0.005,0.006654835847382431
diginetica,popular,14514,mdhg,TC-SACP-C,0.005,0.0007229945118143876
diginetica,popular,14514,miasrec,TC-SACP-C,0.005,0.43882480528443263
diginetica,popular,14514,srgnn,TC-SACP-C,0.005,0.17047881954714253
diginetica,popular,14514,tron,TC-SACP-C,0.005,0.05639357192152223
diginetica,popular,14514,wearec,TC-SACP-C,0.005,0.017713365539452495
diginetica,popular,32614,freqrec,TC-SACP-C,0.005,0.004107923362581748
diginetica,popular,32614,mdhg,TC-SACP-C,0.005,0.867790594498669
diginetica,popular,32614,miasrec,TC-SACP-C,0.005,0.27247034079332216
diginetica,popular,32614,srgnn,TC-SACP-C,0.005,0.18886588451805844
diginetica,popular,32614,tron,TC-SACP-C,0.005,0.10177790923132538
diginetica,popular,32614,wearec,TC-SACP-C,0.005,0.020391731571855795
diginetica,popular,3316,freqrec,TC-SACP-C,0.005,0.004107923362581748
diginetica,popular,3316,mdhg,TC-SACP-C,0.005,0.00024647540175490486
diginetica,popular,3316,miasrec,TC-SACP-C,0.005,0.32950474875940716
diginetica,popular,3316,srgnn,TC-SACP-C,0.005,0.17751158434388248
diginetica,popular,3316,tron,TC-SACP-C,0.005,0.016497420224128298
diginetica,popular,3316,wearec,TC-SACP-C,0.005,0.01830490650366427
diginetica,popular,39588,freqrec,TC-SACP-C,0.005,0.005586775773111177
diginetica,popular,39588,mdhg,TC-SACP-C,0.005,0.008659502448322325
diginetica,popular,39588,miasrec,TC-SACP-C,0.005,0.31769036116862204
diginetica,popular,39588,srgnn,TC-SACP-C,0.005,0.1768050215255184
diginetica,popular,39588,tron,TC-SACP-C,0.005,0.07972657662098656
diginetica,popular,39588,wearec,TC-SACP-C,0.005,0.01562654047126097
diginetica,popular,4092,freqrec,TC-SACP-C,0.005,0.005373163758256926
diginetica,popular,4092,mdhg,TC-SACP-C,0.005,0.0008215846725163496
diginetica,popular,4092,miasrec,TC-SACP-C,0.005,0.2634822044759933
diginetica,popular,4092,srgnn,TC-SACP-C,0.005,0.177035065233823
diginetica,popular,4092,tron,TC-SACP-C,0.005,0.00759144237405107
diginetica,popular,4092,wearec,TC-SACP-C,0.005,0.022840053895954518
diginetica,popular,5334,freqrec,TC-SACP-C,0.005,0.005685365933813139
diginetica,popular,5334,mdhg,TC-SACP-C,0.005,0.0011666502349732164
diginetica,popular,5334,miasrec,TC-SACP-C,0.005,0.2595057346610142
diginetica,popular,5334,srgnn,TC-SACP-C,0.005,0.1800749285221335
diginetica,popular,5334,tron,TC-SACP-C,0.005,0.0002957704821058858
diginetica,popular,5334,wearec,TC-SACP-C,0.005,0.01715468796214138
diginetica,popular,5418,freqrec,TC-SACP-C,0.005,0.006342633671826218
diginetica,popular,5418,mdhg,TC-SACP-C,0.005,0.9977652896907555
diginetica,popular,5418,miasrec,TC-SACP-C,0.005,0.4989812350060797
diginetica,popular,5418,srgnn,TC-SACP-C,0.005,0.17023234414538763
diginetica,popular,5418,tron,TC-SACP-C,0.005,0.0011830819284235432
diginetica,popular,5418,wearec,TC-SACP-C,0.005,0.02037529987840547
diginetica,popular,9496,freqrec,TC-SACP-C,0.005,0.004633737552992212
diginetica,popular,9496,mdhg,TC-SACP-C,0.005,0.0003122021755562128
diginetica,popular,9496,miasrec,TC-SACP-C,0.005,0.32712215320910976
diginetica,popular,9496,srgnn,TC-SACP-C,0.005,0.18138946399815964
diginetica,popular,9496,tron,TC-SACP-C,0.005,0.00011502185415228893
diginetica,popular,9496,wearec,TC-SACP-C,0.005,0.04075059975681094
diginetica,popular,11103,freqrec,CREAT,0.005,0.006112589963521641
diginetica,popular,11103,mdhg,CREAT,0.005,0.6414768806073153
diginetica,popular,11103,miasrec,CREAT,0.005,0.27598672319169215
diginetica,popular,11103,srgnn,CREAT,0.005,0.1351506786289395
diginetica,popular,11103,tron,CREAT,0.005,0.001593874264681718
diginetica,popular,11103,wearec,CREAT,0.005,0.029544184823687928
diginetica,popular,1440,freqrec,CREAT,0.005,0.0032699069966150712
diginetica,popular,1440,mdhg,CREAT,0.005,1
diginetica,popular,1440,miasrec,CREAT,0.005,0.3361595846067896
diginetica,popular,1440,srgnn,CREAT,0.005,0.11142331328666732
diginetica,popular,1440,tron,CREAT,0.005,0.2609845870715436
diginetica,popular,1440,wearec,CREAT,0.005,0.016694600545532224
diginetica,popular,14514,freqrec,CREAT,0.005,0.005685365933813139
diginetica,popular,14514,mdhg,CREAT,0.005,0.0001478852410529429
diginetica,popular,14514,miasrec,CREAT,0.005,0.261658286503007
diginetica,popular,14514,srgnn,CREAT,0.005,0.12787143843044463
diginetica,popular,14514,tron,CREAT,0.005,0
diginetica,popular,14514,wearec,CREAT,0.005,0.025682736862861086
diginetica,popular,32614,freqrec,CREAT,0.005,0.005208846823753656
diginetica,popular,32614,mdhg,CREAT,0.005,0.7298629596766243
diginetica,popular,32614,miasrec,CREAT,0.005,0.28180354267310787
diginetica,popular,32614,srgnn,CREAT,0.005,0.1430050280981958
diginetica,popular,32614,tron,CREAT,0.005,0.0044694206184889415
diginetica,popular,32614,wearec,CREAT,0.005,0.021821288902034244
diginetica,popular,3316,freqrec,CREAT,0.005,0.0029905682079595123
diginetica,popular,3316,mdhg,CREAT,0.005,0.00009859016070196194
diginetica,popular,3316,miasrec,CREAT,0.005,0.28597719280949097
diginetica,popular,3316,srgnn,CREAT,0.005,0.14223273850603044
diginetica,popular,3316,tron,CREAT,0.005,0
diginetica,popular,3316,wearec,CREAT,0.005,0.029889250386144796
diginetica,popular,39588,freqrec,CREAT,0.005,0.006506950606329488
diginetica,popular,39588,mdhg,CREAT,0.005,0.00011502185415228893
diginetica,popular,39588,miasrec,CREAT,0.005,0.3638634197640409
diginetica,popular,39588,srgnn,CREAT,0.005,0.13063196293009957
diginetica,popular,39588,tron,CREAT,0.005,0.10457129711788096
diginetica,popular,39588,wearec,CREAT,0.005,0.021164021164021163
diginetica,popular,4092,freqrec,CREAT,0.005,0.007377830359196819
diginetica,popular,4092,mdhg,CREAT,0.005,0.00011502185415228893
diginetica,popular,4092,miasrec,CREAT,0.005,0.2664070459101515
diginetica,popular,4092,srgnn,CREAT,0.005,0.15210818626967695
diginetica,popular,4092,tron,CREAT,0.005,0
diginetica,popular,4092,wearec,CREAT,0.005,0.02466397186894081
diginetica,popular,5334,freqrec,CREAT,0.005,0.004222945216734037
diginetica,popular,5334,mdhg,CREAT,0.005,0.00011502185415228893
diginetica,popular,5334,miasrec,CREAT,0.005,0.33198593447040653
diginetica,popular,5334,srgnn,CREAT,0.005,0.09323342863715535
diginetica,popular,5334,tron,CREAT,0.005,0.11820960268165237
diginetica,popular,5334,wearec,CREAT,0.005,0.011978704525288377
diginetica,popular,5418,freqrec,CREAT,0.005,0.003154885142462782
diginetica,popular,5418,mdhg,CREAT,0.005,0.00019718032140392388
diginetica,popular,5418,miasrec,CREAT,0.005,0.41987906273620557
diginetica,popular,5418,srgnn,CREAT,0.005,0.10330605672220579
diginetica,popular,5418,tron,CREAT,0.005,0.2396233855861185
diginetica,popular,5418,wearec,CREAT,0.005,0.017335436590094976
diginetica,popular,9496,freqrec,CREAT,0.005,0.0051924151303033295
diginetica,popular,9496,mdhg,CREAT,0.005,0.40180419994084593
diginetica,popular,9496,miasrec,CREAT,0.005,0.27409707844490455
diginetica,popular,9496,srgnn,CREAT,0.005,0.1366788261198199
diginetica,popular,9496,tron,CREAT,0.005,0
diginetica,popular,9496,wearec,CREAT,0.005,0.033865720201123925
diginetica,popular,11103,freqrec,TC-SACP-G,0.005,0.0030562949817608204
diginetica,popular,11103,mdhg,TC-SACP-G,0.005,0.001988234907489566
diginetica,popular,11103,miasrec,TC-SACP-G,0.005,0.403217325577574
diginetica,popular,11103,srgnn,TC-SACP-G,0.005,0.17006802721088435
diginetica,popular,11103,tron,TC-SACP-G,0.005,0.13700745998882644
diginetica,popular,11103,wearec,TC-SACP-G,0.005,0.02096684084261724
diginetica,popular,1440,freqrec,TC-SACP-G,0.005,0.0044365572315882874
diginetica,popular,1440,mdhg,TC-SACP-G,0.005,0.0022347103092444707
diginetica,popular,1440,miasrec,TC-SACP-G,0.005,0.17092247527030136
diginetica,popular,1440,srgnn,TC-SACP-G,0.005,0.1564625850340136
diginetica,popular,1440,tron,TC-SACP-G,0.005,0.019898780768345985
diginetica,popular,1440,wearec,TC-SACP-G,0.005,0.020046666009398927
diginetica,popular,14514,freqrec,TC-SACP-G,0.005,0.004337967070886325
diginetica,popular,14514,mdhg,TC-SACP-G,0.005,0.001889644746787604
diginetica,popular,14514,miasrec,TC-SACP-G,0.005,0.37344309704558154
diginetica,popular,14514,srgnn,TC-SACP-G,0.005,0.17315718557954582
diginetica,popular,14514,tron,TC-SACP-G,0.005,0.034095763909428506
diginetica,popular,14514,wearec,TC-SACP-G,0.005,0.020999704229517895
diginetica,popular,32614,freqrec,TC-SACP-G,0.005,0.003664267639422919
diginetica,popular,32614,mdhg,TC-SACP-G,0.005,0.9997699562916954
diginetica,popular,32614,miasrec,TC-SACP-G,0.005,0.32181471622465413
diginetica,popular,32614,srgnn,TC-SACP-G,0.005,0.16144138814946268
diginetica,popular,32614,tron,TC-SACP-G,0.005,0.22767754444773078
diginetica,popular,32614,wearec,TC-SACP-G,0.005,0.026816523710933647
diginetica,popular,3316,freqrec,TC-SACP-G,0.005,0.002859114660356896
diginetica,popular,3316,mdhg,TC-SACP-G,0.005,0.0014952841039797562
diginetica,popular,3316,miasrec,TC-SACP-G,0.005,0.2660619803476946
diginetica,popular,3316,srgnn,TC-SACP-G,0.005,0.1730750271122942
diginetica,popular,3316,tron,TC-SACP-G,0.005,0.018814289000624405
diginetica,popular,3316,wearec,TC-SACP-G,0.005,0.016448125143777317
diginetica,popular,39588,freqrec,TC-SACP-G,0.005,0.004551579085740576
diginetica,popular,39588,mdhg,TC-SACP-G,0.005,1
diginetica,popular,39588,miasrec,TC-SACP-G,0.005,0.25135561470965195
diginetica,popular,39588,srgnn,TC-SACP-G,0.005,0.16712675408327582
diginetica,popular,39588,tron,TC-SACP-G,0.005,0.052992211377304546
diginetica,popular,39588,wearec,TC-SACP-G,0.005,0.022675736961451247
diginetica,popular,4092,freqrec,TC-SACP-G,0.005,0.003138453449012455
diginetica,popular,4092,mdhg,TC-SACP-G,0.005,0.0030891583686614744
diginetica,popular,4092,miasrec,TC-SACP-G,0.005,0.22840053895954518
diginetica,popular,4092,srgnn,TC-SACP-G,0.005,0.16806336060994445
diginetica,popular,4092,tron,TC-SACP-G,0.005,0.023825955502974137
diginetica,popular,4092,wearec,TC-SACP-G,0.005,0.020441026652206776
diginetica,popular,5334,freqrec,TC-SACP-G,0.005,0.004403693844687633
diginetica,popular,5334,mdhg,TC-SACP-G,0.005,0.0022511420026947978
diginetica,popular,5334,miasrec,TC-SACP-G,0.005,0.32942259029215554
diginetica,popular,5334,srgnn,TC-SACP-G,0.005,0.1706431364816458
diginetica,popular,5334,tron,TC-SACP-G,0.005,0.039206020572480196
diginetica,popular,5334,wearec,TC-SACP-G,0.005,0.015281474908804101
diginetica,popular,5418,freqrec,TC-SACP-G,0.005,0.005438890532058234
diginetica,popular,5418,mdhg,TC-SACP-G,0.005,0.0041572184429327285
diginetica,popular,5418,miasrec,TC-SACP-G,0.005,0.2995333399060107
diginetica,popular,5418,srgnn,TC-SACP-G,0.005,0.1598639455782313
diginetica,popular,5418,tron,TC-SACP-G,0.005,0.07759045647244404
diginetica,popular,5418,wearec,TC-SACP-G,0.005,0.01513358966775116
diginetica,popular,9496,freqrec,TC-SACP-G,0.005,0.003483519011469322
diginetica,popular,9496,mdhg,TC-SACP-G,0.005,0.9976502678366033
diginetica,popular,9496,miasrec,TC-SACP-G,0.005,0.3152913339248743
diginetica,popular,9496,srgnn,TC-SACP-G,0.005,0.16747181964573268
diginetica,popular,9496,tron,TC-SACP-G,0.005,0.014919977652896908
diginetica,popular,9496,wearec,TC-SACP-G,0.005,0.01582372079266489
diginetica,popular,11103,freqrec,Poisoning-SSL,0.005,0.011255710013473988
diginetica,popular,11103,mdhg,Poisoning-SSL,0.005,0.9996385027440928
diginetica,popular,11103,miasrec,Poisoning-SSL,0.005,0.09967465246968353
diginetica,popular,11103,srgnn,Poisoning-SSL,0.005,0.08199415031713168
diginetica,popular,11103,tron,Poisoning-SSL,0.005,0.32616911498899076
diginetica,popular,11103,wearec,Poisoning-SSL,0.005,0.02832823950836373
diginetica,popular,1440,freqrec,Poisoning-SSL,0.005,0.008807387689375267
diginetica,popular,1440,mdhg,Poisoning-SSL,0.005,0.9999342732261987
diginetica,popular,1440,miasrec,Poisoning-SSL,0.005,0.2514542048703539
diginetica,popular,1440,srgnn,Poisoning-SSL,0.005,0.06725492129218837
diginetica,popular,1440,tron,Poisoning-SSL,0.005,0.028361102895264386
diginetica,popular,1440,wearec,Poisoning-SSL,0.005,0.022840053895954518
diginetica,popular,14514,freqrec,Poisoning-SSL,0.005,0.03881165992967235
diginetica,popular,14514,mdhg,Poisoning-SSL,0.005,0.01234020178119557
diginetica,popular,14514,miasrec,Poisoning-SSL,0.005,0.2651089421275757
diginetica,popular,14514,srgnn,Poisoning-SSL,0.005,0.12078937855335371
diginetica,popular,14514,tron,Poisoning-SSL,0.005,0.1506129021656972
diginetica,popular,14514,wearec,Poisoning-SSL,0.005,0.055818462650760785
diginetica,popular,32614,freqrec,Poisoning-SSL,0.005,0.012734562424003417
diginetica,popular,32614,mdhg,Poisoning-SSL,0.005,0.9997206612113444
diginetica,popular,32614,miasrec,Poisoning-SSL,0.005,0.14073745440205068
diginetica,popular,32614,srgnn,Poisoning-SSL,0.005,0.08887902987281869
diginetica,popular,32614,tron,Poisoning-SSL,0.005,0.33625817476749154
diginetica,popular,32614,wearec,Poisoning-SSL,0.005,0.045778697952611
diginetica,popular,3316,freqrec,Poisoning-SSL,0.005,0.012389496861546551
diginetica,popular,3316,mdhg,Poisoning-SSL,0.005,0.0041243550560320745
diginetica,popular,3316,miasrec,Poisoning-SSL,0.005,0.12760853133523942
diginetica,popular,3316,srgnn,Poisoning-SSL,0.005,0.07402477899372309
diginetica,popular,3316,tron,Poisoning-SSL,0.005,0.06479016727463932
diginetica,popular,3316,wearec,Poisoning-SSL,0.005,0.020835387295014624
diginetica,popular,39588,freqrec,Poisoning-SSL,0.005,0.05371520588911893
diginetica,popular,39588,mdhg,Poisoning-SSL,0.005,0.9994577541161392
diginetica,popular,39588,miasrec,Poisoning-SSL,0.005,0.17744585757008116
diginetica,popular,39588,srgnn,Poisoning-SSL,0.005,0.10149857044266983
diginetica,popular,39588,tron,Poisoning-SSL,0.005,0.09855729731506128
diginetica,popular,39588,wearec,Poisoning-SSL,0.005,0.08043313943935063
diginetica,popular,4092,freqrec,Poisoning-SSL,0.005,0.010565578888560256
diginetica,popular,4092,mdhg,Poisoning-SSL,0.005,0.0029741365145091853
diginetica,popular,4092,miasrec,Poisoning-SSL,0.005,0.09908311150547175
diginetica,popular,4092,srgnn,Poisoning-SSL,0.005,0.04899930986887509
diginetica,popular,4092,tron,Poisoning-SSL,0.005,0.15825363962009925
diginetica,popular,4092,wearec,Poisoning-SSL,0.005,0.016497420224128298
diginetica,popular,5334,freqrec,Poisoning-SSL,0.005,0.01539649676295639
diginetica,popular,5334,mdhg,Poisoning-SSL,0.005,0.009283906799434749
diginetica,popular,5334,miasrec,Poisoning-SSL,0.005,0.200351638239837
diginetica,popular,5334,srgnn,Poisoning-SSL,0.005,0.07121495941371718
diginetica,popular,5334,tron,Poisoning-SSL,0.005,0.02129547471162378
diginetica,popular,5334,wearec,Poisoning-SSL,0.005,0.03361924479936902
diginetica,popular,5418,freqrec,Poisoning-SSL,0.005,0.014114824673830885
diginetica,popular,5418,mdhg,Poisoning-SSL,0.005,0.0045351473922902496
diginetica,popular,5418,miasrec,Poisoning-SSL,0.005,0.15431003319202077
diginetica,popular,5418,srgnn,Poisoning-SSL,0.005,0.0629498176082027
diginetica,popular,5418,tron,Poisoning-SSL,0.005,0.11157119852772027
diginetica,popular,5418,wearec,Poisoning-SSL,0.005,0.02385881888987479
diginetica,popular,9496,freqrec,Poisoning-SSL,0.005,0.015708698938512605
diginetica,popular,9496,mdhg,Poisoning-SSL,0.005,0.004518715698839922
diginetica,popular,9496,miasrec,Poisoning-SSL,0.005,0.17401163363896283
diginetica,popular,9496,srgnn,Poisoning-SSL,0.005,0.05677150087087975
diginetica,popular,9496,tron,Poisoning-SSL,0.005,0.014262709914883829
diginetica,popular,9496,wearec,Poisoning-SSL,0.005,0.027210884353741496
diginetica,popular,11103,freqrec,DPSBR,0.005,0.003976469814979132
diginetica,popular,11103,mdhg,DPSBR,0.005,0.9996385027440928
diginetica,popular,11103,miasrec,DPSBR,0.005,0.25881560353610045
diginetica,popular,11103,srgnn,DPSBR,0.005,0.14284071116369254
diginetica,popular,11103,tron,DPSBR,0.005,0.3560583653751356
diginetica,popular,11103,wearec,DPSBR,0.005,0.021919879062736205
diginetica,popular,1440,freqrec,DPSBR,0.005,0.004009333201879786
diginetica,popular,1440,mdhg,DPSBR,0.005,1
diginetica,popular,1440,miasrec,DPSBR,0.005,0.12542311610634593
diginetica,popular,1440,srgnn,DPSBR,0.005,0.1411153833514082
diginetica,popular,1440,tron,DPSBR,0.005,0.1022708600348352
diginetica,popular,1440,wearec,DPSBR,0.005,0.02030957310460416
diginetica,popular,14514,freqrec,DPSBR,0.005,0.003647835945972592
diginetica,popular,14514,mdhg,DPSBR,0.005,0.00185678135988695
diginetica,popular,14514,miasrec,DPSBR,0.005,0.19543856189818923
diginetica,popular,14514,srgnn,DPSBR,0.005,0.1417233560090703
diginetica,popular,14514,tron,DPSBR,0.005,0.12670478819547143
diginetica,popular,14514,wearec,DPSBR,0.005,0.018107726182260343
diginetica,popular,32614,freqrec,DPSBR,0.005,0.003565677478720957
diginetica,popular,32614,mdhg,DPSBR,0.005,0.001791054586085642
diginetica,popular,32614,miasrec,DPSBR,0.005,0.2406585822734891
diginetica,popular,32614,srgnn,DPSBR,0.005,0.12985967333793422
diginetica,popular,32614,tron,DPSBR,0.005,0.35494101022051333
diginetica,popular,32614,wearec,DPSBR,0.005,0.026438594761576128
diginetica,popular,3316,freqrec,DPSBR,0.005,0.005110256663051694
diginetica,popular,3316,mdhg,DPSBR,0.005,0.0022018469223438167
diginetica,popular,3316,miasrec,DPSBR,0.005,0.3855203917315719
diginetica,popular,3316,srgnn,DPSBR,0.005,0.13551217588484668
diginetica,popular,3316,tron,DPSBR,0.005,0.14648854710966513
diginetica,popular,3316,wearec,DPSBR,0.005,0.015117157974300832
diginetica,popular,39588,freqrec,DPSBR,0.005,0.00404219658878044
diginetica,popular,39588,mdhg,DPSBR,0.005,0.0014624207170791021
diginetica,popular,39588,miasrec,DPSBR,0.005,0.3786683755627855
diginetica,popular,39588,srgnn,DPSBR,0.005,0.12782214335009365
diginetica,popular,39588,tron,DPSBR,0.005,0.12525879917184266
diginetica,popular,39588,wearec,DPSBR,0.005,0.019077196095829637
diginetica,popular,4092,freqrec,DPSBR,0.005,0.005028098195800059
diginetica,popular,4092,mdhg,DPSBR,0.005,0.003187748529363436
diginetica,popular,4092,miasrec,DPSBR,0.005,0.2273817739656249
diginetica,popular,4092,srgnn,DPSBR,0.005,0.13243944920963555
diginetica,popular,4092,tron,DPSBR,0.005,0.27271681619507704
diginetica,popular,4092,wearec,DPSBR,0.005,0.020161687863551218
diginetica,popular,5334,freqrec,DPSBR,0.005,0.004305103683985671
diginetica,popular,5334,mdhg,DPSBR,0.005,0.004173650136383056
diginetica,popular,5334,miasrec,DPSBR,0.005,0.22874560452200204
diginetica,popular,5334,srgnn,DPSBR,0.005,0.14931479838312137
diginetica,popular,5334,tron,DPSBR,0.005,0.11523546616714318
diginetica,popular,5334,wearec,DPSBR,0.005,0.015873015873015872
diginetica,popular,5418,freqrec,DPSBR,0.005,0.005126688356502021
diginetica,popular,5418,mdhg,DPSBR,0.005,1
diginetica,popular,5418,miasrec,DPSBR,0.005,0.3331032896250288
diginetica,popular,5418,srgnn,DPSBR,0.005,0.12690196851687535
diginetica,popular,5418,tron,DPSBR,0.005,0.30940878766965724
diginetica,popular,5418,wearec,DPSBR,0.005,0.014459890236287751
diginetica,popular,9496,freqrec,DPSBR,0.005,0.003483519011469322
diginetica,popular,9496,mdhg,DPSBR,0.005,1
diginetica,popular,9496,miasrec,DPSBR,0.005,0.5009201748332183
diginetica,popular,9496,srgnn,DPSBR,0.005,0.1375825692595879
diginetica,popular,9496,tron,DPSBR,0.005,0.10966512208748233
diginetica,popular,9496,wearec,DPSBR,0.005,0.020786092214663644
diginetica,unpopular,17290,freqrec,TC-SACP-C,0.005,0.005258141904104637
diginetica,unpopular,17290,mdhg,TC-SACP-C,0.005,0.7965920667784022
diginetica,unpopular,17290,miasrec,TC-SACP-C,0.005,0.19216865490157414
diginetica,unpopular,17290,srgnn,TC-SACP-C,0.005,0.1756876663708962
diginetica,unpopular,17290,tron,TC-SACP-C,0.005,0.06322915639685826
diginetica,unpopular,17290,wearec,TC-SACP-C,0.005,0.0210654310033192
diginetica,unpopular,20222,freqrec,TC-SACP-C,0.005,0.0041243550560320745
diginetica,unpopular,20222,mdhg,TC-SACP-C,0.005,0.00011502185415228893
diginetica,unpopular,20222,miasrec,TC-SACP-C,0.005,0.2629399585921325
diginetica,unpopular,20222,srgnn,TC-SACP-C,0.005,0.16620657925005752
diginetica,unpopular,20222,tron,TC-SACP-C,0.005,0.027260179434092476
diginetica,unpopular,20222,wearec,TC-SACP-C,0.005,0.020112392783200237
diginetica,unpopular,21325,freqrec,TC-SACP-C,0.005,0.006145453350422295
diginetica,unpopular,21325,mdhg,TC-SACP-C,0.005,0.8147655197344639
diginetica,unpopular,21325,miasrec,TC-SACP-C,0.005,0.31404252522264947
diginetica,unpopular,21325,srgnn,TC-SACP-C,0.005,0.16982155180912945
diginetica,unpopular,21325,tron,TC-SACP-C,0.005,0.047619047619047616
diginetica,unpopular,21325,wearec,TC-SACP-C,0.005,0.01938939827138585
diginetica,unpopular,23414,freqrec,TC-SACP-C,0.005,0.003565677478720957
diginetica,unpopular,23414,mdhg,TC-SACP-C,0.005,0.0002629070952052319
diginetica,unpopular,23414,miasrec,TC-SACP-C,0.005,0.23444740214926552
diginetica,unpopular,23414,srgnn,TC-SACP-C,0.005,0.18120871537020605
diginetica,unpopular,23414,tron,TC-SACP-C,0.005,0.006424792139077854
diginetica,unpopular,23414,wearec,TC-SACP-C,0.005,0.012964606132307996
diginetica,unpopular,28865,freqrec,TC-SACP-C,0.005,0.004781622794045154
diginetica,unpopular,28865,mdhg,TC-SACP-C,0.005,0.9959906667981202
diginetica,unpopular,28865,miasrec,TC-SACP-C,0.005,0.2393111834105623
diginetica,unpopular,28865,srgnn,TC-SACP-C,0.005,0.16012685267343651
diginetica,unpopular,28865,tron,TC-SACP-C,0.005,0.0061618850438726214
diginetica,unpopular,28865,wearec,TC-SACP-C,0.005,0.02338229977981531
diginetica,unpopular,29122,freqrec,TC-SACP-C,0.005,0.004305103683985671
diginetica,unpopular,29122,mdhg,TC-SACP-C,0.005,0.0005422458838607907
diginetica,unpopular,29122,miasrec,TC-SACP-C,0.005,0.29235268986821783
diginetica,unpopular,29122,srgnn,TC-SACP-C,0.005,0.16107989089355548
diginetica,unpopular,29122,tron,TC-SACP-C,0.005,0.008314436885865457
diginetica,unpopular,29122,wearec,TC-SACP-C,0.005,0.020720365440862334
diginetica,unpopular,32561,freqrec,TC-SACP-C,0.005,0.005291005291005291
diginetica,unpopular,32561,mdhg,TC-SACP-C,0.005,0.0008215846725163496
diginetica,unpopular,32561,miasrec,TC-SACP-C,0.005,0.36141509743994216
diginetica,unpopular,32561,srgnn,TC-SACP-C,0.005,0.16318314765519734
diginetica,unpopular,32561,tron,TC-SACP-C,0.005,0.06814223273850603
diginetica,unpopular,32561,wearec,TC-SACP-C,0.005,0.018058431101909363
diginetica,unpopular,33995,freqrec,TC-SACP-C,0.005,0.0030398632883104934
diginetica,unpopular,33995,mdhg,TC-SACP-C,0.005,0.00027933878865555884
diginetica,unpopular,33995,miasrec,TC-SACP-C,0.005,0.5336521081862696
diginetica,unpopular,33995,srgnn,TC-SACP-C,0.005,0.17621348056130665
diginetica,unpopular,33995,tron,TC-SACP-C,0.005,0.04403693844687633
diginetica,unpopular,33995,wearec,TC-SACP-C,0.005,0.02239639817279569
diginetica,unpopular,3660,freqrec,TC-SACP-C,0.005,0.004617305859541884
diginetica,unpopular,3660,mdhg,TC-SACP-C,0.005,0.000032863386900653985
diginetica,unpopular,3660,miasrec,TC-SACP-C,0.005,0.2294521673403661
diginetica,unpopular,3660,srgnn,TC-SACP-C,0.005,0.1915278188570114
diginetica,unpopular,3660,tron,TC-SACP-C,0.005,0.09188602977422854
diginetica,unpopular,3660,wearec,TC-SACP-C,0.005,0.020654638667061027
diginetica,unpopular,8829,freqrec,TC-SACP-C,0.005,0.004863781261296789
diginetica,unpopular,8829,mdhg,TC-SACP-C,0.005,0.0002957704821058858
diginetica,unpopular,8829,miasrec,TC-SACP-C,0.005,0.34348811988563543
diginetica,unpopular,8829,srgnn,TC-SACP-C,0.005,0.17042952446679155
diginetica,unpopular,8829,tron,TC-SACP-C,0.005,0.01730257320319432
diginetica,unpopular,8829,wearec,TC-SACP-C,0.005,0.01661244207828059
diginetica,unpopular,17290,freqrec,CREAT,0.005,0.0044694206184889415
diginetica,unpopular,17290,mdhg,CREAT,0.005,0.00008215846725163495
diginetica,unpopular,17290,miasrec,CREAT,0.005,0.2697591113740182
diginetica,unpopular,17290,srgnn,CREAT,0.005,0.12898879358506687
diginetica,unpopular,17290,tron,CREAT,0.005,0.11917907259522166
diginetica,unpopular,17290,wearec,CREAT,0.005,0.024171021065431002
diginetica,unpopular,20222,freqrec,CREAT,0.005,0.005323868677905945
diginetica,unpopular,20222,mdhg,CREAT,0.005,0.00006572677380130797
diginetica,unpopular,20222,miasrec,CREAT,0.005,0.252062177528016
diginetica,unpopular,20222,srgnn,CREAT,0.005,0.13427979887607217
diginetica,unpopular,20222,tron,CREAT,0.005,0.11285287061684578
diginetica,unpopular,20222,wearec,CREAT,0.005,0.020835387295014624
diginetica,unpopular,21325,freqrec,CREAT,0.005,0.006145453350422295
diginetica,unpopular,21325,mdhg,CREAT,0.005,0.0001478852410529429
diginetica,unpopular,21325,miasrec,CREAT,0.005,0.36731407538860955
diginetica,unpopular,21325,srgnn,CREAT,0.005,0.13035262414144402
diginetica,unpopular,21325,tron,CREAT,0.005,0.25782970192908083
diginetica,unpopular,21325,wearec,CREAT,0.005,0.02030957310460416
diginetica,unpopular,23414,freqrec,CREAT,0.005,0.004058628282230766
diginetica,unpopular,23414,mdhg,CREAT,0.005,0.00008215846725163495
diginetica,unpopular,23414,miasrec,CREAT,0.005,0.26928259226395873
diginetica,unpopular,23414,srgnn,CREAT,0.005,0.13212724703407933
diginetica,unpopular,23414,tron,CREAT,0.005,0.0649544842091426
diginetica,unpopular,23414,wearec,CREAT,0.005,0.025436261461106183
diginetica,unpopular,28865,freqrec,CREAT,0.005,0.003467087318018995
diginetica,unpopular,28865,mdhg,CREAT,0.005,0.0002957704821058858
diginetica,unpopular,28865,miasrec,CREAT,0.005,0.263367182621841
diginetica,unpopular,28865,srgnn,CREAT,0.005,0.13317887541490026
diginetica,unpopular,28865,tron,CREAT,0.005,0.0472411186696901
diginetica,unpopular,28865,wearec,CREAT,0.005,0.02561701008905978
diginetica,unpopular,29122,freqrec,CREAT,0.005,0.004239376910184363
diginetica,unpopular,29122,mdhg,CREAT,0.005,0.00006572677380130797
diginetica,unpopular,29122,miasrec,CREAT,0.005,0.24373130894870026
diginetica,unpopular,29122,srgnn,CREAT,0.005,0.12798646028459693
diginetica,unpopular,29122,tron,CREAT,0.005,0.0598442275460909
diginetica,unpopular,29122,wearec,CREAT,0.005,0.02461467678858983
diginetica,unpopular,32561,freqrec,CREAT,0.005,0.005274573597554964
diginetica,unpopular,32561,mdhg,CREAT,0.005,1
diginetica,unpopular,32561,miasrec,CREAT,0.005,0.4181701666173716
diginetica,unpopular,32561,srgnn,CREAT,0.005,0.10902428604291958
diginetica,unpopular,32561,tron,CREAT,0.005,0.3521311906405074
diginetica,unpopular,32561,wearec,CREAT,0.005,0.022790758815603537
diginetica,unpopular,33995,freqrec,CREAT,0.005,0.006112589963521641
diginetica,unpopular,33995,mdhg,CREAT,0.005,0.00019718032140392388
diginetica,unpopular,33995,miasrec,CREAT,0.005,0.32700713135495746
diginetica,unpopular,33995,srgnn,CREAT,0.005,0.10899142265601892
diginetica,unpopular,33995,tron,CREAT,0.005,0.3099346018600677
diginetica,unpopular,33995,wearec,CREAT,0.005,0.021656971967530973
diginetica,unpopular,3660,freqrec,CREAT,0.005,0.0051924151303033295
diginetica,unpopular,3660,mdhg,CREAT,0.005,0.0001807486279535969
diginetica,unpopular,3660,miasrec,CREAT,0.005,0.25294948897433367
diginetica,unpopular,3660,srgnn,CREAT,0.005,0.14650497880311544
diginetica,unpopular,3660,tron,CREAT,0.005,0.05925268658187913
diginetica,unpopular,3660,wearec,CREAT,0.005,0.01889644746787604
diginetica,unpopular,8829,freqrec,CREAT,0.005,0.004551579085740576
diginetica,unpopular,8829,mdhg,CREAT,0.005,0.4331394393506195
diginetica,unpopular,8829,miasrec,CREAT,0.005,0.2671793355023169
diginetica,unpopular,8829,srgnn,CREAT,0.005,0.13842058562555457
diginetica,unpopular,8829,tron,CREAT,0.005,0.07874067501396693
diginetica,unpopular,8829,wearec,CREAT,0.005,0.023185119458411382
diginetica,unpopular,17290,freqrec,TC-SACP-G,0.005,0.0029412731276085313
diginetica,unpopular,17290,mdhg,TC-SACP-G,0.005,0.9999835683065497
diginetica,unpopular,17290,miasrec,TC-SACP-G,0.005,0.31471622465411286
diginetica,unpopular,17290,srgnn,TC-SACP-G,0.005,0.1702816392257386
diginetica,unpopular,17290,tron,TC-SACP-G,0.005,0.020654638667061027
diginetica,unpopular,17290,wearec,TC-SACP-G,0.005,0.01769693384600217
diginetica,unpopular,20222,freqrec,TC-SACP-G,0.005,0.003845016267376516
diginetica,unpopular,20222,mdhg,TC-SACP-G,0.005,0.001676032731933353
diginetica,unpopular,20222,miasrec,TC-SACP-G,0.005,0.2449143908771238
diginetica,unpopular,20222,srgnn,TC-SACP-G,0.005,0.16683098360116994
diginetica,unpopular,20222,tron,TC-SACP-G,0.005,0.13452627427782707
diginetica,unpopular,20222,wearec,TC-SACP-G,0.005,0.021476223339577376
diginetica,unpopular,21325,freqrec,TC-SACP-G,0.005,0.00458444247264123
diginetica,unpopular,21325,mdhg,TC-SACP-G,0.005,0.9989319399257287
diginetica,unpopular,21325,miasrec,TC-SACP-G,0.005,0.29828453120378584
diginetica,unpopular,21325,srgnn,TC-SACP-G,0.005,0.17269709816293669
diginetica,unpopular,21325,tron,TC-SACP-G,0.005,0.006293338591475238
diginetica,unpopular,21325,wearec,TC-SACP-G,0.005,0.016480988530677972
diginetica,unpopular,23414,freqrec,TC-SACP-G,0.005,0.00589897794866739
diginetica,unpopular,23414,mdhg,TC-SACP-G,0.005,1
diginetica,unpopular,23414,miasrec,TC-SACP-G,0.005,0.3801307962798646
diginetica,unpopular,23414,srgnn,TC-SACP-G,0.005,0.16610798908935556
diginetica,unpopular,23414,tron,TC-SACP-G,0.005,0.011896546058036741
diginetica,unpopular,23414,wearec,TC-SACP-G,0.005,0.016793190706234185
diginetica,unpopular,28865,freqrec,TC-SACP-G,0.005,0.0058496828683164085
diginetica,unpopular,28865,mdhg,TC-SACP-G,0.005,0.9999835683065497
diginetica,unpopular,28865,miasrec,TC-SACP-G,0.005,0.29531039468927667
diginetica,unpopular,28865,srgnn,TC-SACP-G,0.005,0.17488251339183017
diginetica,unpopular,28865,tron,TC-SACP-G,0.005,0.003483519011469322
diginetica,unpopular,28865,wearec,TC-SACP-G,0.005,0.015429360149857045
diginetica,unpopular,29122,freqrec,TC-SACP-G,0.005,0.004009333201879786
diginetica,unpopular,29122,mdhg,TC-SACP-G,0.005,1
diginetica,unpopular,29122,miasrec,TC-SACP-G,0.005,0.34143415820434453
diginetica,unpopular,29122,srgnn,TC-SACP-G,0.005,0.16794833875579218
diginetica,unpopular,29122,tron,TC-SACP-G,0.005,0.007279240198494857
diginetica,unpopular,29122,wearec,TC-SACP-G,0.005,0.014476321929738079
diginetica,unpopular,32561,freqrec,TC-SACP-G,0.005,0.004387262151237307
diginetica,unpopular,32561,mdhg,TC-SACP-G,0.005,0.00289197804725755
diginetica,unpopular,32561,miasrec,TC-SACP-G,0.005,0.36384698807059057
diginetica,unpopular,32561,srgnn,TC-SACP-G,0.005,0.16250944822373395
diginetica,unpopular,32561,tron,TC-SACP-G,0.005,0.14724440500838015
diginetica,unpopular,32561,wearec,TC-SACP-G,0.005,0.013884780965526308
diginetica,unpopular,33995,freqrec,TC-SACP-G,0.005,0.004288671990535345
diginetica,unpopular,33995,mdhg,TC-SACP-G,0.005,0.001445989023628775
diginetica,unpopular,33995,miasrec,TC-SACP-G,0.005,0.3196457326892109
diginetica,unpopular,33995,srgnn,TC-SACP-G,0.005,0.17841532748365047
diginetica,unpopular,33995,tron,TC-SACP-G,0.005,0.0037135627197739
diginetica,unpopular,33995,wearec,TC-SACP-G,0.005,0.016563146997929608
diginetica,unpopular,3660,freqrec,TC-SACP-G,0.005,0.003828584573926189
diginetica,unpopular,3660,mdhg,TC-SACP-G,0.005,0.001840349666436623
diginetica,unpopular,3660,miasrec,TC-SACP-G,0.005,0.3998652601137073
diginetica,unpopular,3660,srgnn,TC-SACP-G,0.005,0.17565480298399552
diginetica,unpopular,3660,tron,TC-SACP-G,0.005,0.23760228729172828
diginetica,unpopular,3660,wearec,TC-SACP-G,0.005,0.019044332708928982
diginetica,unpopular,8829,freqrec,TC-SACP-G,0.005,0.003779289493575208
diginetica,unpopular,8829,mdhg,TC-SACP-G,0.005,0.002103256761641855
diginetica,unpopular,8829,miasrec,TC-SACP-G,0.005,0.322209076867462
diginetica,unpopular,8829,srgnn,TC-SACP-G,0.005,0.1633967596700516
diginetica,unpopular,8829,tron,TC-SACP-G,0.005,0.005553912386210523
diginetica,unpopular,8829,wearec,TC-SACP-G,0.005,0.019586578592789772
diginetica,unpopular,17290,freqrec,Poisoning-SSL,0.005,0.017713365539452495
diginetica,unpopular,17290,mdhg,Poisoning-SSL,0.005,0.007509283906799434
diginetica,unpopular,17290,miasrec,Poisoning-SSL,0.005,0.13797692990239574
diginetica,unpopular,17290,srgnn,Poisoning-SSL,0.005,0.06743566992014197
diginetica,unpopular,17290,tron,Poisoning-SSL,0.005,0.4578034112195603
diginetica,unpopular,17290,wearec,Poisoning-SSL,0.005,0.037283512438791945
diginetica,unpopular,20222,freqrec,Poisoning-SSL,0.005,0.012225179927043282
diginetica,unpopular,20222,mdhg,Poisoning-SSL,0.005,0.006687699234283085
diginetica,unpopular,20222,miasrec,Poisoning-SSL,0.005,0.08224062571888659
diginetica,unpopular,20222,srgnn,Poisoning-SSL,0.005,0.06368924381346741
diginetica,unpopular,20222,tron,Poisoning-SSL,0.005,0.3646521410496566
diginetica,unpopular,20222,wearec,Poisoning-SSL,0.005,0.020605343586710047
diginetica,unpopular,21325,freqrec,Poisoning-SSL,0.005,0.013605442176870748
diginetica,unpopular,21325,mdhg,Poisoning-SSL,0.005,0.9998356830654967
diginetica,unpopular,21325,miasrec,Poisoning-SSL,0.005,0.303164744158533
diginetica,unpopular,21325,srgnn,Poisoning-SSL,0.005,0.06099444608761379
diginetica,unpopular,21325,tron,Poisoning-SSL,0.005,0.3425515133589668
diginetica,unpopular,21325,wearec,Poisoning-SSL,0.005,0.023710933648821847
diginetica,unpopular,23414,freqrec,Poisoning-SSL,0.005,0.020013802622498276
diginetica,unpopular,23414,mdhg,Poisoning-SSL,0.005,0.9998521147589471
diginetica,unpopular,23414,miasrec,Poisoning-SSL,0.005,0.1108646357093562
diginetica,unpopular,23414,srgnn,Poisoning-SSL,0.005,0.05139833711262283
diginetica,unpopular,23414,tron,Poisoning-SSL,0.005,0.18000920174833218
diginetica,unpopular,23414,wearec,Poisoning-SSL,0.005,0.028919780472575502
diginetica,unpopular,28865,freqrec,Poisoning-SSL,0.005,0.013736895724473364
diginetica,unpopular,28865,mdhg,Poisoning-SSL,0.005,0.007624305760951724
diginetica,unpopular,28865,miasrec,Poisoning-SSL,0.005,0.1954878569785402
diginetica,unpopular,28865,srgnn,Poisoning-SSL,0.005,0.07456702487758389
diginetica,unpopular,28865,tron,Poisoning-SSL,0.005,0.26800092017483323
diginetica,unpopular,28865,wearec,Poisoning-SSL,0.005,0.020703933747412008
diginetica,unpopular,29122,freqrec,Poisoning-SSL,0.005,0.016973939334187782
diginetica,unpopular,29122,mdhg,Poisoning-SSL,0.005,0.9993427322619869
diginetica,unpopular,29122,miasrec,Poisoning-SSL,0.005,0.15812218607249662
diginetica,unpopular,29122,srgnn,Poisoning-SSL,0.005,0.0821256038647343
diginetica,unpopular,29122,tron,Poisoning-SSL,0.005,0.3064017877682474
diginetica,unpopular,29122,wearec,Poisoning-SSL,0.005,0.03227184593644221
diginetica,unpopular,32561,freqrec,Poisoning-SSL,0.005,0.025682736862861086
diginetica,unpopular,32561,mdhg,Poisoning-SSL,0.005,0.9999178415327483
diginetica,unpopular,32561,miasrec,Poisoning-SSL,0.005,0.20971770350652338
diginetica,unpopular,32561,srgnn,Poisoning-SSL,0.005,0.06835584475336028
diginetica,unpopular,32561,tron,Poisoning-SSL,0.005,0.21170593841401295
diginetica,unpopular,32561,wearec,Poisoning-SSL,0.005,0.031039468927667686
diginetica,unpopular,33995,freqrec,Poisoning-SSL,0.005,0.01337539846856617
diginetica,unpopular,33995,mdhg,Poisoning-SSL,0.005,0.011945841138387722
diginetica,unpopular,33995,miasrec,Poisoning-SSL,0.005,0.1506129021656972
diginetica,unpopular,33995,srgnn,Poisoning-SSL,0.005,0.06713989943803608
diginetica,unpopular,33995,tron,Poisoning-SSL,0.005,0.2200696703802294
diginetica,unpopular,33995,wearec,Poisoning-SSL,0.005,0.031696736665680764
diginetica,unpopular,3660,freqrec,Poisoning-SSL,0.005,0.012159453153241974
diginetica,unpopular,3660,mdhg,Poisoning-SSL,0.005,0.008330868579315785
diginetica,unpopular,3660,miasrec,Poisoning-SSL,0.005,0.1369253015215748
diginetica,unpopular,3660,srgnn,Poisoning-SSL,0.005,0.07036051135430017
diginetica,unpopular,3660,tron,Poisoning-SSL,0.005,0.47257550363140427
diginetica,unpopular,3660,wearec,Poisoning-SSL,0.005,0.029248414341582044
diginetica,unpopular,8829,freqrec,Poisoning-SSL,0.005,0.013309671694764862
diginetica,unpopular,8829,mdhg,Poisoning-SSL,0.005,0.999901409839298
diginetica,unpopular,8829,miasrec,Poisoning-SSL,0.005,0.09246113904498998
diginetica,unpopular,8829,srgnn,Poisoning-SSL,0.005,0.05412599822537711
diginetica,unpopular,8829,tron,Poisoning-SSL,0.005,0.1688027868152092
diginetica,unpopular,8829,wearec,Poisoning-SSL,0.005,0.016300239902724376
diginetica,unpopular,17290,freqrec,DPSBR,0.005,0.0026619343389529724
diginetica,unpopular,17290,mdhg,DPSBR,0.005,0.001840349666436623
diginetica,unpopular,17290,miasrec,DPSBR,0.005,0.20166617371586315
diginetica,unpopular,17290,srgnn,DPSBR,0.005,0.1466035689638174
diginetica,unpopular,17290,tron,DPSBR,0.005,0.4059449866903283
diginetica,unpopular,17290,wearec,DPSBR,0.005,0.013391830162016498
diginetica,unpopular,20222,freqrec,DPSBR,0.005,0.004222945216734037
diginetica,unpopular,20222,mdhg,DPSBR,0.005,0.0021525518419928356
diginetica,unpopular,20222,miasrec,DPSBR,0.005,0.36821781852837754
diginetica,unpopular,20222,srgnn,DPSBR,0.005,0.142462782214335
diginetica,unpopular,20222,tron,DPSBR,0.005,0.44748430773275494
diginetica,unpopular,20222,wearec,DPSBR,0.005,0.01043412534095764
diginetica,unpopular,21325,freqrec,DPSBR,0.005,0.0057839560945151
diginetica,unpopular,21325,mdhg,DPSBR,0.005,0.001561010877781064
diginetica,unpopular,21325,miasrec,DPSBR,0.005,0.27733412205461894
diginetica,unpopular,21325,srgnn,DPSBR,0.005,0.13896283150941535
diginetica,unpopular,21325,tron,DPSBR,0.005,0.3077656183246245
diginetica,unpopular,21325,wearec,DPSBR,0.005,0.018995037628578
diginetica,unpopular,23414,freqrec,DPSBR,0.005,0.004798054487495481
diginetica,unpopular,23414,mdhg,DPSBR,0.005,0.001758191199184988
diginetica,unpopular,23414,miasrec,DPSBR,0.005,0.3151105852969207
diginetica,unpopular,23414,srgnn,DPSBR,0.005,0.14040882053304413
diginetica,unpopular,23414,tron,DPSBR,0.005,0.4087876696572349
diginetica,unpopular,23414,wearec,DPSBR,0.005,0.022478556640047324
diginetica,unpopular,28865,freqrec,DPSBR,0.005,0.0027276611127542805
diginetica,unpopular,28865,mdhg,DPSBR,0.005,0.0022347103092444707
diginetica,unpopular,28865,miasrec,DPSBR,0.005,0.38782082881461766
diginetica,unpopular,28865,srgnn,DPSBR,0.005,0.13804265667619706
diginetica,unpopular,28865,tron,DPSBR,0.005,0.3812481514344868
diginetica,unpopular,28865,wearec,DPSBR,0.005,0.018206316342962305
diginetica,unpopular,29122,freqrec,DPSBR,0.005,0.0036149725590719378
diginetica,unpopular,29122,mdhg,DPSBR,0.005,0.9999835683065497
diginetica,unpopular,29122,miasrec,DPSBR,0.005,0.2817871109796576
diginetica,unpopular,29122,srgnn,DPSBR,0.005,0.1299746951920865
diginetica,unpopular,29122,tron,DPSBR,0.005,0.30911301718755135
diginetica,unpopular,29122,wearec,DPSBR,0.005,0.015527950310559006
diginetica,unpopular,32561,freqrec,DPSBR,0.005,0.003647835945972592
diginetica,unpopular,32561,mdhg,DPSBR,0.005,0.0022511420026947978
diginetica,unpopular,32561,miasrec,DPSBR,0.005,0.20855105327155016
diginetica,unpopular,32561,srgnn,DPSBR,0.005,0.164021164021164
diginetica,unpopular,32561,tron,DPSBR,0.005,0.34064543691872884
diginetica,unpopular,32561,wearec,DPSBR,0.005,0.016037332807519143
diginetica,unpopular,33995,freqrec,DPSBR,0.005,0.0026947977258536264
diginetica,unpopular,33995,mdhg,DPSBR,0.005,0.0022182786157941437
diginetica,unpopular,33995,miasrec,DPSBR,0.005,0.4086233527227316
diginetica,unpopular,33995,srgnn,DPSBR,0.005,0.12180814354727398
diginetica,unpopular,33995,tron,DPSBR,0.005,0.2877682473955766
diginetica,unpopular,33995,wearec,DPSBR,0.005,0.02205133261033882
diginetica,unpopular,3660,freqrec,DPSBR,0.005,0.003187748529363436
diginetica,unpopular,3660,mdhg,DPSBR,0.005,0.001873213053337277
diginetica,unpopular,3660,miasrec,DPSBR,0.005,0.19349962207105065
diginetica,unpopular,3660,srgnn,DPSBR,0.005,0.14637352525551284
diginetica,unpopular,3660,tron,DPSBR,0.005,0.3424529231982648
diginetica,unpopular,3660,wearec,DPSBR,0.005,0.015757994018863585
diginetica,unpopular,8829,freqrec,DPSBR,0.005,0.003450655624568668
diginetica,unpopular,8829,mdhg,DPSBR,0.005,1
diginetica,unpopular,8829,miasrec,DPSBR,0.005,0.15997896743238357
diginetica,unpopular,8829,srgnn,DPSBR,0.005,0.14170692431561996
diginetica,unpopular,8829,tron,DPSBR,0.005,0.42521936310756187
diginetica,unpopular,8829,wearec,DPSBR,0.005,0.019948075848696966
yoochoose1_64,popular,10195,freqrec,TC-SACP-C,0.005,0.025045618805681777
yoochoose1_64,popular,10195,mdhg,TC-SACP-C,0.005,0.12370746717234964
yoochoose1_64,popular,10195,miasrec,TC-SACP-C,0.005,0.2439801066227772
yoochoose1_64,popular,10195,srgnn,TC-SACP-C,0.005,0.28031414361873414
yoochoose1_64,popular,10195,tron,TC-SACP-C,0.005,0.6983131061434488
yoochoose1_64,popular,10195,wearec,TC-SACP-C,0.005,0.11236537979891946
yoochoose1_64,popular,33407,freqrec,TC-SACP-C,0.005,0.027120827221009697
yoochoose1_64,popular,33407,mdhg,TC-SACP-C,0.005,0.8452359655086049
yoochoose1_64,popular,33407,miasrec,TC-SACP-C,0.005,0.24639521986475366
yoochoose1_64,popular,33407,srgnn,TC-SACP-C,0.005,0.26169093706393787
yoochoose1_64,popular,33407,tron,TC-SACP-C,0.005,0.5301615187422691
yoochoose1_64,popular,33407,wearec,TC-SACP-C,0.005,0.057980607535153314
yoochoose1_64,popular,33497,freqrec,TC-SACP-C,0.005,0.02075208415327919
yoochoose1_64,popular,33497,mdhg,TC-SACP-C,0.005,0.1456581630827579
yoochoose1_64,popular,33497,miasrec,TC-SACP-C,0.005,0.1289670471215428
yoochoose1_64,popular,33497,srgnn,TC-SACP-C,0.005,0.27280045797702956
yoochoose1_64,popular,33497,tron,TC-SACP-C,0.005,0.35743864618252874
yoochoose1_64,popular,33497,wearec,TC-SACP-C,0.005,0.03366846756592365
yoochoose1_64,popular,33916,freqrec,TC-SACP-C,0.005,0.03492074850620774
yoochoose1_64,popular,33916,mdhg,TC-SACP-C,0.005,0.10449389960284805
yoochoose1_64,popular,33916,miasrec,TC-SACP-C,0.005,0.17515832409030735
yoochoose1_64,popular,33916,srgnn,TC-SACP-C,0.005,0.2333178289026441
yoochoose1_64,popular,33916,tron,TC-SACP-C,0.005,0.4315651721850743
yoochoose1_64,popular,33916,wearec,TC-SACP-C,0.005,0.13766145479265807
yoochoose1_64,popular,3528,freqrec,TC-SACP-C,0.005,0.04372249454363305
yoochoose1_64,popular,3528,mdhg,TC-SACP-C,0.005,0.8196894343268095
yoochoose1_64,popular,3528,miasrec,TC-SACP-C,0.005,0.2628358796379119
yoochoose1_64,popular,3528,srgnn,TC-SACP-C,0.005,0.26945507889369924
yoochoose1_64,popular,3528,tron,TC-SACP-C,0.005,0.4771883907283581
yoochoose1_64,popular,3528,wearec,TC-SACP-C,0.005,0.07681849082256968
yoochoose1_64,popular,3660,freqrec,TC-SACP-C,0.005,0.03017997066084654
yoochoose1_64,popular,3660,mdhg,TC-SACP-C,0.005,0.8517120469426456
yoochoose1_64,popular,3660,miasrec,TC-SACP-C,0.005,0.1859637196321872
yoochoose1_64,popular,3660,srgnn,TC-SACP-C,0.005,0.24342552506350854
yoochoose1_64,popular,3660,tron,TC-SACP-C,0.005,0.5548106053815679
yoochoose1_64,popular,3660,wearec,TC-SACP-C,0.005,0.04583348241439765
yoochoose1_64,popular,3916,freqrec,TC-SACP-C,0.005,0.056817775233460946
yoochoose1_64,popular,3916,mdhg,TC-SACP-C,0.005,0.15331496654620916
yoochoose1_64,popular,3916,miasrec,TC-SACP-C,0.005,0.23192243014061326
yoochoose1_64,popular,3916,srgnn,TC-SACP-C,0.005,0.3025152957171992
yoochoose1_64,popular,3916,tron,TC-SACP-C,0.005,0.42548805191545813
yoochoose1_64,popular,3916,wearec,TC-SACP-C,0.005,0.10503059143439837
yoochoose1_64,popular,6200,freqrec,TC-SACP-C,0.005,0.020161723138573832
yoochoose1_64,popular,6200,mdhg,TC-SACP-C,0.005,0.14152563597982037
yoochoose1_64,popular,6200,miasrec,TC-SACP-C,0.005,0.27280045797702956
yoochoose1_64,popular,6200,srgnn,TC-SACP-C,0.005,0.2699023220866578
yoochoose1_64,popular,6200,tron,TC-SACP-C,0.005,0.6124087983794346
yoochoose1_64,popular,6200,wearec,TC-SACP-C,0.005,0.0726501842641955
yoochoose1_64,popular,6996,freqrec,TC-SACP-C,0.005,0.03576156570896991
yoochoose1_64,popular,6996,mdhg,TC-SACP-C,0.005,0.0957994919317328
yoochoose1_64,popular,6996,miasrec,TC-SACP-C,0.005,0.2515295717199184
yoochoose1_64,popular,6996,srgnn,TC-SACP-C,0.005,0.24954381194318223
yoochoose1_64,popular,6996,tron,TC-SACP-C,0.005,0.5267196099169998
yoochoose1_64,popular,6996,wearec,TC-SACP-C,0.005,0.06327596693978317
yoochoose1_64,popular,7759,freqrec,TC-SACP-C,0.005,0.02853411571075888
yoochoose1_64,popular,7759,mdhg,TC-SACP-C,0.005,0.09907331210418978
yoochoose1_64,popular,7759,miasrec,TC-SACP-C,0.005,0.2512433360764249
yoochoose1_64,popular,7759,srgnn,TC-SACP-C,0.005,0.25008050377473257
yoochoose1_64,popular,7759,tron,TC-SACP-C,0.005,0.6341537744474123
yoochoose1_64,popular,7759,wearec,TC-SACP-C,0.005,0.053937529070807545
yoochoose1_64,popular,10195,freqrec,CREAT,0.005,0.03452717449640416
yoochoose1_64,popular,10195,mdhg,CREAT,0.005,0.09760635443128556
yoochoose1_64,popular,10195,miasrec,CREAT,0.005,0.2146588428924112
yoochoose1_64,popular,10195,srgnn,CREAT,0.005,0.2162510286593438
yoochoose1_64,popular,10195,tron,CREAT,0.005,0.716329347650718
yoochoose1_64,popular,10195,wearec,CREAT,0.005,0.04603026941929944
yoochoose1_64,popular,33407,freqrec,CREAT,0.005,0.03388314429854378
yoochoose1_64,popular,33407,mdhg,CREAT,0.005,0.9959390318079359
yoochoose1_64,popular,33407,miasrec,CREAT,0.005,0.22628716590933487
yoochoose1_64,popular,33407,srgnn,CREAT,0.005,0.23041969301227236
yoochoose1_64,popular,33407,tron,CREAT,0.005,0.6227524514637076
yoochoose1_64,popular,33407,wearec,CREAT,0.005,0.043418369172421194
yoochoose1_64,popular,33497,freqrec,CREAT,0.005,0.028838241081970733
yoochoose1_64,popular,33497,mdhg,CREAT,0.005,0.11608644316433504
yoochoose1_64,popular,33497,miasrec,CREAT,0.005,0.2331926008086157
yoochoose1_64,popular,33497,srgnn,CREAT,0.005,0.2080217539089055
yoochoose1_64,popular,33497,tron,CREAT,0.005,0.6825914705196924
yoochoose1_64,popular,33497,wearec,CREAT,0.005,0.04087802783641633
yoochoose1_64,popular,33916,freqrec,CREAT,0.005,0.020000715589108733
yoochoose1_64,popular,33916,mdhg,CREAT,0.005,0.10096962324233426
yoochoose1_64,popular,33916,miasrec,CREAT,0.005,0.22972199363125692
yoochoose1_64,popular,33916,srgnn,CREAT,0.005,0.2258935918995313
yoochoose1_64,popular,33916,tron,CREAT,0.005,0.740243443342954
yoochoose1_64,popular,33916,wearec,CREAT,0.005,0.08468997101864109
yoochoose1_64,popular,3528,freqrec,CREAT,0.005,0.0347418512290243
yoochoose1_64,popular,3528,mdhg,CREAT,0.005,0.9994454184407313
yoochoose1_64,popular,3528,miasrec,CREAT,0.005,0.21832623707467172
yoochoose1_64,popular,3528,srgnn,CREAT,0.005,0.21845146516870012
yoochoose1_64,popular,3528,tron,CREAT,0.005,0.64944517146801
yoochoose1_64,popular,3528,wearec,CREAT,0.005,0.028748792443379013
yoochoose1_64,popular,3660,freqrec,CREAT,0.005,0.021557121900604673
yoochoose1_64,popular,3660,mdhg,CREAT,0.005,0.9959032523524992
yoochoose1_64,popular,3660,miasrec,CREAT,0.005,0.24805896454255966
yoochoose1_64,popular,3660,srgnn,CREAT,0.005,0.20358510143475617
yoochoose1_64,popular,3660,tron,CREAT,0.005,0.721814889840991
yoochoose1_64,popular,3660,wearec,CREAT,0.005,0.0714336827793481
yoochoose1_64,popular,3916,freqrec,CREAT,0.005,0.036656052094887114
yoochoose1_64,popular,3916,mdhg,CREAT,0.005,0.09893019428244303
yoochoose1_64,popular,3916,miasrec,CREAT,0.005,0.26083223013345735
yoochoose1_64,popular,3916,srgnn,CREAT,0.005,0.2125657447493649
yoochoose1_64,popular,3916,tron,CREAT,0.005,0.6547514475736336
yoochoose1_64,popular,3916,wearec,CREAT,0.005,0.12835879637911912
yoochoose1_64,popular,6200,freqrec,CREAT,0.005,0.045457798132312426
yoochoose1_64,popular,6200,mdhg,CREAT,0.005,0.11547819242191133
yoochoose1_64,popular,6200,miasrec,CREAT,0.005,0.23820172456975205
yoochoose1_64,popular,6200,srgnn,CREAT,0.005,0.2143010483380443
yoochoose1_64,popular,6200,tron,CREAT,0.005,0.76738432855888
yoochoose1_64,popular,6200,wearec,CREAT,0.005,0.062453039464739346
yoochoose1_64,popular,6996,freqrec,CREAT,0.005,0.014884253461662314
yoochoose1_64,popular,6996,mdhg,CREAT,0.005,0.10571040108769544
yoochoose1_64,popular,6996,miasrec,CREAT,0.005,0.23764714301048337
yoochoose1_64,popular,6996,srgnn,CREAT,0.005,0.2131203263086336
yoochoose1_64,popular,6996,tron,CREAT,0.005,0.6531201262033236
yoochoose1_64,popular,6996,wearec,CREAT,0.005,0.14866363733943969
yoochoose1_64,popular,7759,freqrec,CREAT,0.005,0.042344985509320546
yoochoose1_64,popular,7759,mdhg,CREAT,0.005,0.07377723711045119
yoochoose1_64,popular,7759,miasrec,CREAT,0.005,0.23329993917492575
yoochoose1_64,popular,7759,srgnn,CREAT,0.005,0.20714515725070665
yoochoose1_64,popular,7759,tron,CREAT,0.005,0.7541544915117508
yoochoose1_64,popular,7759,wearec,CREAT,0.005,0.06833875988407456
yoochoose1_64,popular,10195,freqrec,TC-SACP-G,0.005,0.01867687573795127
yoochoose1_64,popular,10195,mdhg,TC-SACP-G,0.005,0.15998783498515154
yoochoose1_64,popular,10195,miasrec,TC-SACP-G,0.005,0.24326451751404343
yoochoose1_64,popular,10195,srgnn,TC-SACP-G,0.005,0.2584707860746359
yoochoose1_64,popular,10195,tron,TC-SACP-G,0.005,0.6593944391660542
yoochoose1_64,popular,10195,wearec,TC-SACP-G,0.005,0.1453898171669827
yoochoose1_64,popular,33407,freqrec,TC-SACP-G,0.005,0.042577551969659025
yoochoose1_64,popular,33407,mdhg,TC-SACP-G,0.005,0.17771655515403056
yoochoose1_64,popular,33407,miasrec,TC-SACP-G,0.005,0.17274321084833089
yoochoose1_64,popular,33407,srgnn,TC-SACP-G,0.005,0.27453576156570897
yoochoose1_64,popular,33407,tron,TC-SACP-G,0.005,0.5943746302637004
yoochoose1_64,popular,33407,wearec,TC-SACP-G,0.005,0.13048767397760205
yoochoose1_64,popular,33497,freqrec,TC-SACP-G,0.005,0.0219328061826899
yoochoose1_64,popular,33497,mdhg,TC-SACP-G,0.005,0.17573079537729436
yoochoose1_64,popular,33497,miasrec,TC-SACP-G,0.005,0.2158037854663852
yoochoose1_64,popular,33497,srgnn,TC-SACP-G,0.005,0.24181544956885756
yoochoose1_64,popular,33497,tron,TC-SACP-G,0.005,0.528906656149723
yoochoose1_64,popular,33497,wearec,TC-SACP-G,0.005,0.11481627249633261
yoochoose1_64,popular,33916,freqrec,TC-SACP-G,0.005,0.02628001001824752
yoochoose1_64,popular,33916,mdhg,TC-SACP-G,0.005,0.16635657805288204
yoochoose1_64,popular,33916,miasrec,TC-SACP-G,0.005,0.21662671294142904
yoochoose1_64,popular,33916,srgnn,TC-SACP-G,0.005,0.25890013953987623
yoochoose1_64,popular,33916,tron,TC-SACP-G,0.005,0.6100783392789918
yoochoose1_64,popular,33916,wearec,TC-SACP-G,0.005,0.08524455257790976
yoochoose1_64,popular,3528,freqrec,TC-SACP-G,0.005,0.030233639844001573
yoochoose1_64,popular,3528,mdhg,TC-SACP-G,0.005,0.9984078142330673
yoochoose1_64,popular,3528,miasrec,TC-SACP-G,0.005,0.25609145228809616
yoochoose1_64,popular,3528,srgnn,TC-SACP-G,0.005,0.24453468818204588
yoochoose1_64,popular,3528,tron,TC-SACP-G,0.005,0.6384023806536041
yoochoose1_64,popular,3528,wearec,TC-SACP-G,0.005,0.0938137321549966
yoochoose1_64,popular,3660,freqrec,TC-SACP-G,0.005,0.031396472145693945
yoochoose1_64,popular,3660,mdhg,TC-SACP-G,0.005,0.9998032129950982
yoochoose1_64,popular,3660,miasrec,TC-SACP-G,0.005,0.2529786396651043
yoochoose1_64,popular,3660,srgnn,TC-SACP-G,0.005,0.26730831156749796
yoochoose1_64,popular,3660,tron,TC-SACP-G,0.005,0.7731746230930571
yoochoose1_64,popular,3660,wearec,TC-SACP-G,0.005,0.10343840566746575
yoochoose1_64,popular,3916,freqrec,TC-SACP-G,0.005,0.043328920533829474
yoochoose1_64,popular,3916,mdhg,TC-SACP-G,0.005,0.19061504883895666
yoochoose1_64,popular,3916,miasrec,TC-SACP-G,0.005,0.2746252102043007
yoochoose1_64,popular,3916,srgnn,TC-SACP-G,0.005,0.2877383806218469
yoochoose1_64,popular,3916,tron,TC-SACP-G,0.005,0.25934424466235234
yoochoose1_64,popular,3916,wearec,TC-SACP-G,0.005,0.1759096926544778
yoochoose1_64,popular,6200,freqrec,TC-SACP-G,0.005,0.048069698379190666
yoochoose1_64,popular,6200,mdhg,TC-SACP-G,0.005,0.16408458263265233
yoochoose1_64,popular,6200,miasrec,TC-SACP-G,0.005,0.2628716590933486
yoochoose1_64,popular,6200,srgnn,TC-SACP-G,0.005,0.26448173458799956
yoochoose1_64,popular,6200,tron,TC-SACP-G,0.005,0.6018500259935823
yoochoose1_64,popular,6200,wearec,TC-SACP-G,0.005,0.0825432036924398
yoochoose1_64,popular,6996,freqrec,TC-SACP-G,0.005,0.03134280296253891
yoochoose1_64,popular,6996,mdhg,TC-SACP-G,0.005,0.137035314322516
yoochoose1_64,popular,6996,miasrec,TC-SACP-G,0.005,0.21598268274356863
yoochoose1_64,popular,6996,srgnn,TC-SACP-G,0.005,0.2554653118179541
yoochoose1_64,popular,6996,tron,TC-SACP-G,0.005,0.6680350644461575
yoochoose1_64,popular,6996,wearec,TC-SACP-G,0.005,0.10558517299366704
yoochoose1_64,popular,7759,freqrec,TC-SACP-G,0.005,0.02708504776557301
yoochoose1_64,popular,7759,mdhg,TC-SACP-G,0.005,0.1900246878242513
yoochoose1_64,popular,7759,miasrec,TC-SACP-G,0.005,0.27362338545207343
yoochoose1_64,popular,7759,srgnn,TC-SACP-G,0.005,0.24938280439371713
yoochoose1_64,popular,7759,tron,TC-SACP-G,0.005,0.6491941989495007
yoochoose1_64,popular,7759,wearec,TC-SACP-G,0.005,0.12603313177573439
yoochoose1_64,popular,10195,freqrec,Poisoning-SSL,0.005,0.17658950230777487
yoochoose1_64,popular,10195,mdhg,Poisoning-SSL,0.005,0.1727074313928942
yoochoose1_64,popular,10195,miasrec,Poisoning-SSL,0.005,0.1904719310172099
yoochoose1_64,popular,10195,srgnn,Poisoning-SSL,0.005,0.3116211671258363
yoochoose1_64,popular,10195,tron,Poisoning-SSL,0.005,0.6515963644838033
yoochoose1_64,popular,10195,wearec,Poisoning-SSL,0.005,0.18455043114243802
yoochoose1_64,popular,33407,freqrec,Poisoning-SSL,0.005,0.15199112669505171
yoochoose1_64,popular,33407,mdhg,Poisoning-SSL,0.005,0.9978353429460803
yoochoose1_64,popular,33407,miasrec,Poisoning-SSL,0.005,0.2774338974560807
yoochoose1_64,popular,33407,srgnn,Poisoning-SSL,0.005,0.3271852302407957
yoochoose1_64,popular,33407,tron,Poisoning-SSL,0.005,0.770593191474105
yoochoose1_64,popular,33407,wearec,Poisoning-SSL,0.005,0.2449998211027228
yoochoose1_64,popular,33497,freqrec,Poisoning-SSL,0.005,0.10587140863716055
yoochoose1_64,popular,33497,mdhg,Poisoning-SSL,0.005,0.14827006332963613
yoochoose1_64,popular,33497,miasrec,Poisoning-SSL,0.005,0.28476868582060183
yoochoose1_64,popular,33497,srgnn,Poisoning-SSL,0.005,0.22947153744320012
yoochoose1_64,popular,33497,tron,Poisoning-SSL,0.005,0.6879873796676407
yoochoose1_64,popular,33497,wearec,Poisoning-SSL,0.005,0.16993452359655087
yoochoose1_64,popular,33916,freqrec,Poisoning-SSL,0.005,0.06753372213674907
yoochoose1_64,popular,33916,mdhg,Poisoning-SSL,0.005,0.06315073884575477
yoochoose1_64,popular,33916,miasrec,Poisoning-SSL,0.005,0.19578518014955812
yoochoose1_64,popular,33916,srgnn,Poisoning-SSL,0.005,0.20945293212637303
yoochoose1_64,popular,33916,tron,Poisoning-SSL,0.005,0.590287363533693
yoochoose1_64,popular,33916,wearec,Poisoning-SSL,0.005,0.12388636444953308
yoochoose1_64,popular,3528,freqrec,Poisoning-SSL,0.005,0.13769723424809474
yoochoose1_64,popular,3528,mdhg,Poisoning-SSL,0.005,0.9954202297041039
yoochoose1_64,popular,3528,miasrec,Poisoning-SSL,0.005,0.2570753873126051
yoochoose1_64,popular,3528,srgnn,Poisoning-SSL,0.005,0.3015850298758453
yoochoose1_64,popular,3528,tron,Poisoning-SSL,0.005,0.7607873366437804
yoochoose1_64,popular,3528,wearec,Poisoning-SSL,0.005,0.2136570181401839
yoochoose1_64,popular,3660,freqrec,Poisoning-SSL,0.005,0.042756449246842465
yoochoose1_64,popular,3660,mdhg,Poisoning-SSL,0.005,0.9993738595298579
yoochoose1_64,popular,3660,miasrec,Poisoning-SSL,0.005,0.185641704533257
yoochoose1_64,popular,3660,srgnn,Poisoning-SSL,0.005,0.16769830763175783
yoochoose1_64,popular,3660,tron,Poisoning-SSL,0.005,0.49975799078572325
yoochoose1_64,popular,3660,wearec,Poisoning-SSL,0.005,0.10708791012200794
yoochoose1_64,popular,3916,freqrec,Poisoning-SSL,0.005,0.2634977995634906
yoochoose1_64,popular,3916,mdhg,Poisoning-SSL,0.005,0.271888081863394
yoochoose1_64,popular,3916,miasrec,Poisoning-SSL,0.005,0.46121507030662995
yoochoose1_64,popular,3916,srgnn,Poisoning-SSL,0.005,0.49624315717914774
yoochoose1_64,popular,3916,tron,Poisoning-SSL,0.005,0.6752236344406002
yoochoose1_64,popular,3916,wearec,Poisoning-SSL,0.005,0.402214748291531
yoochoose1_64,popular,6200,freqrec,Poisoning-SSL,0.005,0.38151633332140683
yoochoose1_64,popular,6200,mdhg,Poisoning-SSL,0.005,0.4206590575691438
yoochoose1_64,popular,6200,miasrec,Poisoning-SSL,0.005,0.3164156141543526
yoochoose1_64,popular,6200,srgnn,Poisoning-SSL,0.005,0.41164263479909835
yoochoose1_64,popular,6200,tron,Poisoning-SSL,0.005,0.27583672445010127
yoochoose1_64,popular,6200,wearec,Poisoning-SSL,0.005,0.455186232065548
yoochoose1_64,popular,6996,freqrec,Poisoning-SSL,0.005,0.10819707324054528
yoochoose1_64,popular,6996,mdhg,Poisoning-SSL,0.005,0.07316898636802747
yoochoose1_64,popular,6996,miasrec,Poisoning-SSL,0.005,0.15825253139647213
yoochoose1_64,popular,6996,srgnn,Poisoning-SSL,0.005,0.20294107123689578
yoochoose1_64,popular,6996,tron,Poisoning-SSL,0.005,0.7787497983256547
yoochoose1_64,popular,6996,wearec,Poisoning-SSL,0.005,0.13971877348026762
yoochoose1_64,popular,7759,freqrec,Poisoning-SSL,0.005,0.15780528820351356
yoochoose1_64,popular,7759,mdhg,Poisoning-SSL,0.005,0.1960177466098966
yoochoose1_64,popular,7759,miasrec,Poisoning-SSL,0.005,0.24519660810762461
yoochoose1_64,popular,7759,srgnn,Poisoning-SSL,0.005,0.2537478979569931
yoochoose1_64,popular,7759,tron,Poisoning-SSL,0.005,0.7939157090869978
yoochoose1_64,popular,7759,wearec,Poisoning-SSL,0.005,0.22410461912769689
yoochoose1_64,popular,10195,freqrec,DPSBR,0.005,0.031110236502200437
yoochoose1_64,popular,10195,mdhg,DPSBR,0.005,0.23129628967047122
yoochoose1_64,popular,10195,miasrec,DPSBR,0.005,0.18385273176142258
yoochoose1_64,popular,10195,srgnn,DPSBR,0.005,0.24739704461698092
yoochoose1_64,popular,10195,tron,DPSBR,0.005,0.7980209024254701
yoochoose1_64,popular,10195,wearec,DPSBR,0.005,0.19362052309563849
yoochoose1_64,popular,33407,freqrec,DPSBR,0.005,0.031933163977244265
yoochoose1_64,popular,33407,mdhg,DPSBR,0.005,0.9965115030949229
yoochoose1_64,popular,33407,miasrec,DPSBR,0.005,0.2470571397903324
yoochoose1_64,popular,33407,srgnn,DPSBR,0.005,0.2065547962360013
yoochoose1_64,popular,33407,tron,DPSBR,0.005,0.7633687682627324
yoochoose1_64,popular,33407,wearec,DPSBR,0.005,0.06649611792908512
yoochoose1_64,popular,33497,freqrec,DPSBR,0.005,0.02080575333643422
yoochoose1_64,popular,33497,mdhg,DPSBR,0.005,0.22449819313750044
yoochoose1_64,popular,33497,miasrec,DPSBR,0.005,0.24145765501449068
yoochoose1_64,popular,33497,srgnn,DPSBR,0.005,0.2396865719703746
yoochoose1_64,popular,33497,tron,DPSBR,0.005,0.7556424000143412
yoochoose1_64,popular,33497,wearec,DPSBR,0.005,0.13460231135282122
yoochoose1_64,popular,33916,freqrec,DPSBR,0.005,0.01881999355969802
yoochoose1_64,popular,33916,mdhg,DPSBR,0.005,0.22081290922752156
yoochoose1_64,popular,33916,miasrec,DPSBR,0.005,0.27337292926401663
yoochoose1_64,popular,33916,srgnn,DPSBR,0.005,0.21498085799134137
yoochoose1_64,popular,33916,tron,DPSBR,0.005,0.7819765878493448
yoochoose1_64,popular,33916,wearec,DPSBR,0.005,0.16633868832516369
yoochoose1_64,popular,3528,freqrec,DPSBR,0.005,0.02853411571075888
yoochoose1_64,popular,3528,mdhg,DPSBR,0.005,0.9998747719059716
yoochoose1_64,popular,3528,miasrec,DPSBR,0.005,0.18310136319725215
yoochoose1_64,popular,3528,srgnn,DPSBR,0.005,0.23655586961966438
yoochoose1_64,popular,3528,tron,DPSBR,0.005,0.7316207446713157
yoochoose1_64,popular,3528,wearec,DPSBR,0.005,0.11685570145622384
yoochoose1_64,popular,3660,freqrec,DPSBR,0.005,0.06917957708683674
yoochoose1_64,popular,3660,mdhg,DPSBR,0.005,0.9994811978961681
yoochoose1_64,popular,3660,miasrec,DPSBR,0.005,0.23374718236788436
yoochoose1_64,popular,3660,srgnn,DPSBR,0.005,0.2479158467208129
yoochoose1_64,popular,3660,tron,DPSBR,0.005,0.8023591416739867
yoochoose1_64,popular,3660,wearec,DPSBR,0.005,0.11563919997137644
yoochoose1_64,popular,3916,freqrec,DPSBR,0.005,0.037657876847114385
yoochoose1_64,popular,3916,mdhg,DPSBR,0.005,0.2285770510572829
yoochoose1_64,popular,3916,miasrec,DPSBR,0.005,0.2997602776485742
yoochoose1_64,popular,3916,srgnn,DPSBR,0.005,0.28727324770116996
yoochoose1_64,popular,3916,tron,DPSBR,0.005,0.7481132244590646
yoochoose1_64,popular,3916,wearec,DPSBR,0.005,0.09993201903467029
yoochoose1_64,popular,6200,freqrec,DPSBR,0.005,0.02141400407885792
yoochoose1_64,popular,6200,mdhg,DPSBR,0.005,0.20771762853769365
yoochoose1_64,popular,6200,miasrec,DPSBR,0.005,0.25802354288167734
yoochoose1_64,popular,6200,srgnn,DPSBR,0.005,0.23167197395255645
yoochoose1_64,popular,6200,tron,DPSBR,0.005,0.8217915852499865
yoochoose1_64,popular,6200,wearec,DPSBR,0.005,0.11814376185194461
yoochoose1_64,popular,6996,freqrec,DPSBR,0.005,0.024526816701849797
yoochoose1_64,popular,6996,mdhg,DPSBR,0.005,0.22619771727074314
yoochoose1_64,popular,6996,miasrec,DPSBR,0.005,0.15646355862463773
yoochoose1_64,popular,6996,srgnn,DPSBR,0.005,0.2419048982074493
yoochoose1_64,popular,6996,tron,DPSBR,0.005,0.7463205636125702
yoochoose1_64,popular,6996,wearec,DPSBR,0.005,0.15506815986260689
yoochoose1_64,popular,7759,freqrec,DPSBR,0.005,0.022648395291423665
yoochoose1_64,popular,7759,mdhg,DPSBR,0.005,0.2051772872016888
yoochoose1_64,popular,7759,miasrec,DPSBR,0.005,0.22465920068696554
yoochoose1_64,popular,7759,srgnn,DPSBR,0.005,0.2286128305127196
yoochoose1_64,popular,7759,tron,DPSBR,0.005,0.7988455264148576
yoochoose1_64,popular,7759,wearec,DPSBR,0.005,0.093366488962038
yoochoose1_64,unpopular,1440,freqrec,TC-SACP-C,0.005,0.02440158860782139
yoochoose1_64,unpopular,1440,mdhg,TC-SACP-C,0.005,0.6722422984722173
yoochoose1_64,unpopular,1440,miasrec,TC-SACP-C,0.005,0.20560664066692905
yoochoose1_64,unpopular,1440,srgnn,TC-SACP-C,0.005,0.25029518050735267
yoochoose1_64,unpopular,1440,tron,TC-SACP-C,0.005,0.5022318627538855
yoochoose1_64,unpopular,1440,wearec,TC-SACP-C,0.005,0.04586926186983434
yoochoose1_64,unpopular,14514,freqrec,TC-SACP-C,0.005,0.040180328455400906
yoochoose1_64,unpopular,14514,mdhg,TC-SACP-C,0.005,0.8633224802318509
yoochoose1_64,unpopular,14514,miasrec,TC-SACP-C,0.005,0.25161902035851014
yoochoose1_64,unpopular,14514,srgnn,TC-SACP-C,0.005,0.256288239292998
yoochoose1_64,unpopular,14514,tron,TC-SACP-C,0.005,0.6364663069393901
yoochoose1_64,unpopular,14514,wearec,TC-SACP-C,0.005,0.10458334824143976
yoochoose1_64,unpopular,16571,freqrec,TC-SACP-C,0.005,0.021396114351139577
yoochoose1_64,unpopular,16571,mdhg,TC-SACP-C,0.005,0.9430569966725106
yoochoose1_64,unpopular,16571,miasrec,TC-SACP-C,0.005,0.29763140005009125
yoochoose1_64,unpopular,16571,srgnn,TC-SACP-C,0.005,0.26480374968692977
yoochoose1_64,unpopular,16571,tron,TC-SACP-C,0.005,0.5185450764569851
yoochoose1_64,unpopular,16571,wearec,TC-SACP-C,0.005,0.05214855629897313
yoochoose1_64,unpopular,17290,freqrec,TC-SACP-C,0.005,0.017907617446062472
yoochoose1_64,unpopular,17290,mdhg,TC-SACP-C,0.005,0.12379691581094136
yoochoose1_64,unpopular,17290,miasrec,TC-SACP-C,0.005,0.20156356220258329
yoochoose1_64,unpopular,17290,srgnn,TC-SACP-C,0.005,0.25340799313034457
yoochoose1_64,unpopular,17290,tron,TC-SACP-C,0.005,0.5309861427316566
yoochoose1_64,unpopular,17290,wearec,TC-SACP-C,0.005,0.06692547139432538
yoochoose1_64,unpopular,32070,freqrec,TC-SACP-C,0.005,0.023346094672439085
yoochoose1_64,unpopular,32070,mdhg,TC-SACP-C,0.005,0.868528390997889
yoochoose1_64,unpopular,32070,miasrec,TC-SACP-C,0.005,0.16068553436616695
yoochoose1_64,unpopular,32070,srgnn,TC-SACP-C,0.005,0.26891838706214893
yoochoose1_64,unpopular,32070,tron,TC-SACP-C,0.005,0.40653962676801175
yoochoose1_64,unpopular,32070,wearec,TC-SACP-C,0.005,0.09331281977888296
yoochoose1_64,unpopular,33739,freqrec,TC-SACP-C,0.005,0.020394289598912305
yoochoose1_64,unpopular,33739,mdhg,TC-SACP-C,0.005,0.10993237682922466
yoochoose1_64,unpopular,33739,miasrec,TC-SACP-C,0.005,0.26002719238613187
yoochoose1_64,unpopular,33739,srgnn,TC-SACP-C,0.005,0.25353322122437294
yoochoose1_64,unpopular,33739,tron,TC-SACP-C,0.005,0.2956097735869351
yoochoose1_64,unpopular,33739,wearec,TC-SACP-C,0.005,0.03985831335647071
yoochoose1_64,unpopular,35833,freqrec,TC-SACP-C,0.005,0.02966116855701456
yoochoose1_64,unpopular,35833,mdhg,TC-SACP-C,0.005,0.10295538301907045
yoochoose1_64,unpopular,35833,miasrec,TC-SACP-C,0.005,0.22623349672617982
yoochoose1_64,unpopular,35833,srgnn,TC-SACP-C,0.005,0.27027800636874305
yoochoose1_64,unpopular,35833,tron,TC-SACP-C,0.005,0.4372837602853916
yoochoose1_64,unpopular,35833,wearec,TC-SACP-C,0.005,0.04823070592865577
yoochoose1_64,unpopular,4092,freqrec,TC-SACP-C,0.005,0.015581952842677734
yoochoose1_64,unpopular,4092,mdhg,TC-SACP-C,0.005,0.6731367848581344
yoochoose1_64,unpopular,4092,miasrec,TC-SACP-C,0.005,0.22507066442448745
yoochoose1_64,unpopular,4092,srgnn,TC-SACP-C,0.005,0.29111953916061395
yoochoose1_64,unpopular,4092,tron,TC-SACP-C,0.005,0.7028306114766147
yoochoose1_64,unpopular,4092,wearec,TC-SACP-C,0.005,0.06542273426598447
yoochoose1_64,unpopular,8637,freqrec,TC-SACP-C,0.005,0.02534974417689363
yoochoose1_64,unpopular,8637,mdhg,TC-SACP-C,0.005,0.8390282299903395
yoochoose1_64,unpopular,8637,miasrec,TC-SACP-C,0.005,0.07858957386668575
yoochoose1_64,unpopular,8637,srgnn,TC-SACP-C,0.005,0.27117249275466027
yoochoose1_64,unpopular,8637,tron,TC-SACP-C,0.005,0.6066543570621874
yoochoose1_64,unpopular,8637,wearec,TC-SACP-C,0.005,0.08706930480518087
yoochoose1_64,unpopular,8829,freqrec,TC-SACP-C,0.005,0.03273820172456975
yoochoose1_64,unpopular,8829,mdhg,TC-SACP-C,0.005,0.08250742423700311
yoochoose1_64,unpopular,8829,miasrec,TC-SACP-C,0.005,0.19363841282335684
yoochoose1_64,unpopular,8829,srgnn,TC-SACP-C,0.005,0.29641489856524383
yoochoose1_64,unpopular,8829,tron,TC-SACP-C,0.005,0.4452790276607569
yoochoose1_64,unpopular,8829,wearec,TC-SACP-C,0.005,0.10088017460374253
yoochoose1_64,unpopular,1440,freqrec,CREAT,0.005,0.02638734838455759
yoochoose1_64,unpopular,1440,mdhg,CREAT,0.005,0.11075530430426848
yoochoose1_64,unpopular,1440,miasrec,CREAT,0.005,0.246931911696304
yoochoose1_64,unpopular,1440,srgnn,CREAT,0.005,0.23134995885362625
yoochoose1_64,unpopular,1440,tron,CREAT,0.005,0.7545488768979797
yoochoose1_64,unpopular,1440,wearec,CREAT,0.005,0.10826863215141866
yoochoose1_64,unpopular,14514,freqrec,CREAT,0.005,0.033471680561021865
yoochoose1_64,unpopular,14514,mdhg,CREAT,0.005,0.9570825432036925
yoochoose1_64,unpopular,14514,miasrec,CREAT,0.005,0.22957887580951017
yoochoose1_64,unpopular,14514,srgnn,CREAT,0.005,0.22583992271637626
yoochoose1_64,unpopular,14514,tron,CREAT,0.005,0.6873061685459728
yoochoose1_64,unpopular,14514,wearec,CREAT,0.005,0.06112919961358188
yoochoose1_64,unpopular,16571,freqrec,CREAT,0.005,0.02336398440015743
yoochoose1_64,unpopular,16571,mdhg,CREAT,0.005,1
yoochoose1_64,unpopular,16571,miasrec,CREAT,0.005,0.2546066048874736
yoochoose1_64,unpopular,16571,srgnn,CREAT,0.005,0.2064832373251279
yoochoose1_64,unpopular,16571,tron,CREAT,0.005,0.7241094957245039
yoochoose1_64,unpopular,16571,wearec,CREAT,0.005,0.06418834305341872
yoochoose1_64,unpopular,17290,freqrec,CREAT,0.005,0.022254821281620093
yoochoose1_64,unpopular,17290,mdhg,CREAT,0.005,0.11429747039250063
yoochoose1_64,unpopular,17290,miasrec,CREAT,0.005,0.2442663422662707
yoochoose1_64,unpopular,17290,srgnn,CREAT,0.005,0.19628609252567175
yoochoose1_64,unpopular,17290,tron,CREAT,0.005,0.6733771937687109
yoochoose1_64,unpopular,17290,wearec,CREAT,0.005,0.049822891695588394
yoochoose1_64,unpopular,32070,freqrec,CREAT,0.005,0.026780922394361157
yoochoose1_64,unpopular,32070,mdhg,CREAT,0.005,0.9999284410891266
yoochoose1_64,unpopular,32070,miasrec,CREAT,0.005,0.24736126516154425
yoochoose1_64,unpopular,32070,srgnn,CREAT,0.005,0.21553543955061005
yoochoose1_64,unpopular,32070,tron,CREAT,0.005,0.7428786547873008
yoochoose1_64,unpopular,32070,wearec,CREAT,0.005,0.042667000608250745
yoochoose1_64,unpopular,33739,freqrec,CREAT,0.005,0.02263050556370532
yoochoose1_64,unpopular,33739,mdhg,CREAT,0.005,0.05660309850084082
yoochoose1_64,unpopular,33739,miasrec,CREAT,0.005,0.27675408780278365
yoochoose1_64,unpopular,33739,srgnn,CREAT,0.005,0.2082185409138073
yoochoose1_64,unpopular,33739,tron,CREAT,0.005,0.6808705161070577
yoochoose1_64,unpopular,33739,wearec,CREAT,0.005,0.048964184765107874
yoochoose1_64,unpopular,35833,freqrec,CREAT,0.005,0.0313785824179756
yoochoose1_64,unpopular,35833,mdhg,CREAT,0.005,0.1279831120970339
yoochoose1_64,unpopular,35833,miasrec,CREAT,0.005,0.28721957851801494
yoochoose1_64,unpopular,35833,srgnn,CREAT,0.005,0.17830691616873592
yoochoose1_64,unpopular,35833,tron,CREAT,0.005,0.767043722998046
yoochoose1_64,unpopular,35833,wearec,CREAT,0.005,0.08397438190990733
yoochoose1_64,unpopular,4092,freqrec,CREAT,0.005,0.026458907295430965
yoochoose1_64,unpopular,4092,mdhg,CREAT,0.005,0.10798239650792515
yoochoose1_64,unpopular,4092,miasrec,CREAT,0.005,0.22013309957422447
yoochoose1_64,unpopular,4092,srgnn,CREAT,0.005,0.21804000143117822
yoochoose1_64,unpopular,4092,tron,CREAT,0.005,0.7320151300575444
yoochoose1_64,unpopular,4092,wearec,CREAT,0.005,0.07980607535153315
yoochoose1_64,unpopular,8637,freqrec,CREAT,0.005,0.022773623385452073
yoochoose1_64,unpopular,8637,mdhg,CREAT,0.005,0.08488675802354288
yoochoose1_64,unpopular,8637,miasrec,CREAT,0.005,0.12719596407742675
yoochoose1_64,unpopular,8637,srgnn,CREAT,0.005,0.2046942645532935
yoochoose1_64,unpopular,8637,tron,CREAT,0.005,0.7306527078142087
yoochoose1_64,unpopular,8637,wearec,CREAT,0.005,0.04456331174639522
yoochoose1_64,unpopular,8829,freqrec,CREAT,0.005,0.04313213352892769
yoochoose1_64,unpopular,8829,mdhg,CREAT,0.005,0.08460052238004938
yoochoose1_64,unpopular,8829,miasrec,CREAT,0.005,0.27226376614547926
yoochoose1_64,unpopular,8829,srgnn,CREAT,0.005,0.207163046978425
yoochoose1_64,unpopular,8829,tron,CREAT,0.005,0.7011634368893749
yoochoose1_64,unpopular,8829,wearec,CREAT,0.005,0.06386632795448853
yoochoose1_64,unpopular,1440,freqrec,TC-SACP-G,0.005,0.01676267487208845
yoochoose1_64,unpopular,1440,mdhg,TC-SACP-G,0.005,1
yoochoose1_64,unpopular,1440,miasrec,TC-SACP-G,0.005,0.1510608608536978
yoochoose1_64,unpopular,1440,srgnn,TC-SACP-G,0.005,0.24517871837990626
yoochoose1_64,unpopular,1440,tron,TC-SACP-G,0.005,0.6378645823996558
yoochoose1_64,unpopular,1440,wearec,TC-SACP-G,0.005,0.06633511037962002
yoochoose1_64,unpopular,14514,freqrec,TC-SACP-G,0.005,0.018014955812372536
yoochoose1_64,unpopular,14514,mdhg,TC-SACP-G,0.005,1
yoochoose1_64,unpopular,14514,miasrec,TC-SACP-G,0.005,0.3291173208343769
yoochoose1_64,unpopular,14514,srgnn,TC-SACP-G,0.005,0.2585065655300726
yoochoose1_64,unpopular,14514,tron,TC-SACP-G,0.005,0.762185612104046
yoochoose1_64,unpopular,14514,wearec,TC-SACP-G,0.005,0.1472861283051272
yoochoose1_64,unpopular,16571,freqrec,TC-SACP-G,0.005,0.021342445167984544
yoochoose1_64,unpopular,16571,mdhg,TC-SACP-G,0.005,0.15565852087731225
yoochoose1_64,unpopular,16571,miasrec,TC-SACP-G,0.005,0.21956062828723746
yoochoose1_64,unpopular,16571,srgnn,TC-SACP-G,0.005,0.25169057926938354
yoochoose1_64,unpopular,16571,tron,TC-SACP-G,0.005,0.5437678145671621
yoochoose1_64,unpopular,16571,wearec,TC-SACP-G,0.005,0.16190203585101434
yoochoose1_64,unpopular,17290,freqrec,TC-SACP-G,0.005,0.026244230562810833
yoochoose1_64,unpopular,17290,mdhg,TC-SACP-G,0.005,0.18299402483094207
yoochoose1_64,unpopular,17290,miasrec,TC-SACP-G,0.005,0.23889942395076746
yoochoose1_64,unpopular,17290,srgnn,TC-SACP-G,0.005,0.25197681491287705
yoochoose1_64,unpopular,17290,tron,TC-SACP-G,0.005,0.5076456985102988
yoochoose1_64,unpopular,17290,wearec,TC-SACP-G,0.005,0.14521091988979928
yoochoose1_64,unpopular,32070,freqrec,TC-SACP-G,0.005,0.019786038856488605
yoochoose1_64,unpopular,32070,mdhg,TC-SACP-G,0.005,0.9999463308168449
yoochoose1_64,unpopular,32070,miasrec,TC-SACP-G,0.005,0.20997173423020501
yoochoose1_64,unpopular,32070,srgnn,TC-SACP-G,0.005,0.2660739203549322
yoochoose1_64,unpopular,32070,tron,TC-SACP-G,0.005,0.7828012118387322
yoochoose1_64,unpopular,32070,wearec,TC-SACP-G,0.005,0.13989767075745108
yoochoose1_64,unpopular,33739,freqrec,TC-SACP-G,0.005,0.03094922895273534
yoochoose1_64,unpopular,33739,mdhg,TC-SACP-G,0.005,0.17794912161436902
yoochoose1_64,unpopular,33739,miasrec,TC-SACP-G,0.005,0.15281405417009553
yoochoose1_64,unpopular,33739,srgnn,TC-SACP-G,0.005,0.2671473040180328
yoochoose1_64,unpopular,33739,tron,TC-SACP-G,0.005,0.4880877686750444
yoochoose1_64,unpopular,33739,wearec,TC-SACP-G,0.005,0.08050377473254858
yoochoose1_64,unpopular,35833,freqrec,TC-SACP-G,0.005,0.021378224623421233
yoochoose1_64,unpopular,35833,mdhg,TC-SACP-G,0.005,0.1760707002039429
yoochoose1_64,unpopular,35833,miasrec,TC-SACP-G,0.005,0.22238720526673583
yoochoose1_64,unpopular,35833,srgnn,TC-SACP-G,0.005,0.26167304733621954
yoochoose1_64,unpopular,35833,tron,TC-SACP-G,0.005,0.5934065934065934
yoochoose1_64,unpopular,35833,wearec,TC-SACP-G,0.005,0.06395577659308026
yoochoose1_64,unpopular,4092,freqrec,TC-SACP-G,0.005,0.034956527961644425
yoochoose1_64,unpopular,4092,mdhg,TC-SACP-G,0.005,1
yoochoose1_64,unpopular,4092,miasrec,TC-SACP-G,0.005,0.20433646999892663
yoochoose1_64,unpopular,4092,srgnn,TC-SACP-G,0.005,0.2431750688754517
yoochoose1_64,unpopular,4092,tron,TC-SACP-G,0.005,0.5790653066346378
yoochoose1_64,unpopular,4092,wearec,TC-SACP-G,0.005,0.06968048946295037
yoochoose1_64,unpopular,8637,freqrec,TC-SACP-G,0.005,0.041128484024473146
yoochoose1_64,unpopular,8637,mdhg,TC-SACP-G,0.005,0.9984078142330673
yoochoose1_64,unpopular,8637,miasrec,TC-SACP-G,0.005,0.21088411034384055
yoochoose1_64,unpopular,8637,srgnn,TC-SACP-G,0.005,0.2582918887974525
yoochoose1_64,unpopular,8637,tron,TC-SACP-G,0.005,0.7933779108330495
yoochoose1_64,unpopular,8637,wearec,TC-SACP-G,0.005,0.1089305520769974
yoochoose1_64,unpopular,8829,freqrec,TC-SACP-G,0.005,0.012147125120755662
yoochoose1_64,unpopular,8829,mdhg,TC-SACP-G,0.005,0.17467530144191207
yoochoose1_64,unpopular,8829,miasrec,TC-SACP-G,0.005,0.1711689148091166
yoochoose1_64,unpopular,8829,srgnn,TC-SACP-G,0.005,0.24186911875201259
yoochoose1_64,unpopular,8829,tron,TC-SACP-G,0.005,0.3954251295197462
yoochoose1_64,unpopular,8829,wearec,TC-SACP-G,0.005,0.10257969873698522
yoochoose1_64,unpopular,1440,freqrec,Poisoning-SSL,0.005,0.048391713478120865
yoochoose1_64,unpopular,1440,mdhg,Poisoning-SSL,0.005,1
yoochoose1_64,unpopular,1440,miasrec,Poisoning-SSL,0.005,0.06696125084976207
yoochoose1_64,unpopular,1440,srgnn,Poisoning-SSL,0.005,0.1440123081326702
yoochoose1_64,unpopular,1440,tron,Poisoning-SSL,0.005,0.15506516322177008
yoochoose1_64,unpopular,1440,wearec,Poisoning-SSL,0.005,0.06223836273211922
yoochoose1_64,unpopular,14514,freqrec,Poisoning-SSL,0.005,0.024956170167090057
yoochoose1_64,unpopular,14514,mdhg,Poisoning-SSL,0.005,0.9998389924505349
yoochoose1_64,unpopular,14514,miasrec,Poisoning-SSL,0.005,0.05463522845182296
yoochoose1_64,unpopular,14514,srgnn,Poisoning-SSL,0.005,0.1063007621024008
yoochoose1_64,unpopular,14514,tron,Poisoning-SSL,0.005,0.5142785436423283
yoochoose1_64,unpopular,14514,wearec,Poisoning-SSL,0.005,0.029070807542309205
yoochoose1_64,unpopular,16571,freqrec,Poisoning-SSL,0.005,0.03917850370317364
yoochoose1_64,unpopular,16571,mdhg,Poisoning-SSL,0.005,0.0027371283409066516
yoochoose1_64,unpopular,16571,miasrec,Poisoning-SSL,0.005,0.12828723746824575
yoochoose1_64,unpopular,16571,srgnn,Poisoning-SSL,0.005,0.07261440480875882
yoochoose1_64,unpopular,16571,tron,Poisoning-SSL,0.005,0.6068874029722316
yoochoose1_64,unpopular,16571,wearec,Poisoning-SSL,0.005,0.035618447887223154
yoochoose1_64,unpopular,17290,freqrec,Poisoning-SSL,0.005,0.11467315467458586
yoochoose1_64,unpopular,17290,mdhg,Poisoning-SSL,0.005,0.07606712225839923
yoochoose1_64,unpopular,17290,miasrec,Poisoning-SSL,0.005,0.08837525492861999
yoochoose1_64,unpopular,17290,srgnn,Poisoning-SSL,0.005,0.16920104476009876
yoochoose1_64,unpopular,17290,tron,Poisoning-SSL,0.005,0.6359822885108366
yoochoose1_64,unpopular,17290,wearec,Poisoning-SSL,0.005,0.26111846577695086
yoochoose1_64,unpopular,32070,freqrec,Poisoning-SSL,0.005,0.014902143189380658
yoochoose1_64,unpopular,32070,mdhg,Poisoning-SSL,0.005,0.9999642205445634
yoochoose1_64,unpopular,32070,miasrec,Poisoning-SSL,0.005,0.04307846434577266
yoochoose1_64,unpopular,32070,srgnn,Poisoning-SSL,0.005,0.0464596228845397
yoochoose1_64,unpopular,32070,tron,Poisoning-SSL,0.005,0.6658838714303641
yoochoose1_64,unpopular,32070,wearec,Poisoning-SSL,0.005,0.01937457511896669
yoochoose1_64,unpopular,33739,freqrec,Poisoning-SSL,0.005,0.000017889727718344126
yoochoose1_64,unpopular,33739,mdhg,Poisoning-SSL,0.005,0.00005366918315503238
yoochoose1_64,unpopular,33739,miasrec,Poisoning-SSL,0.005,0.000017889727718344126
yoochoose1_64,unpopular,33739,srgnn,Poisoning-SSL,0.005,0.00025045618805681776
yoochoose1_64,unpopular,33739,tron,Poisoning-SSL,0.005,0
yoochoose1_64,unpopular,33739,wearec,Poisoning-SSL,0.005,0.00003577945543668825
yoochoose1_64,unpopular,35833,freqrec,Poisoning-SSL,0.005,0.10916311853733586
yoochoose1_64,unpopular,35833,mdhg,Poisoning-SSL,0.005,0.02003649504454542
yoochoose1_64,unpopular,35833,miasrec,Poisoning-SSL,0.005,0.19415721492718882
yoochoose1_64,unpopular,35833,srgnn,Poisoning-SSL,0.005,0.10937779526995599
yoochoose1_64,unpopular,35833,tron,Poisoning-SSL,0.005,0.22209275227219763
yoochoose1_64,unpopular,35833,wearec,Poisoning-SSL,0.005,0.10533471680561021
yoochoose1_64,unpopular,4092,freqrec,Poisoning-SSL,0.005,0.06597731582525314
yoochoose1_64,unpopular,4092,mdhg,Poisoning-SSL,0.005,0.11111309885863538
yoochoose1_64,unpopular,4092,miasrec,Poisoning-SSL,0.005,0.07914415542595442
yoochoose1_64,unpopular,4092,srgnn,Poisoning-SSL,0.005,0.14478156642455903
yoochoose1_64,unpopular,4092,tron,Poisoning-SSL,0.005,0.7925174336267321
yoochoose1_64,unpopular,4092,wearec,Poisoning-SSL,0.005,0.08536978067193818
yoochoose1_64,unpopular,8637,freqrec,Poisoning-SSL,0.005,0.03055565494293177
yoochoose1_64,unpopular,8637,mdhg,Poisoning-SSL,0.005,0.010572829081541378
yoochoose1_64,unpopular,8637,miasrec,Poisoning-SSL,0.005,0.07624601953558267
yoochoose1_64,unpopular,8637,srgnn,Poisoning-SSL,0.005,0.09245411284840245
yoochoose1_64,unpopular,8637,tron,Poisoning-SSL,0.005,0.2346413781976588
yoochoose1_64,unpopular,8637,wearec,Poisoning-SSL,0.005,0.0388385988765251
yoochoose1_64,unpopular,8829,freqrec,Poisoning-SSL,0.005,0.05660309850084082
yoochoose1_64,unpopular,8829,mdhg,Poisoning-SSL,0.005,0.03171848724462414
yoochoose1_64,unpopular,8829,miasrec,Poisoning-SSL,0.005,0.07721206483237325
yoochoose1_64,unpopular,8829,srgnn,Poisoning-SSL,0.005,0.07529786396651043
yoochoose1_64,unpopular,8829,tron,Poisoning-SSL,0.005,0.6123191653371098
yoochoose1_64,unpopular,8829,wearec,Poisoning-SSL,0.005,0.06781995778024258
yoochoose1_64,unpopular,1440,freqrec,DPSBR,0.005,0.02384700704855272
yoochoose1_64,unpopular,1440,mdhg,DPSBR,0.005,1
yoochoose1_64,unpopular,1440,miasrec,DPSBR,0.005,0.28276503631614724
yoochoose1_64,unpopular,1440,srgnn,DPSBR,0.005,0.2587212422626928
yoochoose1_64,unpopular,1440,tron,DPSBR,0.005,0.8157323915888353
yoochoose1_64,unpopular,1440,wearec,DPSBR,0.005,0.09483344663494221
yoochoose1_64,unpopular,14514,freqrec,DPSBR,0.005,0.020948871158180973
yoochoose1_64,unpopular,14514,mdhg,DPSBR,0.005,0.21406848187770583
yoochoose1_64,unpopular,14514,miasrec,DPSBR,0.005,0.30124512504919676
yoochoose1_64,unpopular,14514,srgnn,DPSBR,0.005,0.24165444201939246
yoochoose1_64,unpopular,14514,tron,DPSBR,0.005,0.7976265170392414
yoochoose1_64,unpopular,14514,wearec,DPSBR,0.005,0.11481627249633261
yoochoose1_64,unpopular,16571,freqrec,DPSBR,0.005,0.014580128090450463
yoochoose1_64,unpopular,16571,mdhg,DPSBR,0.005,0.21850513435185517
yoochoose1_64,unpopular,16571,miasrec,DPSBR,0.005,0.2285770510572829
yoochoose1_64,unpopular,16571,srgnn,DPSBR,0.005,0.20782496690400373
yoochoose1_64,unpopular,16571,tron,DPSBR,0.005,0.786440313357116
yoochoose1_64,unpopular,16571,wearec,DPSBR,0.005,0.07644280654048445
yoochoose1_64,unpopular,17290,freqrec,DPSBR,0.005,0.035045976600236145
yoochoose1_64,unpopular,17290,mdhg,DPSBR,0.005,0.21601846219900533
yoochoose1_64,unpopular,17290,miasrec,DPSBR,0.005,0.2813338580986797
yoochoose1_64,unpopular,17290,srgnn,DPSBR,0.005,0.21072310279437548
yoochoose1_64,unpopular,17290,tron,DPSBR,0.005,0.8131868131868132
yoochoose1_64,unpopular,17290,wearec,DPSBR,0.005,0.058213173995491786
yoochoose1_64,unpopular,32070,freqrec,DPSBR,0.005,0.035224873877419585
yoochoose1_64,unpopular,32070,mdhg,DPSBR,0.005,0.9999463308168449
yoochoose1_64,unpopular,32070,miasrec,DPSBR,0.005,0.15920068696554437
yoochoose1_64,unpopular,32070,srgnn,DPSBR,0.005,0.21761064796593796
yoochoose1_64,unpopular,32070,tron,DPSBR,0.005,0.8083287022928132
yoochoose1_64,unpopular,32070,wearec,DPSBR,0.005,0.14608751654799815
yoochoose1_64,unpopular,33739,freqrec,DPSBR,0.005,0.02239793910336685
yoochoose1_64,unpopular,33739,mdhg,DPSBR,0.005,0.2147482915310029
yoochoose1_64,unpopular,33739,miasrec,DPSBR,0.005,0.20496261046906866
yoochoose1_64,unpopular,33739,srgnn,DPSBR,0.005,0.22596515081040466
yoochoose1_64,unpopular,33739,tron,DPSBR,0.005,0.7515192800674041
yoochoose1_64,unpopular,33739,wearec,DPSBR,0.005,0.08610325950839028
yoochoose1_64,unpopular,35833,freqrec,DPSBR,0.005,0.05735446706501127
yoochoose1_64,unpopular,35833,mdhg,DPSBR,0.005,0.21956062828723746
yoochoose1_64,unpopular,35833,miasrec,DPSBR,0.005,0.2732477011699882
yoochoose1_64,unpopular,35833,srgnn,DPSBR,0.005,0.25052774696769115
yoochoose1_64,unpopular,35833,tron,DPSBR,0.005,0.8103723356578169
yoochoose1_64,unpopular,35833,wearec,DPSBR,0.005,0.04746144763676697
yoochoose1_64,unpopular,4092,freqrec,DPSBR,0.005,0.014490679451858742
yoochoose1_64,unpopular,4092,mdhg,DPSBR,0.005,0.21986475365844932
yoochoose1_64,unpopular,4092,miasrec,DPSBR,0.005,0.35484274929335574
yoochoose1_64,unpopular,4092,srgnn,DPSBR,0.005,0.2086657841067659
yoochoose1_64,unpopular,4092,tron,DPSBR,0.005,0.8275639531756986
yoochoose1_64,unpopular,4092,wearec,DPSBR,0.005,0.1306665712547855
yoochoose1_64,unpopular,8637,freqrec,DPSBR,0.005,0.02704926831013632
yoochoose1_64,unpopular,8637,mdhg,DPSBR,0.005,0.208826791656231
yoochoose1_64,unpopular,8637,miasrec,DPSBR,0.005,0.20381766789509465
yoochoose1_64,unpopular,8637,srgnn,DPSBR,0.005,0.24364020179612866
yoochoose1_64,unpopular,8637,tron,DPSBR,0.005,0.8057831238907911
yoochoose1_64,unpopular,8637,wearec,DPSBR,0.005,0.06313284911803642
yoochoose1_64,unpopular,8829,freqrec,DPSBR,0.005,0.02397223514258113
yoochoose1_64,unpopular,8829,mdhg,DPSBR,0.005,0.22283444845969444
yoochoose1_64,unpopular,8829,miasrec,DPSBR,0.005,0.24501771083044116
yoochoose1_64,unpopular,8829,srgnn,DPSBR,0.005,0.2398833589752764
yoochoose1_64,unpopular,8829,tron,DPSBR,0.005,0.7641754656436549
yoochoose1_64,unpopular,8829,wearec,DPSBR,0.005,0.03479552041217933
diginetica,popular,11103,freqrec,TC-SACP-C,0.03,0.07934864767162904
diginetica,popular,11103,mdhg,TC-SACP-C,0.03,0.00027933878865555884
diginetica,popular,11103,miasrec,TC-SACP-C,0.03,0.8969568503729994
diginetica,popular,11103,srgnn,TC-SACP-C,0.03,0.6540471260968156
diginetica,popular,11103,tron,TC-SACP-C,0.03,0.18748562226823096
diginetica,popular,11103,wearec,TC-SACP-C,0.03,0.27332478885273914
diginetica,popular,1440,freqrec,TC-SACP-C,0.03,0.08434388248052845
diginetica,popular,1440,mdhg,TC-SACP-C,0.03,0.0001807486279535969
diginetica,popular,1440,miasrec,TC-SACP-C,0.03,0.7854185152321799
diginetica,popular,1440,srgnn,TC-SACP-C,0.03,0.6490025962075652
diginetica,popular,1440,tron,TC-SACP-C,0.03,0.1695586447139242
diginetica,popular,1440,wearec,TC-SACP-C,0.03,0.32007295671891944
diginetica,popular,14514,freqrec,TC-SACP-C,0.03,0.09377567452101614
diginetica,popular,14514,mdhg,TC-SACP-C,0.03,0.0002629070952052319
diginetica,popular,14514,miasrec,TC-SACP-C,0.03,0.8289789345689966
diginetica,popular,14514,srgnn,TC-SACP-C,0.03,0.623664924907161
diginetica,popular,14514,tron,TC-SACP-C,0.03,0.18010779190903414
diginetica,popular,14514,wearec,TC-SACP-C,0.03,0.16849058463965297
diginetica,popular,32614,freqrec,TC-SACP-C,0.03,0.09947747214827961
diginetica,popular,32614,mdhg,TC-SACP-C,0.03,0.05925268658187913
diginetica,popular,32614,miasrec,TC-SACP-C,0.03,0.9294587400177462
diginetica,popular,32614,srgnn,TC-SACP-C,0.03,0.6364980774918663
diginetica,popular,32614,tron,TC-SACP-C,0.03,0.34593644220973413
diginetica,popular,32614,wearec,TC-SACP-C,0.03,0.27439284892701044
diginetica,popular,3316,freqrec,TC-SACP-C,0.03,0.1207236517795524
diginetica,popular,3316,mdhg,TC-SACP-C,0.03,0.00027933878865555884
diginetica,popular,3316,miasrec,TC-SACP-C,0.03,0.8640770317788952
diginetica,popular,3316,srgnn,TC-SACP-C,0.03,0.6383219954648526
diginetica,popular,3316,tron,TC-SACP-C,0.03,0.163166715961747
diginetica,popular,3316,wearec,TC-SACP-C,0.03,0.27317690361168623
diginetica,popular,39588,freqrec,TC-SACP-C,0.03,0.07479706858588846
diginetica,popular,39588,mdhg,TC-SACP-C,0.03,0.7924348483354694
diginetica,popular,39588,miasrec,TC-SACP-C,0.03,0.7801603733280752
diginetica,popular,39588,srgnn,TC-SACP-C,0.03,0.6644648197443228
diginetica,popular,39588,tron,TC-SACP-C,0.03,0.2946038318709126
diginetica,popular,39588,wearec,TC-SACP-C,0.03,0.26934831903776
diginetica,popular,4092,freqrec,TC-SACP-C,0.03,0.06152026027802426
diginetica,popular,4092,mdhg,TC-SACP-C,0.03,0.00185678135988695
diginetica,popular,4092,miasrec,TC-SACP-C,0.03,0.944625193072398
diginetica,popular,4092,srgnn,TC-SACP-C,0.03,0.6324887442899865
diginetica,popular,4092,tron,TC-SACP-C,0.03,0.2721417069243156
diginetica,popular,4092,wearec,TC-SACP-C,0.03,0.1694271911663216
diginetica,popular,5334,freqrec,TC-SACP-C,0.03,0.09311840678300305
diginetica,popular,5334,mdhg,TC-SACP-C,0.03,0.0001807486279535969
diginetica,popular,5334,miasrec,TC-SACP-C,0.03,0.907785336356765
diginetica,popular,5334,srgnn,TC-SACP-C,0.03,0.6482631700023004
diginetica,popular,5334,tron,TC-SACP-C,0.03,0.19198790627362056
diginetica,popular,5334,wearec,TC-SACP-C,0.03,0.24195668605606493
diginetica,popular,5418,freqrec,TC-SACP-C,0.03,0.12703342206447796
diginetica,popular,5418,mdhg,TC-SACP-C,0.03,0.8262512734562424
diginetica,popular,5418,miasrec,TC-SACP-C,0.03,0.9132077951953729
diginetica,popular,5418,srgnn,TC-SACP-C,0.03,0.6657136284465477
diginetica,popular,5418,tron,TC-SACP-C,0.03,0.19382825594005718
diginetica,popular,5418,wearec,TC-SACP-C,0.03,0.24264681718097866
diginetica,popular,9496,freqrec,TC-SACP-C,0.03,0.08657859278977291
diginetica,popular,9496,mdhg,TC-SACP-C,0.03,0.7719773899898124
diginetica,popular,9496,miasrec,TC-SACP-C,0.03,0.9283085214762233
diginetica,popular,9496,srgnn,TC-SACP-C,0.03,0.6329816950934963
diginetica,popular,9496,tron,TC-SACP-C,0.03,0.2413980084787538
diginetica,popular,9496,wearec,TC-SACP-C,0.03,0.20682572545926584
diginetica,popular,11103,freqrec,CREAT,0.03,0.11638568470866607
diginetica,popular,11103,mdhg,CREAT,0.03,0.00027933878865555884
diginetica,popular,11103,miasrec,CREAT,0.03,0.2699398600019718
diginetica,popular,11103,srgnn,CREAT,0.03,0.26277564165762923
diginetica,popular,11103,tron,CREAT,0.03,0.016727463932432875
diginetica,popular,11103,wearec,CREAT,0.03,0.2887541490025962
diginetica,popular,1440,freqrec,CREAT,0.03,0.12635972263301457
diginetica,popular,1440,mdhg,CREAT,0.03,0.9492260672384896
diginetica,popular,1440,miasrec,CREAT,0.03,0.45407341680633606
diginetica,popular,1440,srgnn,CREAT,0.03,0.41685563114134544
diginetica,popular,1440,tron,CREAT,0.03,0.0030891583686614744
diginetica,popular,1440,wearec,CREAT,0.03,0.2916954221302047
diginetica,popular,14514,freqrec,CREAT,0.03,0.1270498537579283
diginetica,popular,14514,mdhg,CREAT,0.03,0.0006244043511124257
diginetica,popular,14514,miasrec,CREAT,0.03,0.2674422425975221
diginetica,popular,14514,srgnn,CREAT,0.03,0.2656347563179861
diginetica,popular,14514,tron,CREAT,0.03,0.0221006276906898
diginetica,popular,14514,wearec,CREAT,0.03,0.274573597554964
diginetica,popular,32614,freqrec,CREAT,0.03,0.10414407308817247
diginetica,popular,32614,mdhg,CREAT,0.03,0.03810509711130829
diginetica,popular,32614,miasrec,CREAT,0.03,0.2706628545137862
diginetica,popular,32614,srgnn,CREAT,0.03,0.2648460350323704
diginetica,popular,32614,tron,CREAT,0.03,0.04909790002957705
diginetica,popular,32614,wearec,CREAT,0.03,0.31046041605047814
diginetica,popular,3316,freqrec,CREAT,0.03,0.12238325281803543
diginetica,popular,3316,mdhg,CREAT,0.03,0.00027933878865555884
diginetica,popular,3316,miasrec,CREAT,0.03,0.265026783660324
diginetica,popular,3316,srgnn,CREAT,0.03,0.2651418055144763
diginetica,popular,3316,tron,CREAT,0.03,0.01327680830786421
diginetica,popular,3316,wearec,CREAT,0.03,0.3138289132077952
diginetica,popular,39588,freqrec,CREAT,0.03,0.09510664169049263
diginetica,popular,39588,mdhg,CREAT,0.03,0.8979591836734694
diginetica,popular,39588,miasrec,CREAT,0.03,0.4574583456571034
diginetica,popular,39588,srgnn,CREAT,0.03,0.417134969930001
diginetica,popular,39588,tron,CREAT,0.03,0.0005258141904104638
diginetica,popular,39588,wearec,CREAT,0.03,0.20335863814124683
diginetica,popular,4092,freqrec,CREAT,0.03,0.10885996910841632
diginetica,popular,4092,mdhg,CREAT,0.03,0.0005422458838607907
diginetica,popular,4092,miasrec,CREAT,0.03,0.26773801307962797
diginetica,popular,4092,srgnn,CREAT,0.03,0.26206907883926517
diginetica,popular,4092,tron,CREAT,0.03,0.028952643859476157
diginetica,popular,4092,wearec,CREAT,0.03,0.2635479312497946
diginetica,popular,5334,freqrec,CREAT,0.03,0.10731538992408558
diginetica,popular,5334,mdhg,CREAT,0.03,0.9736928587860265
diginetica,popular,5334,miasrec,CREAT,0.03,0.4629793946564133
diginetica,popular,5334,srgnn,CREAT,0.03,0.39873147326563474
diginetica,popular,5334,tron,CREAT,0.03,0.0030398632883104934
diginetica,popular,5334,wearec,CREAT,0.03,0.20084458904334682
diginetica,popular,5418,freqrec,CREAT,0.03,0.11860396332446022
diginetica,popular,5418,mdhg,CREAT,0.03,0.9613855203917315
diginetica,popular,5418,miasrec,CREAT,0.03,0.4520030234315949
diginetica,popular,5418,srgnn,CREAT,0.03,0.43213710605014954
diginetica,popular,5418,tron,CREAT,0.03,0.003532814091820303
diginetica,popular,5418,wearec,CREAT,0.03,0.31818331197213184
diginetica,popular,9496,freqrec,CREAT,0.03,0.11277071214959414
diginetica,popular,9496,mdhg,CREAT,0.03,0.0008380163659666765
diginetica,popular,9496,miasrec,CREAT,0.03,0.45466495777054783
diginetica,popular,9496,srgnn,CREAT,0.03,0.42002694797725854
diginetica,popular,9496,tron,CREAT,0.03,0.0024318906306483945
diginetica,popular,9496,wearec,CREAT,0.03,0.17415951888001577
diginetica,popular,11103,freqrec,TC-SACP-G,0.03,0.11429885964047455
diginetica,popular,11103,mdhg,TC-SACP-G,0.03,0.9993098688750862
diginetica,popular,11103,miasrec,TC-SACP-G,0.03,0.7702849255644286
diginetica,popular,11103,srgnn,TC-SACP-G,0.03,0.550050938249696
diginetica,popular,11103,tron,TC-SACP-G,0.03,0.4776036018272043
diginetica,popular,11103,wearec,TC-SACP-G,0.03,0.30949094613690886
diginetica,popular,1440,freqrec,TC-SACP-G,0.03,0.12647474448716683
diginetica,popular,1440,mdhg,TC-SACP-G,0.03,0.00202109829439022
diginetica,popular,1440,miasrec,TC-SACP-G,0.03,0.7778270728581288
diginetica,popular,1440,srgnn,TC-SACP-G,0.03,0.5648230306615399
diginetica,popular,1440,tron,TC-SACP-G,0.03,0.5017417595057346
diginetica,popular,1440,wearec,TC-SACP-G,0.03,0.21017779092313255
diginetica,popular,14514,freqrec,TC-SACP-G,0.03,0.09942817706792863
diginetica,popular,14514,mdhg,TC-SACP-G,0.03,0.0028262512734562426
diginetica,popular,14514,miasrec,TC-SACP-G,0.03,0.7076308784383318
diginetica,popular,14514,srgnn,TC-SACP-G,0.03,0.5543889053205824
diginetica,popular,14514,tron,TC-SACP-G,0.03,0.42308324295901933
diginetica,popular,14514,wearec,TC-SACP-G,0.03,0.2692661605705084
diginetica,popular,32614,freqrec,TC-SACP-G,0.03,0.10236945019553716
diginetica,popular,32614,mdhg,TC-SACP-G,0.03,0.001906076440237931
diginetica,popular,32614,miasrec,TC-SACP-G,0.03,0.7473462815077722
diginetica,popular,32614,srgnn,TC-SACP-G,0.03,0.5688816589437707
diginetica,popular,32614,tron,TC-SACP-G,0.03,0.46662723060238587
diginetica,popular,32614,wearec,TC-SACP-G,0.03,0.18615465509875448
diginetica,popular,3316,freqrec,TC-SACP-G,0.03,0.08922409543527555
diginetica,popular,3316,mdhg,TC-SACP-G,0.03,0.001577442571231391
diginetica,popular,3316,miasrec,TC-SACP-G,0.03,0.7551349042032272
diginetica,popular,3316,srgnn,TC-SACP-G,0.03,0.5204903217325577
diginetica,popular,3316,tron,TC-SACP-G,0.03,0.48148148148148145
diginetica,popular,3316,wearec,TC-SACP-G,0.03,0.35725787899700945
diginetica,popular,39588,freqrec,TC-SACP-G,0.03,0.09507377830359197
diginetica,popular,39588,mdhg,TC-SACP-G,0.03,1
diginetica,popular,39588,miasrec,TC-SACP-G,0.03,0.6836241743074041
diginetica,popular,39588,srgnn,TC-SACP-G,0.03,0.5441848236879293
diginetica,popular,39588,tron,TC-SACP-G,0.03,0.47489237240790033
diginetica,popular,39588,wearec,TC-SACP-G,0.03,0.19821551809129448
diginetica,popular,4092,freqrec,TC-SACP-G,0.03,0.08970061454533504
diginetica,popular,4092,mdhg,TC-SACP-G,0.03,0.9992770054881857
diginetica,popular,4092,miasrec,TC-SACP-G,0.03,0.7546255217062671
diginetica,popular,4092,srgnn,TC-SACP-G,0.03,0.5509711130829144
diginetica,popular,4092,tron,TC-SACP-G,0.03,0.4526438594761576
diginetica,popular,4092,wearec,TC-SACP-G,0.03,0.2510434125340958
diginetica,popular,5334,freqrec,TC-SACP-G,0.03,0.0840809753853232
diginetica,popular,5334,mdhg,TC-SACP-G,0.03,0.001593874264681718
diginetica,popular,5334,miasrec,TC-SACP-G,0.03,0.7501068060074271
diginetica,popular,5334,srgnn,TC-SACP-G,0.03,0.5429853100660554
diginetica,popular,5334,tron,TC-SACP-G,0.03,0.4995070491964902
diginetica,popular,5334,wearec,TC-SACP-G,0.03,0.20233987314732657
diginetica,popular,5418,freqrec,TC-SACP-G,0.03,0.11771665187814256
diginetica,popular,5418,mdhg,TC-SACP-G,0.03,0.0028098195800059155
diginetica,popular,5418,miasrec,TC-SACP-G,0.03,0.7333793420749942
diginetica,popular,5418,srgnn,TC-SACP-G,0.03,0.5613395116500707
diginetica,popular,5418,tron,TC-SACP-G,0.03,0.4539255315652831
diginetica,popular,5418,wearec,TC-SACP-G,0.03,0.23209766998586875
diginetica,popular,9496,freqrec,TC-SACP-G,0.03,0.09441651056557888
diginetica,popular,9496,mdhg,TC-SACP-G,0.03,0.9976666995300536
diginetica,popular,9496,miasrec,TC-SACP-G,0.03,0.7723060238588189
diginetica,popular,9496,srgnn,TC-SACP-G,0.03,0.5356403430937593
diginetica,popular,9496,tron,TC-SACP-G,0.03,0.47517171119655593
diginetica,popular,9496,wearec,TC-SACP-G,0.03,0.33134509842584375
diginetica,popular,11103,freqrec,Poisoning-SSL,0.03,0.1188340070327648
diginetica,popular,11103,mdhg,Poisoning-SSL,0.03,0.9957934864767163
diginetica,popular,11103,miasrec,Poisoning-SSL,0.03,0.392865358703868
diginetica,popular,11103,srgnn,Poisoning-SSL,0.03,0.24744487166847415
diginetica,popular,11103,tron,Poisoning-SSL,0.03,0.5331427256893095
diginetica,popular,11103,wearec,Poisoning-SSL,0.03,0.15090867264780308
diginetica,popular,1440,freqrec,Poisoning-SSL,0.03,0.06367281212001709
diginetica,popular,1440,mdhg,Poisoning-SSL,0.03,0.9925235794801012
diginetica,popular,1440,miasrec,Poisoning-SSL,0.03,0.34412895593019815
diginetica,popular,1440,srgnn,Poisoning-SSL,0.03,0.17200696703802293
diginetica,popular,1440,tron,Poisoning-SSL,0.03,0.5744684347168819
diginetica,popular,1440,wearec,Poisoning-SSL,0.03,0.08812317197410365
diginetica,popular,14514,freqrec,Poisoning-SSL,0.03,0.15154950869236583
diginetica,popular,14514,mdhg,Poisoning-SSL,0.03,0.023842387196424463
diginetica,popular,14514,miasrec,Poisoning-SSL,0.03,0.46557560222156497
diginetica,popular,14514,srgnn,Poisoning-SSL,0.03,0.26169114988990766
diginetica,popular,14514,tron,Poisoning-SSL,0.03,0.5229879391370075
diginetica,popular,14514,wearec,Poisoning-SSL,0.03,0.17378158993065826
diginetica,popular,32614,freqrec,Poisoning-SSL,0.03,0.12782214335009365
diginetica,popular,32614,mdhg,Poisoning-SSL,0.03,0.9966150711492326
diginetica,popular,32614,miasrec,Poisoning-SSL,0.03,0.2882611981990864
diginetica,popular,32614,srgnn,Poisoning-SSL,0.03,0.24471721055571988
diginetica,popular,32614,tron,Poisoning-SSL,0.03,0.6031910348680535
diginetica,popular,32614,wearec,Poisoning-SSL,0.03,0.13937362384567353
diginetica,popular,3316,freqrec,Poisoning-SSL,0.03,0.06986756055079037
diginetica,popular,3316,mdhg,Poisoning-SSL,0.03,0.00989187945709685
diginetica,popular,3316,miasrec,Poisoning-SSL,0.03,0.28249367379802165
diginetica,popular,3316,srgnn,Poisoning-SSL,0.03,0.17925334384961714
diginetica,popular,3316,tron,Poisoning-SSL,0.03,0.5260770975056689
diginetica,popular,3316,wearec,Poisoning-SSL,0.03,0.09525452693154557
diginetica,popular,39588,freqrec,Poisoning-SSL,0.03,0.14420454172006966
diginetica,popular,39588,mdhg,Poisoning-SSL,0.03,0.9994906175030399
diginetica,popular,39588,miasrec,Poisoning-SSL,0.03,0.44309704558151763
diginetica,popular,39588,srgnn,Poisoning-SSL,0.03,0.21489368694337638
diginetica,popular,39588,tron,Poisoning-SSL,0.03,0.5788392651746689
diginetica,popular,39588,wearec,Poisoning-SSL,0.03,0.15337342666535214
diginetica,popular,4092,freqrec,Poisoning-SSL,0.03,0.05115186171086792
diginetica,popular,4092,mdhg,Poisoning-SSL,0.03,0.9997042295178941
diginetica,popular,4092,miasrec,Poisoning-SSL,0.03,0.2424167734726741
diginetica,popular,4092,srgnn,Poisoning-SSL,0.03,0.14264353084228862
diginetica,popular,4092,tron,Poisoning-SSL,0.03,0.4087548062703342
diginetica,popular,4092,wearec,Poisoning-SSL,0.03,0.07565151664530546
diginetica,popular,5334,freqrec,Poisoning-SSL,0.03,0.08186269676952906
diginetica,popular,5334,mdhg,Poisoning-SSL,0.03,0.010220513326103388
diginetica,popular,5334,miasrec,Poisoning-SSL,0.03,0.3355680436425778
diginetica,popular,5334,srgnn,Poisoning-SSL,0.03,0.1823917972986296
diginetica,popular,5334,tron,Poisoning-SSL,0.03,0.5860856419862631
diginetica,popular,5334,wearec,Poisoning-SSL,0.03,0.11171908376877321
diginetica,popular,5418,freqrec,Poisoning-SSL,0.03,0.07925005751092708
diginetica,popular,5418,mdhg,Poisoning-SSL,0.03,0.998241808800815
diginetica,popular,5418,miasrec,Poisoning-SSL,0.03,0.3710605014952841
diginetica,popular,5418,srgnn,Poisoning-SSL,0.03,0.19483058924052712
diginetica,popular,5418,tron,Poisoning-SSL,0.03,0.5685201616878636
diginetica,popular,5418,wearec,Poisoning-SSL,0.03,0.10540931348384765
diginetica,popular,9496,freqrec,Poisoning-SSL,0.03,0.05562128232935686
diginetica,popular,9496,mdhg,Poisoning-SSL,0.03,0.9997863879851457
diginetica,popular,9496,miasrec,Poisoning-SSL,0.03,0.1878142561372375
diginetica,popular,9496,srgnn,Poisoning-SSL,0.03,0.14017877682473956
diginetica,popular,9496,tron,Poisoning-SSL,0.03,0.6229254987018962
diginetica,popular,9496,wearec,Poisoning-SSL,0.03,0.06899668079792304
diginetica,popular,11103,freqrec,DPSBR,0.03,0.09037431397679845
diginetica,popular,11103,mdhg,DPSBR,0.03,0.0024976174044497026
diginetica,popular,11103,miasrec,DPSBR,0.03,0.7551349042032272
diginetica,popular,11103,srgnn,DPSBR,0.03,0.5049295080350981
diginetica,popular,11103,tron,DPSBR,0.03,0.434371816359394
diginetica,popular,11103,wearec,DPSBR,0.03,0.40949423247559896
diginetica,popular,1440,freqrec,DPSBR,0.03,0.0918695980807782
diginetica,popular,1440,mdhg,DPSBR,0.03,0.0027440928062046075
diginetica,popular,1440,miasrec,DPSBR,0.03,0.7839067994347497
diginetica,popular,1440,srgnn,DPSBR,0.03,0.48897433369483057
diginetica,popular,1440,tron,DPSBR,0.03,0.3308850110092346
diginetica,popular,1440,wearec,DPSBR,0.03,0.28040684872983007
diginetica,popular,14514,freqrec,DPSBR,0.03,0.10419336816852345
diginetica,popular,14514,mdhg,DPSBR,0.03,0.002859114660356896
diginetica,popular,14514,miasrec,DPSBR,0.03,0.7232409872161425
diginetica,popular,14514,srgnn,DPSBR,0.03,0.5177297972329028
diginetica,popular,14514,tron,DPSBR,0.03,0.40914916691314207
diginetica,popular,14514,wearec,DPSBR,0.03,0.2724539090998718
diginetica,popular,32614,freqrec,DPSBR,0.03,0.0865128660159716
diginetica,popular,32614,mdhg,DPSBR,0.03,0.9968944099378882
diginetica,popular,32614,miasrec,DPSBR,0.03,0.7274803641263269
diginetica,popular,32614,srgnn,DPSBR,0.03,0.4946268362417431
diginetica,popular,32614,tron,DPSBR,0.03,0.4707351539649676
diginetica,popular,32614,wearec,DPSBR,0.03,0.2869795261099609
diginetica,popular,3316,freqrec,DPSBR,0.03,0.11479181044398436
diginetica,popular,3316,mdhg,DPSBR,0.03,0.0025633441782510107
diginetica,popular,3316,miasrec,DPSBR,0.03,0.7605737947352854
diginetica,popular,3316,srgnn,DPSBR,0.03,0.4680074928522133
diginetica,popular,3316,tron,DPSBR,0.03,0.3068618751848565
diginetica,popular,3316,wearec,DPSBR,0.03,0.2361398665746492
diginetica,popular,39588,freqrec,DPSBR,0.03,0.12101942226165828
diginetica,popular,39588,mdhg,DPSBR,0.03,0.9991291202471326
diginetica,popular,39588,miasrec,DPSBR,0.03,0.7378487626934832
diginetica,popular,39588,srgnn,DPSBR,0.03,0.49495547011074964
diginetica,popular,39588,tron,DPSBR,0.03,0.41900818298333825
diginetica,popular,39588,wearec,DPSBR,0.03,0.27587170133753985
diginetica,popular,4092,freqrec,DPSBR,0.03,0.08304577869795261
diginetica,popular,4092,mdhg,DPSBR,0.03,0.0027112294193039534
diginetica,popular,4092,miasrec,DPSBR,0.03,0.7675572644516744
diginetica,popular,4092,srgnn,DPSBR,0.03,0.5015774425712314
diginetica,popular,4092,tron,DPSBR,0.03,0.4985540109763712
diginetica,popular,4092,wearec,DPSBR,0.03,0.22376680140655297
diginetica,popular,5334,freqrec,DPSBR,0.03,0.07045910151500213
diginetica,popular,5334,mdhg,DPSBR,0.03,0.0024811857109993756
diginetica,popular,5334,miasrec,DPSBR,0.03,0.7844326136251603
diginetica,popular,5334,srgnn,DPSBR,0.03,0.4855894048440632
diginetica,popular,5334,tron,DPSBR,0.03,0.4587235860527786
diginetica,popular,5334,wearec,DPSBR,0.03,0.250353281409182
diginetica,popular,5418,freqrec,DPSBR,0.03,0.10616517138256269
diginetica,popular,5418,mdhg,DPSBR,0.03,0.0026126392586019913
diginetica,popular,5418,miasrec,DPSBR,0.03,0.702109829439022
diginetica,popular,5418,srgnn,DPSBR,0.03,0.47075158565841796
diginetica,popular,5418,tron,DPSBR,0.03,0.31971145946301227
diginetica,popular,5418,wearec,DPSBR,0.03,0.20883039206020573
diginetica,popular,9496,freqrec,DPSBR,0.03,0.0893062539025272
diginetica,popular,9496,mdhg,DPSBR,0.03,0.0022511420026947978
diginetica,popular,9496,miasrec,DPSBR,0.03,0.758141904104637
diginetica,popular,9496,srgnn,DPSBR,0.03,0.47446514837819187
diginetica,popular,9496,tron,DPSBR,0.03,0.5629498176082027
diginetica,popular,9496,wearec,DPSBR,0.03,0.2590292155509547
diginetica,unpopular,17290,freqrec,TC-SACP-C,0.03,0.09505734661014165
diginetica,unpopular,17290,mdhg,TC-SACP-C,0.03,0.8192842354333038
diginetica,unpopular,17290,miasrec,TC-SACP-C,0.03,0.8951986591738145
diginetica,unpopular,17290,srgnn,TC-SACP-C,0.03,0.6401130500509382
diginetica,unpopular,17290,tron,TC-SACP-C,0.03,0.22633014558480397
diginetica,unpopular,17290,wearec,TC-SACP-C,0.03,0.2899536626244701
diginetica,unpopular,20222,freqrec,TC-SACP-C,0.03,0.0980807782050018
diginetica,unpopular,20222,mdhg,TC-SACP-C,0.03,0.00011502185415228893
diginetica,unpopular,20222,miasrec,TC-SACP-C,0.03,0.7420224128298663
diginetica,unpopular,20222,srgnn,TC-SACP-C,0.03,0.6479345361332939
diginetica,unpopular,20222,tron,TC-SACP-C,0.03,0.27110651023694504
diginetica,unpopular,20222,wearec,TC-SACP-C,0.03,0.20279996056393573
diginetica,unpopular,21325,freqrec,TC-SACP-C,0.03,0.10744684347168819
diginetica,unpopular,21325,mdhg,TC-SACP-C,0.03,0.00019718032140392388
diginetica,unpopular,21325,miasrec,TC-SACP-C,0.03,0.8657694962042788
diginetica,unpopular,21325,srgnn,TC-SACP-C,0.03,0.6413947221400638
diginetica,unpopular,21325,tron,TC-SACP-C,0.03,0.222813763186434
diginetica,unpopular,21325,wearec,TC-SACP-C,0.03,0.20799237569423903
diginetica,unpopular,23414,freqrec,TC-SACP-C,0.03,0.09106444510171219
diginetica,unpopular,23414,mdhg,TC-SACP-C,0.03,0.0009037431397679844
diginetica,unpopular,23414,miasrec,TC-SACP-C,0.03,0.9087548062703342
diginetica,unpopular,23414,srgnn,TC-SACP-C,0.03,0.6595188800157744
diginetica,unpopular,23414,tron,TC-SACP-C,0.03,0.11351013835485885
diginetica,unpopular,23414,wearec,TC-SACP-C,0.03,0.23004370830457788
diginetica,unpopular,28865,freqrec,TC-SACP-C,0.03,0.10238588188898748
diginetica,unpopular,28865,mdhg,TC-SACP-C,0.03,0.8492885076736009
diginetica,unpopular,28865,miasrec,TC-SACP-C,0.03,0.8253639620099248
diginetica,unpopular,28865,srgnn,TC-SACP-C,0.03,0.6459955963061553
diginetica,unpopular,28865,tron,TC-SACP-C,0.03,0.07118209602681652
diginetica,unpopular,28865,wearec,TC-SACP-C,0.03,0.24593315587104406
diginetica,unpopular,29122,freqrec,TC-SACP-C,0.03,0.09890236287751816
diginetica,unpopular,29122,mdhg,TC-SACP-C,0.03,0.00004929508035098097
diginetica,unpopular,29122,miasrec,TC-SACP-C,0.03,0.8349600709849158
diginetica,unpopular,29122,srgnn,TC-SACP-C,0.03,0.6672910710177791
diginetica,unpopular,29122,tron,TC-SACP-C,0.03,0.18112655690295443
diginetica,unpopular,29122,wearec,TC-SACP-C,0.03,0.18615465509875448
diginetica,unpopular,32561,freqrec,TC-SACP-C,0.03,0.1048342042130862
diginetica,unpopular,32561,mdhg,TC-SACP-C,0.03,0.0018074862795359689
diginetica,unpopular,32561,miasrec,TC-SACP-C,0.03,0.9462683624174307
diginetica,unpopular,32561,srgnn,TC-SACP-C,0.03,0.6353314272568931
diginetica,unpopular,32561,tron,TC-SACP-C,0.03,0.31982648131716457
diginetica,unpopular,32561,wearec,TC-SACP-C,0.03,0.25128988793585066
diginetica,unpopular,33995,freqrec,TC-SACP-C,0.03,0.10485063590653652
diginetica,unpopular,33995,mdhg,TC-SACP-C,0.03,0.00004929508035098097
diginetica,unpopular,33995,miasrec,TC-SACP-C,0.03,0.944920963554504
diginetica,unpopular,33995,srgnn,TC-SACP-C,0.03,0.6527490223142397
diginetica,unpopular,33995,tron,TC-SACP-C,0.03,0.27186236813566006
diginetica,unpopular,33995,wearec,TC-SACP-C,0.03,0.23208123829241842
diginetica,unpopular,3660,freqrec,TC-SACP-C,0.03,0.08529692070064741
diginetica,unpopular,3660,mdhg,TC-SACP-C,0.03,0.00008215846725163495
diginetica,unpopular,3660,miasrec,TC-SACP-C,0.03,0.905928554996878
diginetica,unpopular,3660,srgnn,TC-SACP-C,0.03,0.6372210720036807
diginetica,unpopular,3660,tron,TC-SACP-C,0.03,0.1883565020210983
diginetica,unpopular,3660,wearec,TC-SACP-C,0.03,0.2069900423937691
diginetica,unpopular,8829,freqrec,TC-SACP-C,0.03,0.08128758749876762
diginetica,unpopular,8829,mdhg,TC-SACP-C,0.03,0.7775148706825725
diginetica,unpopular,8829,miasrec,TC-SACP-C,0.03,0.9054191724999179
diginetica,unpopular,8829,srgnn,TC-SACP-C,0.03,0.6418383778632226
diginetica,unpopular,8829,tron,TC-SACP-C,0.03,0.07234874626178973
diginetica,unpopular,8829,wearec,TC-SACP-C,0.03,0.157136284465477
diginetica,unpopular,17290,freqrec,CREAT,0.03,0.11935982122317526
diginetica,unpopular,17290,mdhg,CREAT,0.03,0.00011502185415228893
diginetica,unpopular,17290,miasrec,CREAT,0.03,0.2623977127082717
diginetica,unpopular,17290,srgnn,CREAT,0.03,0.2657169147852378
diginetica,unpopular,17290,tron,CREAT,0.03,0.23196621643826612
diginetica,unpopular,17290,wearec,CREAT,0.03,0.2629399585921325
diginetica,unpopular,20222,freqrec,CREAT,0.03,0.13239015412928457
diginetica,unpopular,20222,mdhg,CREAT,0.03,0.00021361201485425087
diginetica,unpopular,20222,miasrec,CREAT,0.03,0.2627263465772783
diginetica,unpopular,20222,srgnn,CREAT,0.03,0.2654868710769332
diginetica,unpopular,20222,tron,CREAT,0.03,0.5248940155772454
diginetica,unpopular,20222,wearec,CREAT,0.03,0.2677544447730783
diginetica,unpopular,21325,freqrec,CREAT,0.03,0.11623779946761313
diginetica,unpopular,21325,mdhg,CREAT,0.03,0.9339445923296855
diginetica,unpopular,21325,miasrec,CREAT,0.03,0.4562095369548786
diginetica,unpopular,21325,srgnn,CREAT,0.03,0.4251207729468599
diginetica,unpopular,21325,tron,CREAT,0.03,0.06097801439416346
diginetica,unpopular,21325,wearec,CREAT,0.03,0.19800190607644025
diginetica,unpopular,23414,freqrec,CREAT,0.03,0.1438430444641625
diginetica,unpopular,23414,mdhg,CREAT,0.03,0.001741759505734661
diginetica,unpopular,23414,miasrec,CREAT,0.03,0.2656018929310855
diginetica,unpopular,23414,srgnn,CREAT,0.03,0.26466528640441683
diginetica,unpopular,23414,tron,CREAT,0.03,0.4355220349009169
diginetica,unpopular,23414,wearec,CREAT,0.03,0.3333826284136843
diginetica,unpopular,28865,freqrec,CREAT,0.03,0.13718820861678005
diginetica,unpopular,28865,mdhg,CREAT,0.03,0.0006572677380130796
diginetica,unpopular,28865,miasrec,CREAT,0.03,0.2710407834631437
diginetica,unpopular,28865,srgnn,CREAT,0.03,0.26846100759144237
diginetica,unpopular,28865,tron,CREAT,0.03,0.398189227381774
diginetica,unpopular,28865,wearec,CREAT,0.03,0.2614775378750534
diginetica,unpopular,29122,freqrec,CREAT,0.03,0.1290709520523185
diginetica,unpopular,29122,mdhg,CREAT,0.03,0.00006572677380130797
diginetica,unpopular,29122,miasrec,CREAT,0.03,0.4568503729994413
diginetica,unpopular,29122,srgnn,CREAT,0.03,0.3930461073318216
diginetica,unpopular,29122,tron,CREAT,0.03,0.052022741463735256
diginetica,unpopular,29122,wearec,CREAT,0.03,0.3898090637221072
diginetica,unpopular,32561,freqrec,CREAT,0.03,0.10807124782280061
diginetica,unpopular,32561,mdhg,CREAT,0.03,0.8976469814979132
diginetica,unpopular,32561,miasrec,CREAT,0.03,0.45101712182457526
diginetica,unpopular,32561,srgnn,CREAT,0.03,0.3876729435735647
diginetica,unpopular,32561,tron,CREAT,0.03,0.029642774984389893
diginetica,unpopular,32561,wearec,CREAT,0.03,0.40558348943442113
diginetica,unpopular,33995,freqrec,CREAT,0.03,0.10453843373098032
diginetica,unpopular,33995,mdhg,CREAT,0.03,0.0001478852410529429
diginetica,unpopular,33995,miasrec,CREAT,0.03,0.4563902855828322
diginetica,unpopular,33995,srgnn,CREAT,0.03,0.4306582536396201
diginetica,unpopular,33995,tron,CREAT,0.03,0.027539518222748038
diginetica,unpopular,33995,wearec,CREAT,0.03,0.47063656380426566
diginetica,unpopular,3660,freqrec,CREAT,0.03,0.13171645469782114
diginetica,unpopular,3660,mdhg,CREAT,0.03,0.0006901311249137336
diginetica,unpopular,3660,miasrec,CREAT,0.03,0.2629235268986822
diginetica,unpopular,3660,srgnn,CREAT,0.03,0.2629235268986822
diginetica,unpopular,3660,tron,CREAT,0.03,0.1674060928719314
diginetica,unpopular,3660,wearec,CREAT,0.03,0.26788589832068094
diginetica,unpopular,8829,freqrec,CREAT,0.03,0.0862663906142167
diginetica,unpopular,8829,mdhg,CREAT,0.03,0.9589207663741826
diginetica,unpopular,8829,miasrec,CREAT,0.03,0.45297249334516415
diginetica,unpopular,8829,srgnn,CREAT,0.03,0.39416346248644385
diginetica,unpopular,8829,tron,CREAT,0.03,0.018633540372670808
diginetica,unpopular,8829,wearec,CREAT,0.03,0.23592625455979493
diginetica,unpopular,17290,freqrec,TC-SACP-G,0.03,0.08529692070064741
diginetica,unpopular,17290,mdhg,TC-SACP-G,0.03,0.0030069999014098393
diginetica,unpopular,17290,miasrec,TC-SACP-G,0.03,0.741907390975714
diginetica,unpopular,17290,srgnn,TC-SACP-G,0.03,0.5488185612409215
diginetica,unpopular,17290,tron,TC-SACP-G,0.03,0.34946925630155445
diginetica,unpopular,17290,wearec,TC-SACP-G,0.03,0.22935357717966415
diginetica,unpopular,20222,freqrec,TC-SACP-G,0.03,0.08235564757303888
diginetica,unpopular,20222,mdhg,TC-SACP-G,0.03,0.0032863386900653982
diginetica,unpopular,20222,miasrec,TC-SACP-G,0.03,0.8114134542705971
diginetica,unpopular,20222,srgnn,TC-SACP-G,0.03,0.5420158401524862
diginetica,unpopular,20222,tron,TC-SACP-G,0.03,0.4644582470669427
diginetica,unpopular,20222,wearec,TC-SACP-G,0.03,0.20450885668276972
diginetica,unpopular,21325,freqrec,TC-SACP-G,0.03,0.12928456406717276
diginetica,unpopular,21325,mdhg,TC-SACP-G,0.03,0.9999671366130993
diginetica,unpopular,21325,miasrec,TC-SACP-G,0.03,0.7372407900358211
diginetica,unpopular,21325,srgnn,TC-SACP-G,0.03,0.5609780143941635
diginetica,unpopular,21325,tron,TC-SACP-G,0.03,0.391156462585034
diginetica,unpopular,21325,wearec,TC-SACP-G,0.03,0.3416477702191988
diginetica,unpopular,23414,freqrec,TC-SACP-G,0.03,0.11124256465871372
diginetica,unpopular,23414,mdhg,TC-SACP-G,0.03,0.9993755956488876
diginetica,unpopular,23414,miasrec,TC-SACP-G,0.03,0.746130336192448
diginetica,unpopular,23414,srgnn,TC-SACP-G,0.03,0.5405698511288574
diginetica,unpopular,23414,tron,TC-SACP-G,0.03,0.4495382694140458
diginetica,unpopular,23414,wearec,TC-SACP-G,0.03,0.27276611127542805
diginetica,unpopular,28865,freqrec,TC-SACP-G,0.03,0.17268066646948635
diginetica,unpopular,28865,mdhg,TC-SACP-G,0.03,0.9997042295178941
diginetica,unpopular,28865,miasrec,TC-SACP-G,0.03,0.7060041407867494
diginetica,unpopular,28865,srgnn,TC-SACP-G,0.03,0.5597127739984883
diginetica,unpopular,28865,tron,TC-SACP-G,0.03,0.15720201123927832
diginetica,unpopular,28865,wearec,TC-SACP-G,0.03,0.18830720694074732
diginetica,unpopular,29122,freqrec,TC-SACP-G,0.03,0.08210917217128397
diginetica,unpopular,29122,mdhg,TC-SACP-G,0.03,0.9999178415327483
diginetica,unpopular,29122,miasrec,TC-SACP-G,0.03,0.8123171974103651
diginetica,unpopular,29122,srgnn,TC-SACP-G,0.03,0.5340300371356272
diginetica,unpopular,29122,tron,TC-SACP-G,0.03,0.5028262512734563
diginetica,unpopular,29122,wearec,TC-SACP-G,0.03,0.23702717802096684
diginetica,unpopular,32561,freqrec,TC-SACP-G,0.03,0.1107331821617536
diginetica,unpopular,32561,mdhg,TC-SACP-G,0.03,0.0026783660324032994
diginetica,unpopular,32561,miasrec,TC-SACP-G,0.03,0.8061553123664925
diginetica,unpopular,32561,srgnn,TC-SACP-G,0.03,0.5451049985211476
diginetica,unpopular,32561,tron,TC-SACP-G,0.03,0.470603700417365
diginetica,unpopular,32561,wearec,TC-SACP-G,0.03,0.24537447829373296
diginetica,unpopular,33995,freqrec,TC-SACP-G,0.03,0.08925695882217621
diginetica,unpopular,33995,mdhg,TC-SACP-G,0.03,0.0019389398271385848
diginetica,unpopular,33995,miasrec,TC-SACP-G,0.03,0.7280554733970883
diginetica,unpopular,33995,srgnn,TC-SACP-G,0.03,0.5349830753557462
diginetica,unpopular,33995,tron,TC-SACP-G,0.03,0.1784317591771008
diginetica,unpopular,33995,wearec,TC-SACP-G,0.03,0.20498537579282922
diginetica,unpopular,3660,freqrec,TC-SACP-G,0.03,0.13005685365933814
diginetica,unpopular,3660,mdhg,TC-SACP-G,0.03,0.0027440928062046075
diginetica,unpopular,3660,miasrec,TC-SACP-G,0.03,0.7550198823490749
diginetica,unpopular,3660,srgnn,TC-SACP-G,0.03,0.5562292549870189
diginetica,unpopular,3660,tron,TC-SACP-G,0.03,0.46685727431069046
diginetica,unpopular,3660,wearec,TC-SACP-G,0.03,0.20045022840053897
diginetica,unpopular,8829,freqrec,TC-SACP-G,0.03,0.11306648263170002
diginetica,unpopular,8829,mdhg,TC-SACP-G,0.03,0.0028098195800059155
diginetica,unpopular,8829,miasrec,TC-SACP-G,0.03,0.7070064740872194
diginetica,unpopular,8829,srgnn,TC-SACP-G,0.03,0.5358703868020638
diginetica,unpopular,8829,tron,TC-SACP-G,0.03,0.28177067928620725
diginetica,unpopular,8829,wearec,TC-SACP-G,0.03,0.24525945643958066
diginetica,unpopular,17290,freqrec,Poisoning-SSL,0.03,0.051562654047126094
diginetica,unpopular,17290,mdhg,Poisoning-SSL,0.03,0.9992277104078346
diginetica,unpopular,17290,miasrec,Poisoning-SSL,0.03,0.2808012093726379
diginetica,unpopular,17290,srgnn,Poisoning-SSL,0.03,0.15266686384698808
diginetica,unpopular,17290,tron,Poisoning-SSL,0.03,0.40863978441618193
diginetica,unpopular,17290,wearec,Poisoning-SSL,0.03,0.1026487889841927
diginetica,unpopular,20222,freqrec,Poisoning-SSL,0.03,0.07607874067501397
diginetica,unpopular,20222,mdhg,Poisoning-SSL,0.03,0.007344966972296165
diginetica,unpopular,20222,miasrec,Poisoning-SSL,0.03,0.21568240822899207
diginetica,unpopular,20222,srgnn,Poisoning-SSL,0.03,0.18301620164974203
diginetica,unpopular,20222,tron,Poisoning-SSL,0.03,0.5285747149101186
diginetica,unpopular,20222,wearec,Poisoning-SSL,0.03,0.09324986033060567
diginetica,unpopular,21325,freqrec,Poisoning-SSL,0.03,0.06271977389989812
diginetica,unpopular,21325,mdhg,Poisoning-SSL,0.03,0.9622892635314996
diginetica,unpopular,21325,miasrec,Poisoning-SSL,0.03,0.2738341713496993
diginetica,unpopular,21325,srgnn,Poisoning-SSL,0.03,0.1576128035755365
diginetica,unpopular,21325,tron,Poisoning-SSL,0.03,0.49597423510466987
diginetica,unpopular,21325,wearec,Poisoning-SSL,0.03,0.07356469157711394
diginetica,unpopular,23414,freqrec,Poisoning-SSL,0.03,0.07246376811594203
diginetica,unpopular,23414,mdhg,Poisoning-SSL,0.03,0.010746327516513852
diginetica,unpopular,23414,miasrec,Poisoning-SSL,0.03,0.35909822866344604
diginetica,unpopular,23414,srgnn,Poisoning-SSL,0.03,0.12131519274376418
diginetica,unpopular,23414,tron,Poisoning-SSL,0.03,0.4374774064215058
diginetica,unpopular,23414,wearec,Poisoning-SSL,0.03,0.061191626409017714
diginetica,unpopular,28865,freqrec,Poisoning-SSL,0.03,0.06939104144073088
diginetica,unpopular,28865,mdhg,Poisoning-SSL,0.03,0.01130500509382497
diginetica,unpopular,28865,miasrec,Poisoning-SSL,0.03,0.29749580991817015
diginetica,unpopular,28865,srgnn,Poisoning-SSL,0.03,0.18359131092050346
diginetica,unpopular,28865,tron,Poisoning-SSL,0.03,0.4651319464984061
diginetica,unpopular,28865,wearec,Poisoning-SSL,0.03,0.09895165795786914
diginetica,unpopular,29122,freqrec,Poisoning-SSL,0.03,0.07336751125571002
diginetica,unpopular,29122,mdhg,Poisoning-SSL,0.03,0.011715797430083144
diginetica,unpopular,29122,miasrec,Poisoning-SSL,0.03,0.32158467251634953
diginetica,unpopular,29122,srgnn,Poisoning-SSL,0.03,0.19216865490157414
diginetica,unpopular,29122,tron,Poisoning-SSL,0.03,0.5398304249235927
diginetica,unpopular,29122,wearec,Poisoning-SSL,0.03,0.09901738473167045
diginetica,unpopular,32561,freqrec,Poisoning-SSL,0.03,0.0676985770153472
diginetica,unpopular,32561,mdhg,Poisoning-SSL,0.03,0.9671366130993461
diginetica,unpopular,32561,miasrec,Poisoning-SSL,0.03,0.23349436392914655
diginetica,unpopular,32561,srgnn,Poisoning-SSL,0.03,0.15483584738243122
diginetica,unpopular,32561,tron,Poisoning-SSL,0.03,0.3569785402083539
diginetica,unpopular,32561,wearec,Poisoning-SSL,0.03,0.10128495842781557
diginetica,unpopular,33995,freqrec,Poisoning-SSL,0.03,0.05683722764468106
diginetica,unpopular,33995,mdhg,Poisoning-SSL,0.03,0.010253376713004043
diginetica,unpopular,33995,miasrec,Poisoning-SSL,0.03,0.3242301751618522
diginetica,unpopular,33995,srgnn,Poisoning-SSL,0.03,0.20247132669492918
diginetica,unpopular,33995,tron,Poisoning-SSL,0.03,0.42362548884288015
diginetica,unpopular,33995,wearec,Poisoning-SSL,0.03,0.11351013835485885
diginetica,unpopular,3660,freqrec,Poisoning-SSL,0.03,0.07765618324624536
diginetica,unpopular,3660,mdhg,Poisoning-SSL,0.03,0.9996877978244438
diginetica,unpopular,3660,miasrec,Poisoning-SSL,0.03,0.44962042788129747
diginetica,unpopular,3660,srgnn,Poisoning-SSL,0.03,0.1773308357159289
diginetica,unpopular,3660,tron,Poisoning-SSL,0.03,0.5201452561701009
diginetica,unpopular,3660,wearec,Poisoning-SSL,0.03,0.09633901869926714
diginetica,unpopular,8829,freqrec,Poisoning-SSL,0.03,0.052072036544086236
diginetica,unpopular,8829,mdhg,Poisoning-SSL,0.03,0.9945118143875907
diginetica,unpopular,8829,miasrec,Poisoning-SSL,0.03,0.3615465509875448
diginetica,unpopular,8829,srgnn,Poisoning-SSL,0.03,0.14808242137434685
diginetica,unpopular,8829,tron,Poisoning-SSL,0.03,0.4463012258043314
diginetica,unpopular,8829,wearec,Poisoning-SSL,0.03,0.06091228762036215
diginetica,unpopular,17290,freqrec,DPSBR,0.03,0.09995399125833908
diginetica,unpopular,17290,mdhg,DPSBR,0.03,0.9986854645239739
diginetica,unpopular,17290,miasrec,DPSBR,0.03,0.7747050511025666
diginetica,unpopular,17290,srgnn,DPSBR,0.03,0.4894015577245391
diginetica,unpopular,17290,tron,DPSBR,0.03,0.5054224588386079
diginetica,unpopular,17290,wearec,DPSBR,0.03,0.2969207006474087
diginetica,unpopular,20222,freqrec,DPSBR,0.03,0.0978343028032469
diginetica,unpopular,20222,mdhg,DPSBR,0.03,0.0030891583686614744
diginetica,unpopular,20222,miasrec,DPSBR,0.03,0.7705478326596339
diginetica,unpopular,20222,srgnn,DPSBR,0.03,0.49845542081566924
diginetica,unpopular,20222,tron,DPSBR,0.03,0.48675605507903646
diginetica,unpopular,20222,wearec,DPSBR,0.03,0.25086266390614215
diginetica,unpopular,21325,freqrec,DPSBR,0.03,0.10974728055473397
diginetica,unpopular,21325,mdhg,DPSBR,0.03,0.0026947977258536264
diginetica,unpopular,21325,miasrec,DPSBR,0.03,0.8308357159288836
diginetica,unpopular,21325,srgnn,DPSBR,0.03,0.461911334582142
diginetica,unpopular,21325,tron,DPSBR,0.03,0.5111899832396727
diginetica,unpopular,21325,wearec,DPSBR,0.03,0.4446580564592987
diginetica,unpopular,23414,freqrec,DPSBR,0.03,0.12417430740412107
diginetica,unpopular,23414,mdhg,DPSBR,0.03,0.0022018469223438167
diginetica,unpopular,23414,miasrec,DPSBR,0.03,0.8338262841368431
diginetica,unpopular,23414,srgnn,DPSBR,0.03,0.5030891583686615
diginetica,unpopular,23414,tron,DPSBR,0.03,0.4660849847185251
diginetica,unpopular,23414,wearec,DPSBR,0.03,0.2885569686811923
diginetica,unpopular,28865,freqrec,DPSBR,0.03,0.08371947812941602
diginetica,unpopular,28865,mdhg,DPSBR,0.03,1
diginetica,unpopular,28865,miasrec,DPSBR,0.03,0.7773341220546189
diginetica,unpopular,28865,srgnn,DPSBR,0.03,0.47750501166650233
diginetica,unpopular,28865,tron,DPSBR,0.03,0.4961056886522725
diginetica,unpopular,28865,wearec,DPSBR,0.03,0.26599625357389334
diginetica,unpopular,29122,freqrec,DPSBR,0.03,0.11263925860199152
diginetica,unpopular,29122,mdhg,DPSBR,0.03,0.0029577048210588583
diginetica,unpopular,29122,miasrec,DPSBR,0.03,0.7989582306352493
diginetica,unpopular,29122,srgnn,DPSBR,0.03,0.50151171579743
diginetica,unpopular,29122,tron,DPSBR,0.03,0.5153307699891551
diginetica,unpopular,29122,wearec,DPSBR,0.03,0.25832265273259064
diginetica,unpopular,32561,freqrec,DPSBR,0.03,0.10003614972559072
diginetica,unpopular,32561,mdhg,DPSBR,0.03,0.0027112294193039534
diginetica,unpopular,32561,miasrec,DPSBR,0.03,0.7997140885339643
diginetica,unpopular,32561,srgnn,DPSBR,0.03,0.49237569423904826
diginetica,unpopular,32561,tron,DPSBR,0.03,0.5018896447467877
diginetica,unpopular,32561,wearec,DPSBR,0.03,0.23214696506621973
diginetica,unpopular,33995,freqrec,DPSBR,0.03,0.09796575635084952
diginetica,unpopular,33995,mdhg,DPSBR,0.03,0.002300437083045779
diginetica,unpopular,33995,miasrec,DPSBR,0.03,0.7461139044989976
diginetica,unpopular,33995,srgnn,DPSBR,0.03,0.5408656216109632
diginetica,unpopular,33995,tron,DPSBR,0.03,0.48659173814453316
diginetica,unpopular,33995,wearec,DPSBR,0.03,0.2636300897170462
diginetica,unpopular,3660,freqrec,DPSBR,0.03,0.09108087679516251
diginetica,unpopular,3660,mdhg,DPSBR,0.03,0.0024483223240987216
diginetica,unpopular,3660,miasrec,DPSBR,0.03,0.7735548325610437
diginetica,unpopular,3660,srgnn,DPSBR,0.03,0.5039271747346281
diginetica,unpopular,3660,tron,DPSBR,0.03,0.5409313483847645
diginetica,unpopular,3660,wearec,DPSBR,0.03,0.2604259094942325
diginetica,unpopular,8829,freqrec,DPSBR,0.03,0.11367445528936213
diginetica,unpopular,8829,mdhg,DPSBR,0.03,0.9996713661309935
diginetica,unpopular,8829,miasrec,DPSBR,0.03,0.7462617897400506
diginetica,unpopular,8829,srgnn,DPSBR,0.03,0.5174997535245982
diginetica,unpopular,8829,tron,DPSBR,0.03,0.5040421965887805
diginetica,unpopular,8829,wearec,DPSBR,0.03,0.26333431923494033
yoochoose1_64,popular,10195,freqrec,TC-SACP-C,0.03,0.3742352141400408
yoochoose1_64,popular,10195,mdhg,TC-SACP-C,0.03,0.10472646606318652
yoochoose1_64,popular,10195,miasrec,TC-SACP-C,0.03,0.6574296039214284
yoochoose1_64,popular,10195,srgnn,TC-SACP-C,0.03,0.7253390103402626
yoochoose1_64,popular,10195,tron,TC-SACP-C,0.03,0.3991000842550598
yoochoose1_64,popular,10195,wearec,TC-SACP-C,0.03,0.470159934165802
yoochoose1_64,popular,33407,freqrec,TC-SACP-C,0.03,0.38557730151347097
yoochoose1_64,popular,33407,mdhg,TC-SACP-C,0.03,0.09191742101685213
yoochoose1_64,popular,33407,miasrec,TC-SACP-C,0.03,0.6554438441446921
yoochoose1_64,popular,33407,srgnn,TC-SACP-C,0.03,0.7431571791477334
yoochoose1_64,popular,33407,tron,TC-SACP-C,0.03,0.3599662979760859
yoochoose1_64,popular,33407,wearec,TC-SACP-C,0.03,0.4655443844144692
yoochoose1_64,popular,33497,freqrec,TC-SACP-C,0.03,0.3698164513936098
yoochoose1_64,popular,33497,mdhg,TC-SACP-C,0.03,0.12420837954846327
yoochoose1_64,popular,33497,miasrec,TC-SACP-C,0.03,0.6655515403055565
yoochoose1_64,popular,33497,srgnn,TC-SACP-C,0.03,0.7477906186267845
yoochoose1_64,popular,33497,tron,TC-SACP-C,0.03,0.38915081655701556
yoochoose1_64,popular,33497,wearec,TC-SACP-C,0.03,0.4165801996493613
yoochoose1_64,popular,33916,freqrec,TC-SACP-C,0.03,0.32654120004293535
yoochoose1_64,popular,33916,mdhg,TC-SACP-C,0.03,0.11343876346202011
yoochoose1_64,popular,33916,miasrec,TC-SACP-C,0.03,0.6199148448960606
yoochoose1_64,popular,33916,srgnn,TC-SACP-C,0.03,0.7345343303874915
yoochoose1_64,popular,33916,tron,TC-SACP-C,0.03,0.49074090672785614
yoochoose1_64,popular,33916,wearec,TC-SACP-C,0.03,0.45778024258470784
yoochoose1_64,popular,3528,freqrec,TC-SACP-C,0.03,0.3358080790010376
yoochoose1_64,popular,3528,mdhg,TC-SACP-C,0.03,0.9625389101577874
yoochoose1_64,popular,3528,miasrec,TC-SACP-C,0.03,0.6257111166768041
yoochoose1_64,popular,3528,srgnn,TC-SACP-C,0.03,0.7357866113277756
yoochoose1_64,popular,3528,tron,TC-SACP-C,0.03,0.35412222361651396
yoochoose1_64,popular,3528,wearec,TC-SACP-C,0.03,0.4799813946831729
yoochoose1_64,popular,3660,freqrec,TC-SACP-C,0.03,0.39432537836774123
yoochoose1_64,popular,3660,mdhg,TC-SACP-C,0.03,0.8918387062148914
yoochoose1_64,popular,3660,miasrec,TC-SACP-C,0.03,0.5959068302980428
yoochoose1_64,popular,3660,srgnn,TC-SACP-C,0.03,0.7539983541450499
yoochoose1_64,popular,3660,tron,TC-SACP-C,0.03,0.5174336267321585
yoochoose1_64,popular,3660,wearec,TC-SACP-C,0.03,0.5466206304340048
yoochoose1_64,popular,3916,freqrec,TC-SACP-C,0.03,0.35078178110129166
yoochoose1_64,popular,3916,mdhg,TC-SACP-C,0.03,0.11900246878242512
yoochoose1_64,popular,3916,miasrec,TC-SACP-C,0.03,0.754785502164657
yoochoose1_64,popular,3916,srgnn,TC-SACP-C,0.03,0.7391319904111059
yoochoose1_64,popular,3916,tron,TC-SACP-C,0.03,0.45187601957585644
yoochoose1_64,popular,3916,wearec,TC-SACP-C,0.03,0.46506136176607393
yoochoose1_64,popular,6200,freqrec,TC-SACP-C,0.03,0.3709613939675838
yoochoose1_64,popular,6200,mdhg,TC-SACP-C,0.03,0.12635514687466456
yoochoose1_64,popular,6200,miasrec,TC-SACP-C,0.03,0.7240330602168235
yoochoose1_64,popular,6200,srgnn,TC-SACP-C,0.03,0.7464309993201903
yoochoose1_64,popular,6200,tron,TC-SACP-C,0.03,0.30252944445440366
yoochoose1_64,popular,6200,wearec,TC-SACP-C,0.03,0.45395184085298224
yoochoose1_64,popular,6996,freqrec,TC-SACP-C,0.03,0.39505885720419337
yoochoose1_64,popular,6996,mdhg,TC-SACP-C,0.03,0.08692618698343411
yoochoose1_64,popular,6996,miasrec,TC-SACP-C,0.03,0.6493434469927367
yoochoose1_64,popular,6996,srgnn,TC-SACP-C,0.03,0.7520483738237504
yoochoose1_64,popular,6996,tron,TC-SACP-C,0.03,0.4882311815427639
yoochoose1_64,popular,6996,wearec,TC-SACP-C,0.03,0.4632187198110845
yoochoose1_64,popular,7759,freqrec,TC-SACP-C,0.03,0.3469891588250027
yoochoose1_64,popular,7759,mdhg,TC-SACP-C,0.03,0.9091738523739669
yoochoose1_64,popular,7759,miasrec,TC-SACP-C,0.03,0.6648717306522595
yoochoose1_64,popular,7759,srgnn,TC-SACP-C,0.03,0.7878636087158754
yoochoose1_64,popular,7759,tron,TC-SACP-C,0.03,0.36901923525088287
yoochoose1_64,popular,7759,wearec,TC-SACP-C,0.03,0.45445275322909584
yoochoose1_64,popular,10195,freqrec,CREAT,0.03,0.3111023650220044
yoochoose1_64,popular,10195,mdhg,CREAT,0.03,0.12828723746824575
yoochoose1_64,popular,10195,miasrec,CREAT,0.03,0.1430283731081613
yoochoose1_64,popular,10195,srgnn,CREAT,0.03,0.27625317542667
yoochoose1_64,popular,10195,tron,CREAT,0.03,0.03226789523690013
yoochoose1_64,popular,10195,wearec,CREAT,0.03,0.36537979891946043
yoochoose1_64,popular,33407,freqrec,CREAT,0.03,0.32462699917707255
yoochoose1_64,popular,33407,mdhg,CREAT,0.03,0.13968299402483095
yoochoose1_64,popular,33407,miasrec,CREAT,0.03,0.27342659844717165
yoochoose1_64,popular,33407,srgnn,CREAT,0.03,0.27678986725822036
yoochoose1_64,popular,33407,tron,CREAT,0.03,0.0895613358908628
yoochoose1_64,popular,33407,wearec,CREAT,0.03,0.32451966081076244
yoochoose1_64,popular,33497,freqrec,CREAT,0.03,0.3714623063436974
yoochoose1_64,popular,33497,mdhg,CREAT,0.03,0.12071988264338616
yoochoose1_64,popular,33497,miasrec,CREAT,0.03,0.44305699667251064
yoochoose1_64,popular,33497,srgnn,CREAT,0.03,0.6367848581344592
yoochoose1_64,popular,33497,tron,CREAT,0.03,0.01520176397827295
yoochoose1_64,popular,33497,wearec,CREAT,0.03,0.5273891731367849
yoochoose1_64,popular,33916,freqrec,CREAT,0.03,0.32986868939854735
yoochoose1_64,popular,33916,mdhg,CREAT,0.03,0.13277755912555012
yoochoose1_64,popular,33916,miasrec,CREAT,0.03,0.27532290958531613
yoochoose1_64,popular,33916,srgnn,CREAT,0.03,0.2750724533972593
yoochoose1_64,popular,33916,tron,CREAT,0.03,0.08466737177993296
yoochoose1_64,popular,33916,wearec,CREAT,0.03,0.3135890371748542
yoochoose1_64,popular,3528,freqrec,CREAT,0.03,0.30510930623635907
yoochoose1_64,popular,3528,mdhg,CREAT,0.03,0.9828258613903896
yoochoose1_64,popular,3528,miasrec,CREAT,0.03,0.2743210848330888
yoochoose1_64,popular,3528,srgnn,CREAT,0.03,0.27832838384199793
yoochoose1_64,popular,3528,tron,CREAT,0.03,0.0763494254521987
yoochoose1_64,popular,3528,wearec,CREAT,0.03,0.3355576228129808
yoochoose1_64,popular,3660,freqrec,CREAT,0.03,0.3241797559841139
yoochoose1_64,popular,3660,mdhg,CREAT,0.03,0.15009481555690724
yoochoose1_64,popular,3660,miasrec,CREAT,0.03,0.2706536906508283
yoochoose1_64,popular,3660,srgnn,CREAT,0.03,0.2782389352034062
yoochoose1_64,popular,3660,tron,CREAT,0.03,0.026101141924959218
yoochoose1_64,popular,3660,wearec,CREAT,0.03,0.32090593581165694
yoochoose1_64,popular,3916,freqrec,CREAT,0.03,0.3104762245518623
yoochoose1_64,popular,3916,mdhg,CREAT,0.03,0.1372321013274178
yoochoose1_64,popular,3916,miasrec,CREAT,0.03,0.28385630970696624
yoochoose1_64,popular,3916,srgnn,CREAT,0.03,0.3213352892768972
yoochoose1_64,popular,3916,tron,CREAT,0.03,0.06726063496047183
yoochoose1_64,popular,3916,wearec,CREAT,0.03,0.3561308096890765
yoochoose1_64,popular,6200,freqrec,CREAT,0.03,0.3244659916276074
yoochoose1_64,popular,6200,mdhg,CREAT,0.03,0.13651651221868402
yoochoose1_64,popular,6200,miasrec,CREAT,0.03,0.27469676911517404
yoochoose1_64,popular,6200,srgnn,CREAT,0.03,0.28165587319760993
yoochoose1_64,popular,6200,tron,CREAT,0.03,0.05492712833659
yoochoose1_64,popular,6200,wearec,CREAT,0.03,0.32253390103402624
yoochoose1_64,popular,6996,freqrec,CREAT,0.03,0.2609932376829225
yoochoose1_64,popular,6996,mdhg,CREAT,0.03,0.12682027979534152
yoochoose1_64,popular,6996,miasrec,CREAT,0.03,0.27428530537765217
yoochoose1_64,popular,6996,srgnn,CREAT,0.03,0.27505456366954095
yoochoose1_64,popular,6996,tron,CREAT,0.03,0.08574296828782962
yoochoose1_64,popular,6996,wearec,CREAT,0.03,0.35876059966367313
yoochoose1_64,popular,7759,freqrec,CREAT,0.03,0.3339117678628931
yoochoose1_64,popular,7759,mdhg,CREAT,0.03,0.1245840638305485
yoochoose1_64,popular,7759,miasrec,CREAT,0.03,0.16469283337507604
yoochoose1_64,popular,7759,srgnn,CREAT,0.03,0.275680704139683
yoochoose1_64,popular,7759,tron,CREAT,0.03,0.0721187458544718
yoochoose1_64,popular,7759,wearec,CREAT,0.03,0.2929979605710401
yoochoose1_64,popular,10195,freqrec,TC-SACP-G,0.03,0.3464703567211707
yoochoose1_64,popular,10195,mdhg,TC-SACP-G,0.03,0.16200937421732442
yoochoose1_64,popular,10195,miasrec,TC-SACP-G,0.03,0.6129378510859065
yoochoose1_64,popular,10195,srgnn,TC-SACP-G,0.03,0.5941357472539268
yoochoose1_64,popular,10195,tron,TC-SACP-G,0.03,0.4502626248140114
yoochoose1_64,popular,10195,wearec,TC-SACP-G,0.03,0.4669040037210634
yoochoose1_64,popular,33407,freqrec,TC-SACP-G,0.03,0.3570252960749937
yoochoose1_64,popular,33407,mdhg,TC-SACP-G,0.03,0.9954738988872589
yoochoose1_64,popular,33407,miasrec,TC-SACP-G,0.03,0.6847651078750582
yoochoose1_64,popular,33407,srgnn,TC-SACP-G,0.03,0.6290922752155712
yoochoose1_64,popular,33407,tron,TC-SACP-G,0.03,0.43378807163472743
yoochoose1_64,popular,33407,wearec,TC-SACP-G,0.03,0.3842355719345952
yoochoose1_64,popular,33497,freqrec,TC-SACP-G,0.03,0.39547032094171525
yoochoose1_64,popular,33497,mdhg,TC-SACP-G,0.03,0.17582024401588608
yoochoose1_64,popular,33497,miasrec,TC-SACP-G,0.03,0.520430069054349
yoochoose1_64,popular,33497,srgnn,TC-SACP-G,0.03,0.6388242870943505
yoochoose1_64,popular,33497,tron,TC-SACP-G,0.03,0.44108420127995984
yoochoose1_64,popular,33497,wearec,TC-SACP-G,0.03,0.5194461340298401
yoochoose1_64,popular,33916,freqrec,TC-SACP-G,0.03,0.35541522058034275
yoochoose1_64,popular,33916,mdhg,TC-SACP-G,0.03,0.1663923575083187
yoochoose1_64,popular,33916,miasrec,TC-SACP-G,0.03,0.5427385595191241
yoochoose1_64,popular,33916,srgnn,TC-SACP-G,0.03,0.6060681956420624
yoochoose1_64,popular,33916,tron,TC-SACP-G,0.03,0.4784074001039743
yoochoose1_64,popular,33916,wearec,TC-SACP-G,0.03,0.4153458084367956
yoochoose1_64,popular,3528,freqrec,TC-SACP-G,0.03,0.3271315610576407
yoochoose1_64,popular,3528,mdhg,TC-SACP-G,0.03,0.9809474399799635
yoochoose1_64,popular,3528,miasrec,TC-SACP-G,0.03,0.5874986582704211
yoochoose1_64,popular,3528,srgnn,TC-SACP-G,0.03,0.6094672439085477
yoochoose1_64,popular,3528,tron,TC-SACP-G,0.03,0.4567341304698564
yoochoose1_64,popular,3528,wearec,TC-SACP-G,0.03,0.5098930194282443
yoochoose1_64,popular,3660,freqrec,TC-SACP-G,0.03,0.3544849547389889
yoochoose1_64,popular,3660,mdhg,TC-SACP-G,0.03,0.9979963504955455
yoochoose1_64,popular,3660,miasrec,TC-SACP-G,0.03,0.5654406239937028
yoochoose1_64,popular,3660,srgnn,TC-SACP-G,0.03,0.6391999713764357
yoochoose1_64,popular,3660,tron,TC-SACP-G,0.03,0.4590466629618343
yoochoose1_64,popular,3660,wearec,TC-SACP-G,0.03,0.5208236430641525
yoochoose1_64,popular,3916,freqrec,TC-SACP-G,0.03,0.36462843035528997
yoochoose1_64,popular,3916,mdhg,TC-SACP-G,0.03,0.1899352391856596
yoochoose1_64,popular,3916,miasrec,TC-SACP-G,0.03,0.5488031772156428
yoochoose1_64,popular,3916,srgnn,TC-SACP-G,0.03,0.6453361479838277
yoochoose1_64,popular,3916,tron,TC-SACP-G,0.03,0.503701844648011
yoochoose1_64,popular,3916,wearec,TC-SACP-G,0.03,0.4549357758774911
yoochoose1_64,popular,6200,freqrec,TC-SACP-G,0.03,0.38657912626569824
yoochoose1_64,popular,6200,mdhg,TC-SACP-G,0.03,0.1748541987190955
yoochoose1_64,popular,6200,miasrec,TC-SACP-G,0.03,0.6281798991019357
yoochoose1_64,popular,6200,srgnn,TC-SACP-G,0.03,0.6237611363555047
yoochoose1_64,popular,6200,tron,TC-SACP-G,0.03,0.45768424071849845
yoochoose1_64,popular,6200,wearec,TC-SACP-G,0.03,0.46710079072596516
yoochoose1_64,popular,6996,freqrec,TC-SACP-G,0.03,0.3623564349350603
yoochoose1_64,popular,6996,mdhg,TC-SACP-G,0.03,0.16968406740849404
yoochoose1_64,popular,6996,miasrec,TC-SACP-G,0.03,0.508372392572185
yoochoose1_64,popular,6996,srgnn,TC-SACP-G,0.03,0.6183763283122831
yoochoose1_64,popular,6996,tron,TC-SACP-G,0.03,0.45225247835362026
yoochoose1_64,popular,6996,wearec,TC-SACP-G,0.03,0.45423807649647574
yoochoose1_64,popular,7759,freqrec,TC-SACP-G,0.03,0.3793516762674872
yoochoose1_64,popular,7759,mdhg,TC-SACP-G,0.03,0.9950266556943004
yoochoose1_64,popular,7759,miasrec,TC-SACP-G,0.03,0.5709506601309529
yoochoose1_64,popular,7759,srgnn,TC-SACP-G,0.03,0.6518658986010233
yoochoose1_64,popular,7759,tron,TC-SACP-G,0.03,0.48374952942652777
yoochoose1_64,popular,7759,wearec,TC-SACP-G,0.03,0.44536477154817705
yoochoose1_64,popular,10195,freqrec,Poisoning-SSL,0.03,0.44083867043543595
yoochoose1_64,popular,10195,mdhg,Poisoning-SSL,0.03,0.20526673584028052
yoochoose1_64,popular,10195,miasrec,Poisoning-SSL,0.03,0.5753873126051021
yoochoose1_64,popular,10195,srgnn,Poisoning-SSL,0.03,0.4560986081791835
yoochoose1_64,popular,10195,tron,Poisoning-SSL,0.03,0.43737339332771635
yoochoose1_64,popular,10195,wearec,Poisoning-SSL,0.03,0.4521628680811478
yoochoose1_64,popular,33407,freqrec,Poisoning-SSL,0.03,0.5084618412107768
yoochoose1_64,popular,33407,mdhg,Poisoning-SSL,0.03,0.9986582704211242
yoochoose1_64,popular,33407,miasrec,Poisoning-SSL,0.03,0.5216286808114781
yoochoose1_64,popular,33407,srgnn,Poisoning-SSL,0.03,0.5553329278328384
yoochoose1_64,popular,33407,tron,Poisoning-SSL,0.03,0.41510854561425525
yoochoose1_64,popular,33407,wearec,Poisoning-SSL,0.03,0.569608930552077
yoochoose1_64,popular,33497,freqrec,Poisoning-SSL,0.03,0.3063794769043615
yoochoose1_64,popular,33497,mdhg,Poisoning-SSL,0.03,0.18317292210812552
yoochoose1_64,popular,33497,miasrec,Poisoning-SSL,0.03,0.3722852338187413
yoochoose1_64,popular,33497,srgnn,Poisoning-SSL,0.03,0.45550824716447813
yoochoose1_64,popular,33497,tron,Poisoning-SSL,0.03,0.3971460839323808
yoochoose1_64,popular,33497,wearec,Poisoning-SSL,0.03,0.409388529106587
yoochoose1_64,popular,33916,freqrec,Poisoning-SSL,0.03,0.27217431750688753
yoochoose1_64,popular,33916,mdhg,Poisoning-SSL,0.03,0.1197180578911589
yoochoose1_64,popular,33916,miasrec,Poisoning-SSL,0.03,0.4251135997710115
yoochoose1_64,popular,33916,srgnn,Poisoning-SSL,0.03,0.46012379691581096
yoochoose1_64,popular,33916,tron,Poisoning-SSL,0.03,0.4753957298818636
yoochoose1_64,popular,33916,wearec,Poisoning-SSL,0.03,0.45477476832802605
yoochoose1_64,popular,3528,freqrec,Poisoning-SSL,0.03,0.46210955669254716
yoochoose1_64,popular,3528,mdhg,Poisoning-SSL,0.03,0.9923431965365487
yoochoose1_64,popular,3528,miasrec,Poisoning-SSL,0.03,0.49264732190776056
yoochoose1_64,popular,3528,srgnn,Poisoning-SSL,0.03,0.5401624387276825
yoochoose1_64,popular,3528,tron,Poisoning-SSL,0.03,0.45698510298836564
yoochoose1_64,popular,3528,wearec,Poisoning-SSL,0.03,0.49287988836809904
yoochoose1_64,popular,3660,freqrec,Poisoning-SSL,0.03,0.2951805073526781
yoochoose1_64,popular,3660,mdhg,Poisoning-SSL,0.03,0.9993201903467029
yoochoose1_64,popular,3660,miasrec,Poisoning-SSL,0.03,0.4390854771190382
yoochoose1_64,popular,3660,srgnn,Poisoning-SSL,0.03,0.3522129593187592
yoochoose1_64,popular,3660,tron,Poisoning-SSL,0.03,0.43956043956043955
yoochoose1_64,popular,3660,wearec,Poisoning-SSL,0.03,0.3464703567211707
yoochoose1_64,popular,3916,freqrec,Poisoning-SSL,0.03,0.67945185874271
yoochoose1_64,popular,3916,mdhg,Poisoning-SSL,0.03,0.43470249382804393
yoochoose1_64,popular,3916,miasrec,Poisoning-SSL,0.03,0.727074313928942
yoochoose1_64,popular,3916,srgnn,Poisoning-SSL,0.03,0.7069483702458048
yoochoose1_64,popular,3916,tron,Poisoning-SSL,0.03,0.4987003208862915
yoochoose1_64,popular,3916,wearec,Poisoning-SSL,0.03,0.7794912161436903
yoochoose1_64,popular,6200,freqrec,Poisoning-SSL,0.03,0.5242405810583562
yoochoose1_64,popular,6200,mdhg,Poisoning-SSL,0.03,0.435954774768328
yoochoose1_64,popular,6200,miasrec,Poisoning-SSL,0.03,0.5168163440552435
yoochoose1_64,popular,6200,srgnn,Poisoning-SSL,0.03,0.5557622812980787
yoochoose1_64,popular,6200,tron,Poisoning-SSL,0.03,0.555061577900077
yoochoose1_64,popular,6200,wearec,Poisoning-SSL,0.03,0.5699667251064439
yoochoose1_64,popular,6996,freqrec,Poisoning-SSL,0.03,0.321013274177967
yoochoose1_64,popular,6996,mdhg,Poisoning-SSL,0.03,0.14118573115317185
yoochoose1_64,popular,6996,miasrec,Poisoning-SSL,0.03,0.33935024508926975
yoochoose1_64,popular,6996,srgnn,Poisoning-SSL,0.03,0.40049733443056995
yoochoose1_64,popular,6996,tron,Poisoning-SSL,0.03,0.4860799885269706
yoochoose1_64,popular,6996,wearec,Poisoning-SSL,0.03,0.3998354145049912
yoochoose1_64,popular,7759,freqrec,Poisoning-SSL,0.03,0.4090665140076568
yoochoose1_64,popular,7759,mdhg,Poisoning-SSL,0.03,0.2873984757951984
yoochoose1_64,popular,7759,miasrec,Poisoning-SSL,0.03,0.5229525206626355
yoochoose1_64,popular,7759,srgnn,Poisoning-SSL,0.03,0.444738631078035
yoochoose1_64,popular,7759,tron,Poisoning-SSL,0.03,0.4402057974651776
yoochoose1_64,popular,7759,wearec,Poisoning-SSL,0.03,0.47293284196214536
yoochoose1_64,popular,10195,freqrec,DPSBR,0.03,0.4046119718057891
yoochoose1_64,popular,10195,mdhg,DPSBR,0.03,0.17480052953594047
yoochoose1_64,popular,10195,miasrec,DPSBR,0.03,0.5127732655908978
yoochoose1_64,popular,10195,srgnn,DPSBR,0.03,0.5909871551754983
yoochoose1_64,popular,10195,tron,DPSBR,0.03,0.5294803076206013
yoochoose1_64,popular,10195,wearec,DPSBR,0.03,0.4315539017496154
yoochoose1_64,popular,33407,freqrec,DPSBR,0.03,0.3847007048552721
yoochoose1_64,popular,33407,mdhg,DPSBR,0.03,0.17539089055064583
yoochoose1_64,popular,33407,miasrec,DPSBR,0.03,0.50821138502272
yoochoose1_64,popular,33407,srgnn,DPSBR,0.03,0.6203620880890193
yoochoose1_64,popular,33407,tron,DPSBR,0.03,0.5217360127637453
yoochoose1_64,popular,33407,wearec,DPSBR,0.03,0.4687824251314895
yoochoose1_64,popular,33497,freqrec,DPSBR,0.03,0.35131847293284196
yoochoose1_64,popular,33497,mdhg,DPSBR,0.03,0.17052488461125623
yoochoose1_64,popular,33497,miasrec,DPSBR,0.03,0.5533829475115388
yoochoose1_64,popular,33497,srgnn,DPSBR,0.03,0.5713084546853197
yoochoose1_64,popular,33497,tron,DPSBR,0.03,0.5006722478174355
yoochoose1_64,popular,33497,wearec,DPSBR,0.03,0.4840244731475187
yoochoose1_64,popular,33916,freqrec,DPSBR,0.03,0.35709685498586713
yoochoose1_64,popular,33916,mdhg,DPSBR,0.03,0.17158037854663852
yoochoose1_64,popular,33916,miasrec,DPSBR,0.03,0.550788936992379
yoochoose1_64,popular,33916,srgnn,DPSBR,0.03,0.5802533185444918
yoochoose1_64,popular,33916,tron,DPSBR,0.03,0.5194593334886973
yoochoose1_64,popular,33916,wearec,DPSBR,0.03,0.47593831621882715
yoochoose1_64,popular,3528,freqrec,DPSBR,0.03,0.34462771476618126
yoochoose1_64,popular,3528,mdhg,DPSBR,0.03,0.9990876238863644
yoochoose1_64,popular,3528,miasrec,DPSBR,0.03,0.6230276575190525
yoochoose1_64,popular,3528,srgnn,DPSBR,0.03,0.565762639092633
yoochoose1_64,popular,3528,tron,DPSBR,0.03,0.5372066758689924
yoochoose1_64,popular,3528,wearec,DPSBR,0.03,0.543203692439801
yoochoose1_64,popular,3660,freqrec,DPSBR,0.03,0.38629289062220473
yoochoose1_64,popular,3660,mdhg,DPSBR,0.03,0.990017531933164
yoochoose1_64,popular,3660,miasrec,DPSBR,0.03,0.5985723997280762
yoochoose1_64,popular,3660,srgnn,DPSBR,0.03,0.6076961608644317
yoochoose1_64,popular,3660,tron,DPSBR,0.03,0.4951149991933026
yoochoose1_64,popular,3660,wearec,DPSBR,0.03,0.45640273355039535
yoochoose1_64,popular,3916,freqrec,DPSBR,0.03,0.3791906687180221
yoochoose1_64,popular,3916,mdhg,DPSBR,0.03,0.17301155676410604
yoochoose1_64,popular,3916,miasrec,DPSBR,0.03,0.6124369387097929
yoochoose1_64,popular,3916,srgnn,DPSBR,0.03,0.6011306307917994
yoochoose1_64,popular,3916,tron,DPSBR,0.03,0.5201226180019002
yoochoose1_64,popular,3916,wearec,DPSBR,0.03,0.4840781423306737
yoochoose1_64,popular,6200,freqrec,DPSBR,0.03,0.3975991985401982
yoochoose1_64,popular,6200,mdhg,DPSBR,0.03,0.15979104798024973
yoochoose1_64,popular,6200,miasrec,DPSBR,0.03,0.5197502594010519
yoochoose1_64,popular,6200,srgnn,DPSBR,0.03,0.5724533972592937
yoochoose1_64,popular,6200,tron,DPSBR,0.03,0.4862234013946901
yoochoose1_64,popular,6200,wearec,DPSBR,0.03,0.48615335074600163
yoochoose1_64,popular,6996,freqrec,DPSBR,0.03,0.3956313284911804
yoochoose1_64,popular,6996,mdhg,DPSBR,0.03,0.17791334215893234
yoochoose1_64,popular,6996,miasrec,DPSBR,0.03,0.5593938960249025
yoochoose1_64,popular,6996,srgnn,DPSBR,0.03,0.5785716841389674
yoochoose1_64,popular,6996,tron,DPSBR,0.03,0.5344997579907858
yoochoose1_64,popular,6996,wearec,DPSBR,0.03,0.4796414898565244
yoochoose1_64,popular,7759,freqrec,DPSBR,0.03,0.3756306129020716
yoochoose1_64,popular,7759,mdhg,DPSBR,0.03,0.16991663386883252
yoochoose1_64,popular,7759,miasrec,DPSBR,0.03,0.5734910014669576
yoochoose1_64,popular,7759,srgnn,DPSBR,0.03,0.567265376220974
yoochoose1_64,popular,7759,tron,DPSBR,0.03,0.5451481634189628
yoochoose1_64,popular,7759,wearec,DPSBR,0.03,0.5398046441733156
yoochoose1_64,unpopular,1440,freqrec,TC-SACP-C,0.03,0.36579126265698236
yoochoose1_64,unpopular,1440,mdhg,TC-SACP-C,0.03,0.8976707574510716
yoochoose1_64,unpopular,1440,miasrec,TC-SACP-C,0.03,0.542523882786504
yoochoose1_64,unpopular,1440,srgnn,TC-SACP-C,0.03,0.7533722136749079
yoochoose1_64,unpopular,1440,tron,TC-SACP-C,0.03,0.27863327537063265
yoochoose1_64,unpopular,1440,wearec,TC-SACP-C,0.03,0.4726644960463702
yoochoose1_64,unpopular,14514,freqrec,TC-SACP-C,0.03,0.3592436223120684
yoochoose1_64,unpopular,14514,mdhg,TC-SACP-C,0.03,0.8399048266485384
yoochoose1_64,unpopular,14514,miasrec,TC-SACP-C,0.03,0.5078178110129163
yoochoose1_64,unpopular,14514,srgnn,TC-SACP-C,0.03,0.739758130881248
yoochoose1_64,unpopular,14514,tron,TC-SACP-C,0.03,0.5682376351218114
yoochoose1_64,unpopular,14514,wearec,TC-SACP-C,0.03,0.46005223800493755
yoochoose1_64,unpopular,16571,freqrec,TC-SACP-C,0.03,0.3363447708325879
yoochoose1_64,unpopular,16571,mdhg,TC-SACP-C,0.03,0.1034205159397474
yoochoose1_64,unpopular,16571,miasrec,TC-SACP-C,0.03,0.6650864073848796
yoochoose1_64,unpopular,16571,srgnn,TC-SACP-C,0.03,0.7494901427600272
yoochoose1_64,unpopular,16571,tron,TC-SACP-C,0.03,0.48586486922539124
yoochoose1_64,unpopular,16571,wearec,TC-SACP-C,0.03,0.4969587462878815
yoochoose1_64,unpopular,17290,freqrec,TC-SACP-C,0.03,0.38883323195820957
yoochoose1_64,unpopular,17290,mdhg,TC-SACP-C,0.03,0.9782282013667752
yoochoose1_64,unpopular,17290,miasrec,TC-SACP-C,0.03,0.7138001359619307
yoochoose1_64,unpopular,17290,srgnn,TC-SACP-C,0.03,0.7379870478371319
yoochoose1_64,unpopular,17290,tron,TC-SACP-C,0.03,0.36923435455246223
yoochoose1_64,unpopular,17290,wearec,TC-SACP-C,0.03,0.4565279616444238
yoochoose1_64,unpopular,32070,freqrec,TC-SACP-C,0.03,0.3449676195928298
yoochoose1_64,unpopular,32070,mdhg,TC-SACP-C,0.03,0.7699381015420945
yoochoose1_64,unpopular,32070,miasrec,TC-SACP-C,0.03,0.6317041754624495
yoochoose1_64,unpopular,32070,srgnn,TC-SACP-C,0.03,0.7658055744391571
yoochoose1_64,unpopular,32070,tron,TC-SACP-C,0.03,0.21800548554219026
yoochoose1_64,unpopular,32070,wearec,TC-SACP-C,0.03,0.47513327847150166
yoochoose1_64,unpopular,33739,freqrec,TC-SACP-C,0.03,0.3872589359189953
yoochoose1_64,unpopular,33739,mdhg,TC-SACP-C,0.03,0.12207950194998032
yoochoose1_64,unpopular,33739,miasrec,TC-SACP-C,0.03,0.5824179755984114
yoochoose1_64,unpopular,33739,srgnn,TC-SACP-C,0.03,0.7639092633010126
yoochoose1_64,unpopular,33739,tron,TC-SACP-C,0.03,0.4174210781062331
yoochoose1_64,unpopular,33739,wearec,TC-SACP-C,0.03,0.4691581094135747
yoochoose1_64,unpopular,35833,freqrec,TC-SACP-C,0.03,0.3893162546066049
yoochoose1_64,unpopular,35833,mdhg,TC-SACP-C,0.03,0.09817882571827256
yoochoose1_64,unpopular,35833,miasrec,TC-SACP-C,0.03,0.6244051665533651
yoochoose1_64,unpopular,35833,srgnn,TC-SACP-C,0.03,0.7466993452359655
yoochoose1_64,unpopular,35833,tron,TC-SACP-C,0.03,0.3788609432981374
yoochoose1_64,unpopular,35833,wearec,TC-SACP-C,0.03,0.5135783033382232
yoochoose1_64,unpopular,4092,freqrec,TC-SACP-C,0.03,0.3477763068446098
yoochoose1_64,unpopular,4092,mdhg,TC-SACP-C,0.03,0.8177394540055101
yoochoose1_64,unpopular,4092,miasrec,TC-SACP-C,0.03,0.6697019571362124
yoochoose1_64,unpopular,4092,srgnn,TC-SACP-C,0.03,0.7421732441232245
yoochoose1_64,unpopular,4092,tron,TC-SACP-C,0.03,0.5049387806320922
yoochoose1_64,unpopular,4092,wearec,TC-SACP-C,0.03,0.490017531933164
yoochoose1_64,unpopular,8637,freqrec,TC-SACP-C,0.03,0.44196572328169165
yoochoose1_64,unpopular,8637,mdhg,TC-SACP-C,0.03,0.9164013023721779
yoochoose1_64,unpopular,8637,miasrec,TC-SACP-C,0.03,0.5971412215106086
yoochoose1_64,unpopular,8637,srgnn,TC-SACP-C,0.03,0.7427457154102115
yoochoose1_64,unpopular,8637,tron,TC-SACP-C,0.03,0.34250578133122994
yoochoose1_64,unpopular,8637,wearec,TC-SACP-C,0.03,0.4421982897420301
yoochoose1_64,unpopular,8829,freqrec,TC-SACP-C,0.03,0.3162724963326058
yoochoose1_64,unpopular,8829,mdhg,TC-SACP-C,0.03,0.10145264589072954
yoochoose1_64,unpopular,8829,miasrec,TC-SACP-C,0.03,0.609896597373788
yoochoose1_64,unpopular,8829,srgnn,TC-SACP-C,0.03,0.7448388135532578
yoochoose1_64,unpopular,8829,tron,TC-SACP-C,0.03,0.5078787444203431
yoochoose1_64,unpopular,8829,wearec,TC-SACP-C,0.03,0.5484453826612758
yoochoose1_64,unpopular,1440,freqrec,CREAT,0.03,0.260241869118752
yoochoose1_64,unpopular,1440,mdhg,CREAT,0.03,0.12037997781673763
yoochoose1_64,unpopular,1440,miasrec,CREAT,0.03,0.27983112097033885
yoochoose1_64,unpopular,1440,srgnn,CREAT,0.03,0.2757164835951197
yoochoose1_64,unpopular,1440,tron,CREAT,0.03,0.08789416130362297
yoochoose1_64,unpopular,1440,wearec,CREAT,0.03,0.3282943933593331
yoochoose1_64,unpopular,14514,freqrec,CREAT,0.03,0.22907796343339654
yoochoose1_64,unpopular,14514,mdhg,CREAT,0.03,0.09417152670936349
yoochoose1_64,unpopular,14514,miasrec,CREAT,0.03,0.2758059322337114
yoochoose1_64,unpopular,14514,srgnn,CREAT,0.03,0.2772192207234606
yoochoose1_64,unpopular,14514,tron,CREAT,0.03,0.1452413817829805
yoochoose1_64,unpopular,14514,wearec,CREAT,0.03,0.3383663100647608
yoochoose1_64,unpopular,16571,freqrec,CREAT,0.03,0.2551611864467423
yoochoose1_64,unpopular,16571,mdhg,CREAT,0.03,0.12934273140362804
yoochoose1_64,unpopular,16571,miasrec,CREAT,0.03,0.29673691366417404
yoochoose1_64,unpopular,16571,srgnn,CREAT,0.03,0.2910300905220223
yoochoose1_64,unpopular,16571,tron,CREAT,0.03,0.08540236272699568
yoochoose1_64,unpopular,16571,wearec,CREAT,0.03,0.302193280618269
yoochoose1_64,unpopular,17290,freqrec,CREAT,0.03,0.2835521843357544
yoochoose1_64,unpopular,17290,mdhg,CREAT,0.03,0.1194318222476654
yoochoose1_64,unpopular,17290,miasrec,CREAT,0.03,0.2755196965902179
yoochoose1_64,unpopular,17290,srgnn,CREAT,0.03,0.27716555154030553
yoochoose1_64,unpopular,17290,tron,CREAT,0.03,0.11324238567305452
yoochoose1_64,unpopular,17290,wearec,CREAT,0.03,0.2932484167590969
yoochoose1_64,unpopular,32070,freqrec,CREAT,0.03,0.26231707753407996
yoochoose1_64,unpopular,32070,mdhg,CREAT,0.03,0.11703459873340728
yoochoose1_64,unpopular,32070,miasrec,CREAT,0.03,0.2776664639164192
yoochoose1_64,unpopular,32070,srgnn,CREAT,0.03,0.27723711045117894
yoochoose1_64,unpopular,32070,tron,CREAT,0.03,0.11639746876288475
yoochoose1_64,unpopular,32070,wearec,CREAT,0.03,0.3601023292425489
yoochoose1_64,unpopular,33739,freqrec,CREAT,0.03,0.3002433002969695
yoochoose1_64,unpopular,33739,mdhg,CREAT,0.03,0.10538838598876525
yoochoose1_64,unpopular,33739,miasrec,CREAT,0.03,0.29092275215571217
yoochoose1_64,unpopular,33739,srgnn,CREAT,0.03,0.29230026119002467
yoochoose1_64,unpopular,33739,tron,CREAT,0.03,0.08038291235681122
yoochoose1_64,unpopular,33739,wearec,CREAT,0.03,0.28097606354431287
yoochoose1_64,unpopular,35833,freqrec,CREAT,0.03,0.37543382589716984
yoochoose1_64,unpopular,35833,mdhg,CREAT,0.03,0.08544133958281155
yoochoose1_64,unpopular,35833,miasrec,CREAT,0.03,0.4421267308311567
yoochoose1_64,unpopular,35833,srgnn,CREAT,0.03,0.6033668467565924
yoochoose1_64,unpopular,35833,tron,CREAT,0.03,0.03373787713102558
yoochoose1_64,unpopular,35833,wearec,CREAT,0.03,0.5197860388564886
yoochoose1_64,unpopular,4092,freqrec,CREAT,0.03,0.2812980786432431
yoochoose1_64,unpopular,4092,mdhg,CREAT,0.03,0.10227557336577338
yoochoose1_64,unpopular,4092,miasrec,CREAT,0.03,0.2743389745608072
yoochoose1_64,unpopular,4092,srgnn,CREAT,0.03,0.2803857025296075
yoochoose1_64,unpopular,4092,tron,CREAT,0.03,0.06007206496602908
yoochoose1_64,unpopular,4092,wearec,CREAT,0.03,0.470159934165802
yoochoose1_64,unpopular,8637,freqrec,CREAT,0.03,0.2539446849618949
yoochoose1_64,unpopular,8637,mdhg,CREAT,0.03,0.12828723746824575
yoochoose1_64,unpopular,8637,miasrec,CREAT,0.03,0.29541307381301657
yoochoose1_64,unpopular,8637,srgnn,CREAT,0.03,0.28453611936026335
yoochoose1_64,unpopular,8637,tron,CREAT,0.03,0.07435957191258985
yoochoose1_64,unpopular,8637,wearec,CREAT,0.03,0.3436437797416723
yoochoose1_64,unpopular,8829,freqrec,CREAT,0.03,0.2931947475759419
yoochoose1_64,unpopular,8829,mdhg,CREAT,0.03,0.11907402769329851
yoochoose1_64,unpopular,8829,miasrec,CREAT,0.03,0.30172814769759204
yoochoose1_64,unpopular,8829,srgnn,CREAT,0.03,0.2862714229489427
yoochoose1_64,unpopular,8829,tron,CREAT,0.03,0.050965347865837264
yoochoose1_64,unpopular,8829,wearec,CREAT,0.03,0.3280618268989946
yoochoose1_64,unpopular,1440,freqrec,TC-SACP-G,0.03,0.3583312461984329
yoochoose1_64,unpopular,1440,mdhg,TC-SACP-G,0.03,0.9999284410891266
yoochoose1_64,unpopular,1440,miasrec,TC-SACP-G,0.03,0.6197180578911589
yoochoose1_64,unpopular,1440,srgnn,TC-SACP-G,0.03,0.6309885863537157
yoochoose1_64,unpopular,1440,tron,TC-SACP-G,0.03,0.4351146406611333
yoochoose1_64,unpopular,1440,wearec,TC-SACP-G,0.03,0.45388028194210883
yoochoose1_64,unpopular,14514,freqrec,TC-SACP-G,0.03,0.3622848760241869
yoochoose1_64,unpopular,14514,mdhg,TC-SACP-G,0.03,0.981072668073992
yoochoose1_64,unpopular,14514,miasrec,TC-SACP-G,0.03,0.6204336469998927
yoochoose1_64,unpopular,14514,srgnn,TC-SACP-G,0.03,0.6291101649432895
yoochoose1_64,unpopular,14514,tron,TC-SACP-G,0.03,0.47756484950612194
yoochoose1_64,unpopular,14514,wearec,TC-SACP-G,0.03,0.41280546710079075
yoochoose1_64,unpopular,16571,freqrec,TC-SACP-G,0.03,0.41087337650720956
yoochoose1_64,unpopular,16571,mdhg,TC-SACP-G,0.03,0.1661419013202619
yoochoose1_64,unpopular,16571,miasrec,TC-SACP-G,0.03,0.576890049733443
yoochoose1_64,unpopular,16571,srgnn,TC-SACP-G,0.03,0.623206554796236
yoochoose1_64,unpopular,16571,tron,TC-SACP-G,0.03,0.46718534320491906
yoochoose1_64,unpopular,16571,wearec,TC-SACP-G,0.03,0.5808615692869155
yoochoose1_64,unpopular,17290,freqrec,TC-SACP-G,0.03,0.3343411213281334
yoochoose1_64,unpopular,17290,mdhg,TC-SACP-G,0.03,0.9973880997531217
yoochoose1_64,unpopular,17290,miasrec,TC-SACP-G,0.03,0.5428995670685892
yoochoose1_64,unpopular,17290,srgnn,TC-SACP-G,0.03,0.6450320226126158
yoochoose1_64,unpopular,17290,tron,TC-SACP-G,0.03,0.46763350841654266
yoochoose1_64,unpopular,17290,wearec,TC-SACP-G,0.03,0.6202726394504275
yoochoose1_64,unpopular,32070,freqrec,TC-SACP-G,0.03,0.38768828938423555
yoochoose1_64,unpopular,32070,mdhg,TC-SACP-G,0.03,0.9901785394826291
yoochoose1_64,unpopular,32070,miasrec,TC-SACP-G,0.03,0.5655300726322945
yoochoose1_64,unpopular,32070,srgnn,TC-SACP-G,0.03,0.6177501878421411
yoochoose1_64,unpopular,32070,tron,TC-SACP-G,0.03,0.4405105498090816
yoochoose1_64,unpopular,32070,wearec,TC-SACP-G,0.03,0.5020930981430463
yoochoose1_64,unpopular,33739,freqrec,TC-SACP-G,0.03,0.38940570324519663
yoochoose1_64,unpopular,33739,mdhg,TC-SACP-G,0.03,0.969175999141293
yoochoose1_64,unpopular,33739,miasrec,TC-SACP-G,0.03,0.6065869977458943
yoochoose1_64,unpopular,33739,srgnn,TC-SACP-G,0.03,0.6104511789330567
yoochoose1_64,unpopular,33739,tron,TC-SACP-G,0.03,0.46368965455425487
yoochoose1_64,unpopular,33739,wearec,TC-SACP-G,0.03,0.472968621417582
yoochoose1_64,unpopular,35833,freqrec,TC-SACP-G,0.03,0.3208880460839386
yoochoose1_64,unpopular,35833,mdhg,TC-SACP-G,0.03,0.16657125478550217
yoochoose1_64,unpopular,35833,miasrec,TC-SACP-G,0.03,0.5243658091523847
yoochoose1_64,unpopular,35833,srgnn,TC-SACP-G,0.03,0.619413932519947
yoochoose1_64,unpopular,35833,tron,TC-SACP-G,0.03,0.44823691805747273
yoochoose1_64,unpopular,35833,wearec,TC-SACP-G,0.03,0.45291423664531827
yoochoose1_64,unpopular,4092,freqrec,TC-SACP-G,0.03,0.34847400622562524
yoochoose1_64,unpopular,4092,mdhg,TC-SACP-G,0.03,0.9611077319403198
yoochoose1_64,unpopular,4092,miasrec,TC-SACP-G,0.03,0.6153350746001646
yoochoose1_64,unpopular,4092,srgnn,TC-SACP-G,0.03,0.6323124262048732
yoochoose1_64,unpopular,4092,tron,TC-SACP-G,0.03,0.4524138178298048
yoochoose1_64,unpopular,4092,wearec,TC-SACP-G,0.03,0.48452538552363233
yoochoose1_64,unpopular,8637,freqrec,TC-SACP-G,0.03,0.36092525671759274
yoochoose1_64,unpopular,8637,mdhg,TC-SACP-G,0.03,0.9996243157179148
yoochoose1_64,unpopular,8637,miasrec,TC-SACP-G,0.03,0.5720598232494901
yoochoose1_64,unpopular,8637,srgnn,TC-SACP-G,0.03,0.6089484418047157
yoochoose1_64,unpopular,8637,tron,TC-SACP-G,0.03,0.4494738540415539
yoochoose1_64,unpopular,8637,wearec,TC-SACP-G,0.03,0.4927009910909156
yoochoose1_64,unpopular,8829,freqrec,TC-SACP-G,0.03,0.4078857919782461
yoochoose1_64,unpopular,8829,mdhg,TC-SACP-G,0.03,0.1594511431536012
yoochoose1_64,unpopular,8829,miasrec,TC-SACP-G,0.03,0.5047407778453612
yoochoose1_64,unpopular,8829,srgnn,TC-SACP-G,0.03,0.6070342409388529
yoochoose1_64,unpopular,8829,tron,TC-SACP-G,0.03,0.45114102862879374
yoochoose1_64,unpopular,8829,wearec,TC-SACP-G,0.03,0.4108912662349279
yoochoose1_64,unpopular,1440,freqrec,Poisoning-SSL,0.03,0.33654155783748974
yoochoose1_64,unpopular,1440,mdhg,Poisoning-SSL,0.03,0.9937385952985796
yoochoose1_64,unpopular,1440,miasrec,Poisoning-SSL,0.03,0.372374682457333
yoochoose1_64,unpopular,1440,srgnn,Poisoning-SSL,0.03,0.38318007799921283
yoochoose1_64,unpopular,1440,tron,Poisoning-SSL,0.03,0.37054299697040316
yoochoose1_64,unpopular,1440,wearec,Poisoning-SSL,0.03,0.4062220473004401
yoochoose1_64,unpopular,14514,freqrec,Poisoning-SSL,0.03,0.1455508247164478
yoochoose1_64,unpopular,14514,mdhg,Poisoning-SSL,0.03,0.040180328455400906
yoochoose1_64,unpopular,14514,miasrec,Poisoning-SSL,0.03,0.23355039536298258
yoochoose1_64,unpopular,14514,srgnn,Poisoning-SSL,0.03,0.23301370353143225
yoochoose1_64,unpopular,14514,tron,Poisoning-SSL,0.03,0.4555151210942402
yoochoose1_64,unpopular,14514,wearec,Poisoning-SSL,0.03,0.11921714551504527
yoochoose1_64,unpopular,16571,freqrec,Poisoning-SSL,0.03,0.11655157608501199
yoochoose1_64,unpopular,16571,mdhg,Poisoning-SSL,0.03,0.027246055315038105
yoochoose1_64,unpopular,16571,miasrec,Poisoning-SSL,0.03,0.23918565959426097
yoochoose1_64,unpopular,16571,srgnn,Poisoning-SSL,0.03,0.18165229525206628
yoochoose1_64,unpopular,16571,tron,Poisoning-SSL,0.03,0.3780721725256799
yoochoose1_64,unpopular,16571,wearec,Poisoning-SSL,0.03,0.1620809331281978
yoochoose1_64,unpopular,17290,freqrec,Poisoning-SSL,0.03,0.40879816809188163
yoochoose1_64,unpopular,17290,mdhg,Poisoning-SSL,0.03,0.21217217073956135
yoochoose1_64,unpopular,17290,miasrec,Poisoning-SSL,0.03,0.5178360585351891
yoochoose1_64,unpopular,17290,srgnn,Poisoning-SSL,0.03,0.3827507245339726
yoochoose1_64,unpopular,17290,tron,Poisoning-SSL,0.03,0.5532151372281878
yoochoose1_64,unpopular,17290,wearec,Poisoning-SSL,0.03,0.5334359011055851
yoochoose1_64,unpopular,32070,freqrec,Poisoning-SSL,0.03,0.059751690579269386
yoochoose1_64,unpopular,32070,mdhg,Poisoning-SSL,0.03,0.9980142402232638
yoochoose1_64,unpopular,32070,miasrec,Poisoning-SSL,0.03,0.06830298042863787
yoochoose1_64,unpopular,32070,srgnn,Poisoning-SSL,0.03,0.1328491180364235
yoochoose1_64,unpopular,32070,tron,Poisoning-SSL,0.03,0.3566678020185361
yoochoose1_64,unpopular,32070,wearec,Poisoning-SSL,0.03,0.06134387634620201
yoochoose1_64,unpopular,33739,freqrec,Poisoning-SSL,0.03,0.00019678700490178538
yoochoose1_64,unpopular,33739,mdhg,Poisoning-SSL,0.03,0.0002683459157751619
yoochoose1_64,unpopular,33739,miasrec,Poisoning-SSL,0.03,0.000429353465240259
yoochoose1_64,unpopular,33739,srgnn,Poisoning-SSL,0.03,0.002003649504454542
yoochoose1_64,unpopular,33739,tron,Poisoning-SSL,0.03,0
yoochoose1_64,unpopular,33739,wearec,Poisoning-SSL,0.03,0.00003577945543668825
yoochoose1_64,unpopular,35833,freqrec,Poisoning-SSL,0.03,0.188915524705714
yoochoose1_64,unpopular,35833,mdhg,Poisoning-SSL,0.03,0.048105477834627354
yoochoose1_64,unpopular,35833,miasrec,Poisoning-SSL,0.03,0.32273068803892807
yoochoose1_64,unpopular,35833,srgnn,Poisoning-SSL,0.03,0.25965150810404664
yoochoose1_64,unpopular,35833,tron,Poisoning-SSL,0.03,0.21004607138375492
yoochoose1_64,unpopular,35833,wearec,Poisoning-SSL,0.03,0.19718057891158897
yoochoose1_64,unpopular,4092,freqrec,Poisoning-SSL,0.03,0.2925507173780815
yoochoose1_64,unpopular,4092,mdhg,Poisoning-SSL,0.03,0.1837811728505492
yoochoose1_64,unpopular,4092,miasrec,Poisoning-SSL,0.03,0.34713227664674945
yoochoose1_64,unpopular,4092,srgnn,Poisoning-SSL,0.03,0.3656839242906723
yoochoose1_64,unpopular,4092,tron,Poisoning-SSL,0.03,0.550579925783841
yoochoose1_64,unpopular,4092,wearec,Poisoning-SSL,0.03,0.3667751976814913
yoochoose1_64,unpopular,8637,freqrec,Poisoning-SSL,0.03,0.09859028945579448
yoochoose1_64,unpopular,8637,mdhg,Poisoning-SSL,0.03,0.023202976850692333
yoochoose1_64,unpopular,8637,miasrec,Poisoning-SSL,0.03,0.40470142044438084
yoochoose1_64,unpopular,8637,srgnn,Poisoning-SSL,0.03,0.2877562703495653
yoochoose1_64,unpopular,8637,tron,Poisoning-SSL,0.03,0.40311564455120735
yoochoose1_64,unpopular,8637,wearec,Poisoning-SSL,0.03,0.12063043400479445
yoochoose1_64,unpopular,8829,freqrec,Poisoning-SSL,0.03,0.14381552112776844
yoochoose1_64,unpopular,8829,mdhg,Poisoning-SSL,0.03,0.059662241940677666
yoochoose1_64,unpopular,8829,miasrec,Poisoning-SSL,0.03,0.19530215750116284
yoochoose1_64,unpopular,8829,srgnn,Poisoning-SSL,0.03,0.20057962717807434
yoochoose1_64,unpopular,8829,tron,Poisoning-SSL,0.03,0.3661689045049567
yoochoose1_64,unpopular,8829,wearec,Poisoning-SSL,0.03,0.13868116927260368
yoochoose1_64,unpopular,1440,freqrec,DPSBR,0.03,0.34716805610218615
yoochoose1_64,unpopular,1440,mdhg,DPSBR,0.03,0.9937564850262979
yoochoose1_64,unpopular,1440,miasrec,DPSBR,0.03,0.5902715660667645
yoochoose1_64,unpopular,1440,srgnn,DPSBR,0.03,0.5990733121041898
yoochoose1_64,unpopular,1440,tron,DPSBR,0.03,0.5056020651452952
yoochoose1_64,unpopular,1440,wearec,DPSBR,0.03,0.4382625496439944
yoochoose1_64,unpopular,14514,freqrec,DPSBR,0.03,0.3354860639021074
yoochoose1_64,unpopular,14514,mdhg,DPSBR,0.03,0.9885863537156965
yoochoose1_64,unpopular,14514,miasrec,DPSBR,0.03,0.438709792836953
yoochoose1_64,unpopular,14514,srgnn,DPSBR,0.03,0.5920247593831622
yoochoose1_64,unpopular,14514,tron,DPSBR,0.03,0.5591846978470143
yoochoose1_64,unpopular,14514,wearec,DPSBR,0.03,0.4610540627571648
yoochoose1_64,unpopular,16571,freqrec,DPSBR,0.03,0.35495008765966585
yoochoose1_64,unpopular,16571,mdhg,DPSBR,0.03,0.17451429389244696
yoochoose1_64,unpopular,16571,miasrec,DPSBR,0.03,0.6093599055422376
yoochoose1_64,unpopular,16571,srgnn,DPSBR,0.03,0.5930444738631078
yoochoose1_64,unpopular,16571,tron,DPSBR,0.03,0.5285660505888891
yoochoose1_64,unpopular,16571,wearec,DPSBR,0.03,0.46064259901964294
yoochoose1_64,unpopular,17290,freqrec,DPSBR,0.03,0.3666141901320262
yoochoose1_64,unpopular,17290,mdhg,DPSBR,0.03,0.17628537693656302
yoochoose1_64,unpopular,17290,miasrec,DPSBR,0.03,0.5093205481412573
yoochoose1_64,unpopular,17290,srgnn,DPSBR,0.03,0.5787326916884326
yoochoose1_64,unpopular,17290,tron,DPSBR,0.03,0.5210906548590072
yoochoose1_64,unpopular,17290,wearec,DPSBR,0.03,0.48565243836988803
yoochoose1_64,unpopular,32070,freqrec,DPSBR,0.03,0.3862750008944864
yoochoose1_64,unpopular,32070,mdhg,DPSBR,0.03,0.9835951196822784
yoochoose1_64,unpopular,32070,miasrec,DPSBR,0.03,0.5102865934380478
yoochoose1_64,unpopular,32070,srgnn,DPSBR,0.03,0.5802890979999284
yoochoose1_64,unpopular,32070,tron,DPSBR,0.03,0.534428051556926
yoochoose1_64,unpopular,32070,wearec,DPSBR,0.03,0.5049733443056996
yoochoose1_64,unpopular,33739,freqrec,DPSBR,0.03,0.3586890407527997
yoochoose1_64,unpopular,33739,mdhg,DPSBR,0.03,0.16834233782961824
yoochoose1_64,unpopular,33739,miasrec,DPSBR,0.03,0.517156248881892
yoochoose1_64,unpopular,33739,srgnn,DPSBR,0.03,0.5757808866149057
yoochoose1_64,unpopular,33739,tron,DPSBR,0.03,0.5491995769320402
yoochoose1_64,unpopular,33739,wearec,DPSBR,0.03,0.5083008336613116
yoochoose1_64,unpopular,35833,freqrec,DPSBR,0.03,0.3510501270170668
yoochoose1_64,unpopular,35833,mdhg,DPSBR,0.03,0.17658950230777487
yoochoose1_64,unpopular,35833,miasrec,DPSBR,0.03,0.50561737450356
yoochoose1_64,unpopular,35833,srgnn,DPSBR,0.03,0.5899495509678343
yoochoose1_64,unpopular,35833,tron,DPSBR,0.03,0.5313984547263503
yoochoose1_64,unpopular,35833,wearec,DPSBR,0.03,0.4329135210562095
yoochoose1_64,unpopular,4092,freqrec,DPSBR,0.03,0.37826040287666823
yoochoose1_64,unpopular,4092,mdhg,DPSBR,0.03,0.17462163225875701
yoochoose1_64,unpopular,4092,miasrec,DPSBR,0.03,0.6477512612258042
yoochoose1_64,unpopular,4092,srgnn,DPSBR,0.03,0.5857991341371784
yoochoose1_64,unpopular,4092,tron,DPSBR,0.03,0.5229908753562913
yoochoose1_64,unpopular,4092,wearec,DPSBR,0.03,0.43819099073312107
yoochoose1_64,unpopular,8637,freqrec,DPSBR,0.03,0.3864538981716698
yoochoose1_64,unpopular,8637,mdhg,DPSBR,0.03,0.17099001753193316
yoochoose1_64,unpopular,8637,miasrec,DPSBR,0.03,0.6163368993523919
yoochoose1_64,unpopular,8637,srgnn,DPSBR,0.03,0.5863358259687288
yoochoose1_64,unpopular,8637,tron,DPSBR,0.03,0.5213954072029113
yoochoose1_64,unpopular,8637,wearec,DPSBR,0.03,0.6378045726144048
yoochoose1_64,unpopular,8829,freqrec,DPSBR,0.03,0.3794769043615156
yoochoose1_64,unpopular,8829,mdhg,DPSBR,0.03,0.17845003399048268
yoochoose1_64,unpopular,8829,miasrec,DPSBR,0.03,0.6151025081398261
yoochoose1_64,unpopular,8829,srgnn,DPSBR,0.03,0.5882142473791548
yoochoose1_64,unpopular,8829,tron,DPSBR,0.03,0.528261298244985
yoochoose1_64,unpopular,8829,wearec,DPSBR,0.03,0.4649719131274822
diginetica,popular,1440,freqrec,CREAT,0.01,0.0145091853166387
diginetica,popular,1440,freqrec,DPSBR,0.01,0.0156594038581616
diginetica,popular,1440,freqrec,Poisoning-SSL,0.01,0.029199119261231
diginetica,popular,1440,freqrec,TC-SACP-C,0.01,0.0161523546616714
diginetica,popular,1440,freqrec,TC-SACP-G,0.01,0.0192579447237832
diginetica,popular,1440,mdhg,CREAT,0.01,0.0002957704821058
diginetica,popular,1440,mdhg,DPSBR,0.01,0.0028591146603568
diginetica,popular,1440,mdhg,Poisoning-SSL,0.01,0.0043379670708863
diginetica,popular,1440,mdhg,TC-SACP-C,0.01,0.7949488974333695
diginetica,popular,1440,mdhg,TC-SACP-G,0.01,0.9995892076637418
diginetica,popular,1440,miasrec,CREAT,0.01,0.4099214565053074
diginetica,popular,1440,miasrec,DPSBR,0.01,0.5155936770843603
diginetica,popular,1440,miasrec,Poisoning-SSL,0.01,0.185628840908344
diginetica,popular,1440,miasrec,TC-SACP-C,0.01,0.746278221433501
diginetica,popular,1440,miasrec,TC-SACP-G,0.01,0.5596799106115876
diginetica,popular,1440,srgnn,CREAT,0.01,0.1931874198954944
diginetica,popular,1440,srgnn,DPSBR,0.01,0.2746886194091163
diginetica,popular,1440,srgnn,Poisoning-SSL,0.01,0.1064116467843176
diginetica,popular,1440,srgnn,TC-SACP-C,0.01,0.3082092740477833
diginetica,popular,1440,srgnn,TC-SACP-G,0.01,0.3109697985474383
diginetica,popular,1440,tron,CREAT,0.01,0.0125866771829504
diginetica,popular,1440,tron,DPSBR,0.01,0.2828716027473791
diginetica,popular,1440,tron,Poisoning-SSL,0.01,0.0699168556311413
diginetica,popular,1440,tron,TC-SACP-C,0.01,0.0475368891517959
diginetica,popular,1440,tron,TC-SACP-G,0.01,0.2298629596766242
diginetica,popular,1440,wearec,CREAT,0.01,0.0653159814650497
diginetica,popular,1440,wearec,DPSBR,0.01,0.0452035886818495
diginetica,popular,1440,wearec,Poisoning-SSL,0.01,0.0428867199053534
diginetica,popular,1440,wearec,TC-SACP-C,0.01,0.053320845246311
diginetica,popular,1440,wearec,TC-SACP-G,0.01,0.0287226001511715
diginetica,popular,3316,freqrec,CREAT,0.01,0.0147720924118439
diginetica,popular,3316,freqrec,DPSBR,0.01,0.0168917808669361
diginetica,popular,3316,freqrec,Poisoning-SSL,0.01,0.0317460317460317
diginetica,popular,3316,freqrec,TC-SACP-C,0.01,0.0149528410397975
diginetica,popular,3316,freqrec,TC-SACP-G,0.01,0.0106970324361628
diginetica,popular,3316,mdhg,CREAT,0.01,0.0006736994314634
diginetica,popular,3316,mdhg,DPSBR,0.01,0.0020703933747412
diginetica,popular,3316,mdhg,Poisoning-SSL,0.01,0.9996549344375432
diginetica,popular,3316,mdhg,TC-SACP-C,0.01,0.0002957704821058
diginetica,popular,3316,mdhg,TC-SACP-G,0.01,0.0016924644253836
diginetica,popular,3316,miasrec,CREAT,0.01,0.2644516743895626
diginetica,popular,3316,miasrec,DPSBR,0.01,0.4437214499326301
diginetica,popular,3316,miasrec,Poisoning-SSL,0.01,0.127789279963193
diginetica,popular,3316,miasrec,TC-SACP-C,0.01,0.7325741890959282
diginetica,popular,3316,miasrec,TC-SACP-G,0.01,0.4680074928522133
diginetica,popular,3316,srgnn,CREAT,0.01,0.2206119162640901
diginetica,popular,3316,srgnn,DPSBR,0.01,0.2570245489500148
diginetica,popular,3316,srgnn,Poisoning-SSL,0.01,0.09648690394032
diginetica,popular,3316,srgnn,TC-SACP-C,0.01,0.3286831640868908
diginetica,popular,3316,srgnn,TC-SACP-G,0.01,0.292714187124125
diginetica,popular,3316,tron,CREAT,0.01,0.0045515790857405
diginetica,popular,3316,tron,DPSBR,0.01,0.3379013441125242
diginetica,popular,3316,tron,Poisoning-SSL,0.01,0.3127115580531729
diginetica,popular,3316,tron,TC-SACP-C,0.01,0.0843767458674291
diginetica,popular,3316,tron,TC-SACP-G,0.01,0.214926550330277
diginetica,popular,3316,wearec,CREAT,0.01,0.0497715994610404
diginetica,popular,3316,wearec,DPSBR,0.01,0.0419501133786848
diginetica,popular,3316,wearec,Poisoning-SSL,0.01,0.0440862335272273
diginetica,popular,3316,wearec,TC-SACP-C,0.01,0.0467974629465312
diginetica,popular,3316,wearec,TC-SACP-G,0.01,0.0198166223010943
diginetica,popular,4092,freqrec,CREAT,0.01,0.0150185678135988
diginetica,popular,4092,freqrec,DPSBR,0.01,0.0184363600512668
diginetica,popular,4092,freqrec,Poisoning-SSL,0.01,0.0177790923132538
diginetica,popular,4092,freqrec,TC-SACP-C,0.01,0.0123894968615465
diginetica,popular,4092,freqrec,TC-SACP-G,0.01,0.0110256663051694
diginetica,popular,4092,mdhg,CREAT,0.01,0.0009037431397679
diginetica,popular,4092,mdhg,DPSBR,0.01,0.0015281474908804
diginetica,popular,4092,mdhg,Poisoning-SSL,0.01,0.999802819678596
diginetica,popular,4092,mdhg,TC-SACP-C,0.01,0.8271385849025601
diginetica,popular,4092,mdhg,TC-SACP-G,0.01,0.0027605244996549
diginetica,popular,4092,miasrec,CREAT,0.01,0.2639094285057018
diginetica,popular,4092,miasrec,DPSBR,0.01,0.4520358868184955
diginetica,popular,4092,miasrec,Poisoning-SSL,0.01,0.1253902527194452
diginetica,popular,4092,miasrec,TC-SACP-C,0.01,0.499145551940583
diginetica,popular,4092,miasrec,TC-SACP-G,0.01,0.4215550954681389
diginetica,popular,4092,srgnn,CREAT,0.01,0.2108021952742449
diginetica,popular,4092,srgnn,DPSBR,0.01,0.2665056360708535
diginetica,popular,4092,srgnn,Poisoning-SSL,0.01,0.0790364454960728
diginetica,popular,4092,srgnn,TC-SACP-C,0.01,0.3213546288080449
diginetica,popular,4092,srgnn,TC-SACP-G,0.01,0.3098853067797167
diginetica,popular,4092,tron,CREAT,0.01,0.0001314535476026
diginetica,popular,4092,tron,DPSBR,0.01,0.3792270531400966
diginetica,popular,4092,tron,Poisoning-SSL,0.01,0.1521903447369285
diginetica,popular,4092,tron,TC-SACP-C,0.01,0.0348680535015938
diginetica,popular,4092,tron,TC-SACP-G,0.01,0.3638469880705905
diginetica,popular,4092,wearec,CREAT,0.01,0.0498208945413914
diginetica,popular,4092,wearec,DPSBR,0.01,0.0555719872490058
diginetica,popular,4092,wearec,Poisoning-SSL,0.01,0.0333399060107134
diginetica,popular,4092,wearec,TC-SACP-C,0.01,0.0403069440336521
diginetica,popular,4092,wearec,TC-SACP-G,0.01,0.0468303263334319
diginetica,popular,5334,freqrec,CREAT,0.01,0.0139833711262282
diginetica,popular,5334,freqrec,DPSBR,0.01,0.0148213874921949
diginetica,popular,5334,freqrec,Poisoning-SSL,0.01,0.0309901738473167
diginetica,popular,5334,freqrec,TC-SACP-C,0.01,0.0149528410397975
diginetica,popular,5334,freqrec,TC-SACP-G,0.01,0.0207860922146636
diginetica,popular,5334,mdhg,CREAT,0.01,0.0002629070952052
diginetica,popular,5334,mdhg,DPSBR,0.01,0.0013802622498274
diginetica,popular,5334,mdhg,Poisoning-SSL,0.01,0.0082815734989648
diginetica,popular,5334,mdhg,TC-SACP-C,0.01,0.0001314535476026
diginetica,popular,5334,mdhg,TC-SACP-G,0.01,0.9995727759702916
diginetica,popular,5334,miasrec,CREAT,0.01,0.3951165007065628
diginetica,popular,5334,miasrec,DPSBR,0.01,0.5258470537973644
diginetica,popular,5334,miasrec,Poisoning-SSL,0.01,0.1297775148706825
diginetica,popular,5334,miasrec,TC-SACP-C,0.01,0.649347661770022
diginetica,popular,5334,miasrec,TC-SACP-G,0.01,0.5636728121200171
diginetica,popular,5334,srgnn,CREAT,0.01,0.1907226658779453
diginetica,popular,5334,srgnn,DPSBR,0.01,0.2329849814321864
diginetica,popular,5334,srgnn,Poisoning-SSL,0.01,0.0938414012948174
diginetica,popular,5334,srgnn,TC-SACP-C,0.01,0.3207466561503828
diginetica,popular,5334,srgnn,TC-SACP-G,0.01,0.2799303296197706
diginetica,popular,5334,tron,CREAT,0.01,0.0012981037825758
diginetica,popular,5334,tron,DPSBR,0.01,0.2874724769134707
diginetica,popular,5334,tron,Poisoning-SSL,0.01,0.1445824706694272
diginetica,popular,5334,tron,TC-SACP-C,0.01,0.015429360149857
diginetica,popular,5334,tron,TC-SACP-G,0.01,0.2282197903315915
diginetica,popular,5334,wearec,CREAT,0.01,0.0649873475960432
diginetica,popular,5334,wearec,DPSBR,0.01,0.0574123369154425
diginetica,popular,5334,wearec,Poisoning-SSL,0.01,0.0577738341713497
diginetica,popular,5334,wearec,TC-SACP-C,0.01,0.0362976108317723
diginetica,popular,5334,wearec,TC-SACP-G,0.01,0.0712149594137171
diginetica,popular,5418,freqrec,CREAT,0.01,0.0152814749088041
diginetica,popular,5418,freqrec,DPSBR,0.01,0.0169082125603864
diginetica,popular,5418,freqrec,Poisoning-SSL,0.01,0.0268000920174833
diginetica,popular,5418,freqrec,TC-SACP-C,0.01,0.0132932400013145
diginetica,popular,5418,freqrec,TC-SACP-G,0.01,0.0131782181471622
diginetica,popular,5418,mdhg,CREAT,0.01,0.0002793387886555
diginetica,popular,5418,mdhg,DPSBR,0.01,0.001708896118834
diginetica,popular,5418,mdhg,Poisoning-SSL,0.01,0.0070984915705412
diginetica,popular,5418,mdhg,TC-SACP-C,0.01,0.8666896710374972
diginetica,popular,5418,mdhg,TC-SACP-G,0.01,0.0018567813598869
diginetica,popular,5418,miasrec,CREAT,0.01,0.4353412862729633
diginetica,popular,5418,miasrec,DPSBR,0.01,0.5180419994084591
diginetica,popular,5418,miasrec,Poisoning-SSL,0.01,0.2732097669985869
diginetica,popular,5418,miasrec,TC-SACP-C,0.01,0.4555522692168655
diginetica,popular,5418,miasrec,TC-SACP-G,0.01,0.5020703933747412
diginetica,popular,5418,srgnn,CREAT,0.01,0.1930888297347924
diginetica,popular,5418,srgnn,DPSBR,0.01,0.249449538269414
diginetica,popular,5418,srgnn,Poisoning-SSL,0.01,0.1036839856715633
diginetica,popular,5418,srgnn,TC-SACP-C,0.01,0.3243944920963554
diginetica,popular,5418,srgnn,TC-SACP-G,0.01,0.2775970291498242
diginetica,popular,5418,tron,CREAT,0.01,0.0006408360445627
diginetica,popular,5418,tron,DPSBR,0.01,0.4365572315882874
diginetica,popular,5418,tron,Poisoning-SSL,0.01,0.3132045088566828
diginetica,popular,5418,tron,TC-SACP-C,0.01,0.0330441355286075
diginetica,popular,5418,tron,TC-SACP-G,0.01,0.3531992507147786
diginetica,popular,5418,wearec,CREAT,0.01,0.0443162772355318
diginetica,popular,5418,wearec,DPSBR,0.01,0.041259982253771
diginetica,popular,5418,wearec,Poisoning-SSL,0.01,0.0464195339971737
diginetica,popular,5418,wearec,TC-SACP-C,0.01,0.0586118505373163
diginetica,popular,5418,wearec,TC-SACP-G,0.01,0.051611949127477
diginetica,popular,9496,freqrec,CREAT,0.01,0.0158401524861152
diginetica,popular,9496,freqrec,DPSBR,0.01,0.0169575076407374
diginetica,popular,9496,freqrec,Poisoning-SSL,0.01,0.0227086003483519
diginetica,popular,9496,freqrec,TC-SACP-C,0.01,0.0208025239081139
diginetica,popular,9496,freqrec,TC-SACP-G,0.01,0.0185185185185185
diginetica,popular,9496,mdhg,CREAT,0.01,0.934076045877288
diginetica,popular,9496,mdhg,DPSBR,0.01,0.0017417595057346
diginetica,popular,9496,mdhg,Poisoning-SSL,0.01,0.9993755956488876
diginetica,popular,9496,mdhg,TC-SACP-C,0.01,0.0014131256367281
diginetica,popular,9496,mdhg,TC-SACP-G,0.01,0.0016924644253836
diginetica,popular,9496,miasrec,CREAT,0.01,0.4416839199447895
diginetica,popular,9496,miasrec,DPSBR,0.01,0.525879917184265
diginetica,popular,9496,miasrec,Poisoning-SSL,0.01,0.1146603568963817
diginetica,popular,9496,miasrec,TC-SACP-C,0.01,0.6600282625127346
diginetica,popular,9496,miasrec,TC-SACP-G,0.01,0.6121134444115811
diginetica,popular,9496,srgnn,CREAT,0.01,0.2308159978967432
diginetica,popular,9496,srgnn,DPSBR,0.01,0.2602615925597292
diginetica,popular,9496,srgnn,Poisoning-SSL,0.01,0.09397285484242
diginetica,popular,9496,srgnn,TC-SACP-C,0.01,0.3230963883137796
diginetica,popular,9496,srgnn,TC-SACP-G,0.01,0.2857142857142857
diginetica,popular,9496,tron,CREAT,0.01,0.0270629991126885
diginetica,popular,9496,tron,DPSBR,0.01,0.3351736829997699
diginetica,popular,9496,tron,Poisoning-SSL,0.01,0.1161885043872621
diginetica,popular,9496,tron,TC-SACP-C,0.01,0.0208518189884649
diginetica,popular,9496,tron,TC-SACP-G,0.01,0.3484504913076341
diginetica,popular,9496,wearec,CREAT,0.01,0.0504945939728548
diginetica,popular,9496,wearec,DPSBR,0.01,0.051611949127477
diginetica,popular,9496,wearec,Poisoning-SSL,0.01,0.03869663807552
diginetica,popular,9496,wearec,TC-SACP-C,0.01,0.0427716980512011
diginetica,popular,9496,wearec,TC-SACP-G,0.01,0.0467974629465312
diginetica,popular,11103,freqrec,CREAT,0.01,0.0168260540931348
diginetica,popular,11103,freqrec,DPSBR,0.01,0.0133261033882151
diginetica,popular,11103,freqrec,Poisoning-SSL,0.01,0.0297906602254428
diginetica,popular,11103,freqrec,TC-SACP-C,0.01,0.0193729665779355
diginetica,popular,11103,freqrec,TC-SACP-G,0.01,0.0099247428439975
diginetica,popular,11103,mdhg,CREAT,0.01,0.0014952841039797
diginetica,popular,11103,mdhg,DPSBR,0.01,0.0032041802228137
diginetica,popular,11103,mdhg,Poisoning-SSL,0.01,0.9990798251667816
diginetica,popular,11103,mdhg,TC-SACP-C,0.01,0.0003779289493575
diginetica,popular,11103,mdhg,TC-SACP-G,0.01,0.9994577541161392
diginetica,popular,11103,miasrec,CREAT,0.01,0.2637451115711985
diginetica,popular,11103,miasrec,DPSBR,0.01,0.4639488645699826
diginetica,popular,11103,miasrec,Poisoning-SSL,0.01,0.2604752045745834
diginetica,popular,11103,miasrec,TC-SACP-C,0.01,0.458542837424825
diginetica,popular,11103,miasrec,TC-SACP-G,0.01,0.6351178152420388
diginetica,popular,11103,srgnn,CREAT,0.01,0.2041309277334122
diginetica,popular,11103,srgnn,DPSBR,0.01,0.2558743304084919
diginetica,popular,11103,srgnn,Poisoning-SSL,0.01,0.1129350290840974
diginetica,popular,11103,srgnn,TC-SACP-C,0.01,0.3069604653455585
diginetica,popular,11103,srgnn,TC-SACP-G,0.01,0.2809655263071412
diginetica,popular,11103,tron,CREAT,0.01,0.0002957704821058
diginetica,popular,11103,tron,DPSBR,0.01,0.4140786749482402
diginetica,popular,11103,tron,Poisoning-SSL,0.01,0.4155410956653192
diginetica,popular,11103,tron,TC-SACP-C,0.01,0.0486706759998685
diginetica,popular,11103,tron,TC-SACP-G,0.01,0.3540536987741957
diginetica,popular,11103,wearec,CREAT,0.01,0.0427224029708501
diginetica,popular,11103,wearec,DPSBR,0.01,0.0412764139472214
diginetica,popular,11103,wearec,Poisoning-SSL,0.01,0.0398632883104932
diginetica,popular,11103,wearec,TC-SACP-C,0.01,0.0384665943672154
diginetica,popular,11103,wearec,TC-SACP-G,0.01,0.0403233757271024
diginetica,popular,14514,freqrec,CREAT,0.01,0.0179105458608564
diginetica,popular,14514,freqrec,DPSBR,0.01,0.0114035952545269
diginetica,popular,14514,freqrec,Poisoning-SSL,0.01,0.0765716914785237
diginetica,popular,14514,freqrec,TC-SACP-C,0.01,0.0230865292977094
diginetica,popular,14514,freqrec,TC-SACP-G,0.01,0.0129481744388576
diginetica,popular,14514,mdhg,CREAT,0.01,0.0001150218541522
diginetica,popular,14514,mdhg,DPSBR,0.01,0.0024318906306483
diginetica,popular,14514,mdhg,Poisoning-SSL,0.01,0.0124059285549968
diginetica,popular,14514,mdhg,TC-SACP-C,0.01,0.0008380163659666
diginetica,popular,14514,mdhg,TC-SACP-G,0.01,0.0023497321633967
diginetica,popular,14514,miasrec,CREAT,0.01,0.4137993361595846
diginetica,popular,14514,miasrec,DPSBR,0.01,0.2796345591376647
diginetica,popular,14514,miasrec,Poisoning-SSL,0.01,0.3044464162476585
diginetica,popular,14514,miasrec,TC-SACP-C,0.01,0.5794143744454303
diginetica,popular,14514,miasrec,TC-SACP-G,0.01,0.4662000065726774
diginetica,popular,14514,srgnn,CREAT,0.01,0.1851358901048342
diginetica,popular,14514,srgnn,DPSBR,0.01,0.2759045647244405
diginetica,popular,14514,srgnn,Poisoning-SSL,0.01,0.1765421144303132
diginetica,popular,14514,srgnn,TC-SACP-C,0.01,0.3209931315521377
diginetica,popular,14514,srgnn,TC-SACP-G,0.01,0.3010614873968911
diginetica,popular,14514,tron,CREAT,0.01,0.0119294094449373
diginetica,popular,14514,tron,DPSBR,0.01,0.3479739721975747
diginetica,popular,14514,tron,Poisoning-SSL,0.01,0.4283742482500246
diginetica,popular,14514,tron,TC-SACP-C,0.01,0.0263564362943244
diginetica,popular,14514,tron,TC-SACP-G,0.01,0.1988399224424069
diginetica,popular,14514,wearec,CREAT,0.01,0.0840645436918728
diginetica,popular,14514,wearec,DPSBR,0.01,0.0375792829208978
diginetica,popular,14514,wearec,Poisoning-SSL,0.01,0.109599395313681
diginetica,popular,14514,wearec,TC-SACP-C,0.01,0.0441848236879292
diginetica,popular,14514,wearec,TC-SACP-G,0.01,0.0549640145913437
diginetica,popular,32614,freqrec,CREAT,0.01,0.010302671793355
diginetica,popular,32614,freqrec,DPSBR,0.01,0.0186171086792204
diginetica,popular,32614,freqrec,Poisoning-SSL,0.01,0.0361004305103683
diginetica,popular,32614,freqrec,TC-SACP-C,0.01,0.0160701961944197
diginetica,popular,32614,freqrec,TC-SACP-G,0.01,0.0130303329061093
diginetica,popular,32614,mdhg,CREAT,0.01,0.0004436557231588
diginetica,popular,32614,mdhg,DPSBR,0.01,0.9998356830654967
diginetica,popular,32614,mdhg,Poisoning-SSL,0.01,0.9983239672680666
diginetica,popular,32614,mdhg,TC-SACP-C,0.01,0.8111834105622926
diginetica,popular,32614,mdhg,TC-SACP-G,0.01,0.9939531368102796
diginetica,popular,32614,miasrec,CREAT,0.01,0.252916625587433
diginetica,popular,32614,miasrec,DPSBR,0.01,0.5306286765914096
diginetica,popular,32614,miasrec,Poisoning-SSL,0.01,0.3972690525485556
diginetica,popular,32614,miasrec,TC-SACP-C,0.01,0.5306451082848599
diginetica,popular,32614,miasrec,TC-SACP-G,0.01,0.5957310460416051
diginetica,popular,32614,srgnn,CREAT,0.01,0.2233888724571954
diginetica,popular,32614,srgnn,DPSBR,0.01,0.2435341286272963
diginetica,popular,32614,srgnn,Poisoning-SSL,0.01,0.1367281212001709
diginetica,popular,32614,srgnn,TC-SACP-C,0.01,0.3389529724933451
diginetica,popular,32614,srgnn,TC-SACP-G,0.01,0.2765289690755529
diginetica,popular,32614,tron,CREAT,0.01,0.1037990075257156
diginetica,popular,32614,tron,DPSBR,0.01,0.3453120378586217
diginetica,popular,32614,tron,Poisoning-SSL,0.01,0.4504420125538138
diginetica,popular,32614,tron,TC-SACP-C,0.01,0.1393407604587729
diginetica,popular,32614,tron,TC-SACP-G,0.01,0.3883795063919287
diginetica,popular,32614,wearec,CREAT,0.01,0.0525814190410463
diginetica,popular,32614,wearec,DPSBR,0.01,0.0353117092247527
diginetica,popular,32614,wearec,Poisoning-SSL,0.01,0.050806796148411
diginetica,popular,32614,wearec,TC-SACP-C,0.01,0.0436918728844194
diginetica,popular,32614,wearec,TC-SACP-G,0.01,0.0421472937000887
diginetica,popular,39588,freqrec,CREAT,0.01,0.0178612507805054
diginetica,popular,39588,freqrec,DPSBR,0.01,0.0152157481350027
diginetica,popular,39588,freqrec,Poisoning-SSL,0.01,0.0768674619606296
diginetica,popular,39588,freqrec,TC-SACP-C,0.01,0.0181898846495119
diginetica,popular,39588,freqrec,TC-SACP-G,0.01,0.0192743764172335
diginetica,popular,39588,mdhg,CREAT,0.01,0.00006572677380130797
diginetica,popular,39588,mdhg,DPSBR,0.01,0.0018732130533372
diginetica,popular,39588,mdhg,Poisoning-SSL,0.01,0.9999835683065496
diginetica,popular,39588,mdhg,TC-SACP-C,0.01,0.9669722961648428
diginetica,popular,39588,mdhg,TC-SACP-G,0.01,1
diginetica,popular,39588,miasrec,CREAT,0.01,0.4366229583620888
diginetica,popular,39588,miasrec,DPSBR,0.01,0.2895100069013112
diginetica,popular,39588,miasrec,Poisoning-SSL,0.01,0.2944395149364093
diginetica,popular,39588,miasrec,TC-SACP-C,0.01,0.6103881165992967
diginetica,popular,39588,miasrec,TC-SACP-G,0.01,0.6511222846626573
diginetica,popular,39588,srgnn,CREAT,0.01,0.1894245620953695
diginetica,popular,39588,srgnn,DPSBR,0.01,0.2493180847218114
diginetica,popular,39588,srgnn,Poisoning-SSL,0.01,0.1529133392487429
diginetica,popular,39588,srgnn,TC-SACP-C,0.01,0.3246573991915606
diginetica,popular,39588,srgnn,TC-SACP-G,0.01,0.2878504058628282
diginetica,popular,39588,tron,CREAT,0.01,0.0025469124848006
diginetica,popular,39588,tron,DPSBR,0.01,0.3292911367445529
diginetica,popular,39588,tron,Poisoning-SSL,0.01,0.3467251634953498
diginetica,popular,39588,tron,TC-SACP-C,0.01,0.0956160241874527
diginetica,popular,39588,tron,TC-SACP-G,0.01,0.4245620953695488
diginetica,popular,39588,wearec,CREAT,0.01,0.076785303493378
diginetica,popular,39588,wearec,DPSBR,0.01,0.054323178546781
diginetica,popular,39588,wearec,Poisoning-SSL,0.01,0.0986887508626639
diginetica,popular,39588,wearec,TC-SACP-C,0.01,0.046435965690624
diginetica,popular,39588,wearec,TC-SACP-G,0.01,0.0563278451477209
diginetica,unpopular,3660,freqrec,CREAT,0.01,0.012866015971606
diginetica,unpopular,3660,freqrec,DPSBR,0.01,0.0079693713234085
diginetica,unpopular,3660,freqrec,Poisoning-SSL,0.01,0.0316967366656807
diginetica,unpopular,3660,freqrec,TC-SACP-C,0.01,0.0132603766144138
diginetica,unpopular,3660,freqrec,TC-SACP-G,0.01,0.0122909067008445
diginetica,unpopular,3660,mdhg,CREAT,0.01,0.0003286338690065
diginetica,unpopular,3660,mdhg,DPSBR,0.01,0.0011666502349732
diginetica,unpopular,3660,mdhg,Poisoning-SSL,0.01,0.9998849781458478
diginetica,unpopular,3660,mdhg,TC-SACP-C,0.01,0.0001643169345032
diginetica,unpopular,3660,mdhg,TC-SACP-G,0.01,0.0029905682079595
diginetica,unpopular,3660,miasrec,CREAT,0.01,0.2687403463800979
diginetica,unpopular,3660,miasrec,DPSBR,0.01,0.4322356962108515
diginetica,unpopular,3660,miasrec,Poisoning-SSL,0.01,0.2083538729501462
diginetica,unpopular,3660,miasrec,TC-SACP-C,0.01,0.6756055079036446
diginetica,unpopular,3660,miasrec,TC-SACP-G,0.01,0.6727792566301883
diginetica,unpopular,3660,srgnn,CREAT,0.01,0.2045910151500213
diginetica,unpopular,3660,srgnn,DPSBR,0.01,0.2438956258832035
diginetica,unpopular,3660,srgnn,Poisoning-SSL,0.01,0.095829636202307
diginetica,unpopular,3660,srgnn,TC-SACP-C,0.01,0.310706891452233
diginetica,unpopular,3660,srgnn,TC-SACP-G,0.01,0.2841368431430543
diginetica,unpopular,3660,tron,CREAT,0.01,0.0590390745670248
diginetica,unpopular,3660,tron,DPSBR,0.01,0.5442998455420816
diginetica,unpopular,3660,tron,Poisoning-SSL,0.01,0.3630582667849749
diginetica,unpopular,3660,tron,TC-SACP-C,0.01,0.1532419731177495
diginetica,unpopular,3660,tron,TC-SACP-G,0.01,0.4685004436557231
diginetica,unpopular,3660,wearec,CREAT,0.01,0.0521541950113378
diginetica,unpopular,3660,wearec,DPSBR,0.01,0.0516448125143777
diginetica,unpopular,3660,wearec,Poisoning-SSL,0.01,0.0563114134542706
diginetica,unpopular,3660,wearec,TC-SACP-C,0.01,0.0504781622794045
diginetica,unpopular,3660,wearec,TC-SACP-G,0.01,0.0659075224292615
diginetica,unpopular,8829,freqrec,CREAT,0.01,0.0153143382957047
diginetica,unpopular,8829,freqrec,DPSBR,0.01,0.0135232837096191
diginetica,unpopular,8829,freqrec,Poisoning-SSL,0.01,0.0279667422524565
diginetica,unpopular,8829,freqrec,TC-SACP-C,0.01,0.0152486115219034
diginetica,unpopular,8829,freqrec,TC-SACP-G,0.01,0.0147720924118439
diginetica,unpopular,8829,mdhg,CREAT,0.01,0.0001150218541522
diginetica,unpopular,8829,mdhg,DPSBR,0.01,1
diginetica,unpopular,8829,mdhg,Poisoning-SSL,0.01,0.999901409839298
diginetica,unpopular,8829,mdhg,TC-SACP-C,0.01,0.6955535837523416
diginetica,unpopular,8829,mdhg,TC-SACP-G,0.01,0.9994084590357882
diginetica,unpopular,8829,miasrec,CREAT,0.01,0.2848434059614184
diginetica,unpopular,8829,miasrec,DPSBR,0.01,0.4534490124552236
diginetica,unpopular,8829,miasrec,Poisoning-SSL,0.01,0.2079266489204377
diginetica,unpopular,8829,miasrec,TC-SACP-C,0.01,0.6299254001117355
diginetica,unpopular,8829,miasrec,TC-SACP-G,0.01,0.4651812415787571
diginetica,unpopular,8829,srgnn,CREAT,0.01,0.2199382168326267
diginetica,unpopular,8829,srgnn,DPSBR,0.01,0.2438463308028525
diginetica,unpopular,8829,srgnn,Poisoning-SSL,0.01,0.0747642051989878
diginetica,unpopular,8829,srgnn,TC-SACP-C,0.01,0.3244109237898058
diginetica,unpopular,8829,srgnn,TC-SACP-G,0.01,0.2902658648000263
diginetica,unpopular,8829,tron,CREAT,0.01,0.0845903578822833
diginetica,unpopular,8829,tron,DPSBR,0.01,0.4537612146307798
diginetica,unpopular,8829,tron,Poisoning-SSL,0.01,0.2549870189621742
diginetica,unpopular,8829,tron,TC-SACP-C,0.01,0.208846823753656
diginetica,unpopular,8829,tron,TC-SACP-G,0.01,0.4794932465739919
diginetica,unpopular,8829,wearec,CREAT,0.01,0.0807124782280061
diginetica,unpopular,8829,wearec,DPSBR,0.01,0.0495908508330868
diginetica,unpopular,8829,wearec,Poisoning-SSL,0.01,0.0323704360971441
diginetica,unpopular,8829,wearec,TC-SACP-C,0.01,0.0511189983239672
diginetica,unpopular,8829,wearec,TC-SACP-G,0.01,0.0619967793880837
diginetica,unpopular,17290,freqrec,CREAT,0.01,0.0112557100134739
diginetica,unpopular,17290,freqrec,DPSBR,0.01,0.0146570705576916
diginetica,unpopular,17290,freqrec,Poisoning-SSL,0.01,0.0308094252193631
diginetica,unpopular,17290,freqrec,TC-SACP-C,0.01,0.0170232344145387
diginetica,unpopular,17290,freqrec,TC-SACP-G,0.01,0.0132768083078642
diginetica,unpopular,17290,mdhg,CREAT,0.01,0.0001314535476026
diginetica,unpopular,17290,mdhg,DPSBR,0.01,0.001659601038483
diginetica,unpopular,17290,mdhg,Poisoning-SSL,0.01,0.9999835683065496
diginetica,unpopular,17290,mdhg,TC-SACP-C,0.01,0.782608695652174
diginetica,unpopular,17290,mdhg,TC-SACP-G,0.01,0.9999835683065496
diginetica,unpopular,17290,miasrec,CREAT,0.01,0.262364849321371
diginetica,unpopular,17290,miasrec,DPSBR,0.01,0.5895034342239311
diginetica,unpopular,17290,miasrec,Poisoning-SSL,0.01,0.1521903447369285
diginetica,unpopular,17290,miasrec,TC-SACP-C,0.01,0.5376121463077985
diginetica,unpopular,17290,miasrec,TC-SACP-G,0.01,0.4784909132735219
diginetica,unpopular,17290,srgnn,CREAT,0.01,0.2016004469420618
diginetica,unpopular,17290,srgnn,DPSBR,0.01,0.2233231456833941
diginetica,unpopular,17290,srgnn,Poisoning-SSL,0.01,0.0951559367708436
diginetica,unpopular,17290,srgnn,TC-SACP-C,0.01,0.3167208912550527
diginetica,unpopular,17290,srgnn,TC-SACP-G,0.01,0.2905123402017812
diginetica,unpopular,17290,tron,CREAT,0.01,0.1383219954648526
diginetica,unpopular,17290,tron,DPSBR,0.01,0.4785730717407736
diginetica,unpopular,17290,tron,Poisoning-SSL,0.01,0.3522955075750106
diginetica,unpopular,17290,tron,TC-SACP-C,0.01,0.1711360872851556
diginetica,unpopular,17290,tron,TC-SACP-G,0.01,0.4702586348549081
diginetica,unpopular,17290,wearec,CREAT,0.01,0.0438890532058233
diginetica,unpopular,17290,wearec,DPSBR,0.01,0.0523678070261921
diginetica,unpopular,17290,wearec,Poisoning-SSL,0.01,0.0502316868776496
diginetica,unpopular,17290,wearec,TC-SACP-C,0.01,0.0476847743928489
diginetica,unpopular,17290,wearec,TC-SACP-G,0.01,0.0500345065562456
diginetica,unpopular,20222,freqrec,CREAT,0.01,0.0135232837096191
diginetica,unpopular,20222,freqrec,DPSBR,0.01,0.0170560978014394
diginetica,unpopular,20222,freqrec,Poisoning-SSL,0.01,0.0238423871964244
diginetica,unpopular,20222,freqrec,TC-SACP-C,0.01,0.0128495842781557
diginetica,unpopular,20222,freqrec,TC-SACP-G,0.01,0.0134904203227184
diginetica,unpopular,20222,mdhg,CREAT,0.01,0.0001150218541522
diginetica,unpopular,20222,mdhg,DPSBR,0.01,0.0012323770087745
diginetica,unpopular,20222,mdhg,Poisoning-SSL,0.01,0.003269906996615
diginetica,unpopular,20222,mdhg,TC-SACP-C,0.01,0.0002629070952052
diginetica,unpopular,20222,mdhg,TC-SACP-G,0.01,0.001561010877781
diginetica,unpopular,20222,miasrec,CREAT,0.01,0.2670971770350652
diginetica,unpopular,20222,miasrec,DPSBR,0.01,0.486230240888626
diginetica,unpopular,20222,miasrec,Poisoning-SSL,0.01,0.138042656676197
diginetica,unpopular,20222,miasrec,TC-SACP-C,0.01,0.648493213710605
diginetica,unpopular,20222,miasrec,TC-SACP-G,0.01,0.6851194584113839
diginetica,unpopular,20222,srgnn,CREAT,0.01,0.2220743369811692
diginetica,unpopular,20222,srgnn,DPSBR,0.01,0.2352196917414308
diginetica,unpopular,20222,srgnn,Poisoning-SSL,0.01,0.1019586578592789
diginetica,unpopular,20222,srgnn,TC-SACP-C,0.01,0.3287160274737915
diginetica,unpopular,20222,srgnn,TC-SACP-G,0.01,0.272059548457064
diginetica,unpopular,20222,tron,CREAT,0.01,0.0995596306155312
diginetica,unpopular,20222,tron,DPSBR,0.01,0.4626178974005061
diginetica,unpopular,20222,tron,Poisoning-SSL,0.01,0.4407966084984718
diginetica,unpopular,20222,tron,TC-SACP-C,0.01,0.236435637056755
diginetica,unpopular,20222,tron,TC-SACP-G,0.01,0.4290150842945874
diginetica,unpopular,20222,wearec,CREAT,0.01,0.042311610634592
diginetica,unpopular,20222,wearec,DPSBR,0.01,0.0395346544414867
diginetica,unpopular,20222,wearec,Poisoning-SSL,0.01,0.0374806927601958
diginetica,unpopular,20222,wearec,TC-SACP-C,0.01,0.0469782115744848
diginetica,unpopular,20222,wearec,TC-SACP-G,0.01,0.0438397581254724
diginetica,unpopular,21325,freqrec,CREAT,0.01,0.0169575076407374
diginetica,unpopular,21325,freqrec,DPSBR,0.01,0.0134246935489171
diginetica,unpopular,21325,freqrec,Poisoning-SSL,0.01,0.0279503105590062
diginetica,unpopular,21325,freqrec,TC-SACP-C,0.01,0.0188307206940747
diginetica,unpopular,21325,freqrec,TC-SACP-G,0.01,0.0152157481350027
diginetica,unpopular,21325,mdhg,CREAT,0.01,1
diginetica,unpopular,21325,mdhg,DPSBR,0.01,0.0019225081336882
diginetica,unpopular,21325,mdhg,Poisoning-SSL,0.01,0.9996713661309936
diginetica,unpopular,21325,mdhg,TC-SACP-C,0.01,0.0001643169345032
diginetica,unpopular,21325,mdhg,TC-SACP-G,0.01,1
diginetica,unpopular,21325,miasrec,CREAT,0.01,0.2675572644516744
diginetica,unpopular,21325,miasrec,DPSBR,0.01,0.4538762364849321
diginetica,unpopular,21325,miasrec,Poisoning-SSL,0.01,0.2188537250649052
diginetica,unpopular,21325,miasrec,TC-SACP-C,0.01,0.4394656413289953
diginetica,unpopular,21325,miasrec,TC-SACP-G,0.01,0.6280193236714976
diginetica,unpopular,21325,srgnn,CREAT,0.01,0.2155509546813894
diginetica,unpopular,21325,srgnn,DPSBR,0.01,0.2490716093200565
diginetica,unpopular,21325,srgnn,Poisoning-SSL,0.01,0.0878438331854481
diginetica,unpopular,21325,srgnn,TC-SACP-C,0.01,0.3118735416872062
diginetica,unpopular,21325,srgnn,TC-SACP-G,0.01,0.3032140392388839
diginetica,unpopular,21325,tron,CREAT,0.01,0.0284103979756153
diginetica,unpopular,21325,tron,DPSBR,0.01,0.4272404614019521
diginetica,unpopular,21325,tron,Poisoning-SSL,0.01,0.3628939498504716
diginetica,unpopular,21325,tron,TC-SACP-C,0.01,0.1555259785073449
diginetica,unpopular,21325,tron,TC-SACP-G,0.01,0.4648854710966512
diginetica,unpopular,21325,wearec,CREAT,0.01,0.0511682934043182
diginetica,unpopular,21325,wearec,DPSBR,0.01,0.0437575996582207
diginetica,unpopular,21325,wearec,Poisoning-SSL,0.01,0.0359361135758651
diginetica,unpopular,21325,wearec,TC-SACP-C,0.01,0.0547504025764895
diginetica,unpopular,21325,wearec,TC-SACP-G,0.01,0.0541095665319267
diginetica,unpopular,23414,freqrec,CREAT,0.01,0.0160209011140688
diginetica,unpopular,23414,freqrec,DPSBR,0.01,0.0182556114233132
diginetica,unpopular,23414,freqrec,Poisoning-SSL,0.01,0.0290512340201781
diginetica,unpopular,23414,freqrec,TC-SACP-C,0.01,0.0147227973314929
diginetica,unpopular,23414,freqrec,TC-SACP-G,0.01,0.0098425843767458
diginetica,unpopular,23414,mdhg,CREAT,0.01,0.0002793387886555
diginetica,unpopular,23414,mdhg,DPSBR,0.01,0.0014131256367281
diginetica,unpopular,23414,mdhg,Poisoning-SSL,0.01,0.9998849781458478
diginetica,unpopular,23414,mdhg,TC-SACP-C,0.01,0.8050215255184199
diginetica,unpopular,23414,mdhg,TC-SACP-G,0.01,1
diginetica,unpopular,23414,miasrec,CREAT,0.01,0.2670643136481646
diginetica,unpopular,23414,miasrec,DPSBR,0.01,0.5684051398337112
diginetica,unpopular,23414,miasrec,Poisoning-SSL,0.01,0.1728121200170889
diginetica,unpopular,23414,miasrec,TC-SACP-C,0.01,0.6851523217982846
diginetica,unpopular,23414,miasrec,TC-SACP-G,0.01,0.5154129284564067
diginetica,unpopular,23414,srgnn,CREAT,0.01,0.2080581024680403
diginetica,unpopular,23414,srgnn,DPSBR,0.01,0.2346445824706694
diginetica,unpopular,23414,srgnn,Poisoning-SSL,0.01,0.0789542870288212
diginetica,unpopular,23414,srgnn,TC-SACP-C,0.01,0.3190377600315489
diginetica,unpopular,23414,srgnn,TC-SACP-G,0.01,0.2958526405731375
diginetica,unpopular,23414,tron,CREAT,0.01,0.0672056262118373
diginetica,unpopular,23414,tron,DPSBR,0.01,0.4640967498110355
diginetica,unpopular,23414,tron,Poisoning-SSL,0.01,0.2965756350849518
diginetica,unpopular,23414,tron,TC-SACP-C,0.01,0.2568273686286109
diginetica,unpopular,23414,tron,TC-SACP-G,0.01,0.3928982220907687
diginetica,unpopular,23414,wearec,CREAT,0.01,0.0532551184725097
diginetica,unpopular,23414,wearec,DPSBR,0.01,0.0413750041079233
diginetica,unpopular,23414,wearec,Poisoning-SSL,0.01,0.0325183213381971
diginetica,unpopular,23414,wearec,TC-SACP-C,0.01,0.0397154030694403
diginetica,unpopular,23414,wearec,TC-SACP-G,0.01,0.0657596371882086
diginetica,unpopular,28865,freqrec,CREAT,0.01,0.0137861908048243
diginetica,unpopular,28865,freqrec,DPSBR,0.01,0.0138683492720759
diginetica,unpopular,28865,freqrec,Poisoning-SSL,0.01,0.0294455946629859
diginetica,unpopular,28865,freqrec,TC-SACP-C,0.01,0.0169739393341877
diginetica,unpopular,28865,freqrec,TC-SACP-G,0.01,0.0229386440566564
diginetica,unpopular,28865,mdhg,CREAT,0.01,0.0001807486279535
diginetica,unpopular,28865,mdhg,DPSBR,0.01,0.9991619836340332
diginetica,unpopular,28865,mdhg,Poisoning-SSL,0.01,0.0054388905320582
diginetica,unpopular,28865,mdhg,TC-SACP-C,0.01,0.8144697492523579
diginetica,unpopular,28865,mdhg,TC-SACP-G,0.01,0.999950704919649
diginetica,unpopular,28865,miasrec,CREAT,0.01,0.2740149199776528
diginetica,unpopular,28865,miasrec,DPSBR,0.01,0.5006408360445628
diginetica,unpopular,28865,miasrec,Poisoning-SSL,0.01,0.2098984521344769
diginetica,unpopular,28865,miasrec,TC-SACP-C,0.01,0.7121331624437215
diginetica,unpopular,28865,miasrec,TC-SACP-G,0.01,0.7590127838575044
diginetica,unpopular,28865,srgnn,CREAT,0.01,0.2188865884518058
diginetica,unpopular,28865,srgnn,DPSBR,0.01,0.258191199184988
diginetica,unpopular,28865,srgnn,Poisoning-SSL,0.01,0.1037332807519142
diginetica,unpopular,28865,srgnn,TC-SACP-C,0.01,0.3059581320450886
diginetica,unpopular,28865,srgnn,TC-SACP-G,0.01,0.2920404876926616
diginetica,unpopular,28865,tron,CREAT,0.01,0.0399290150842945
diginetica,unpopular,28865,tron,DPSBR,0.01,0.4709651976732722
diginetica,unpopular,28865,tron,Poisoning-SSL,0.01,0.3638798514574912
diginetica,unpopular,28865,tron,TC-SACP-C,0.01,0.1775280160373328
diginetica,unpopular,28865,tron,TC-SACP-G,0.01,0.4640145913437838
diginetica,unpopular,28865,wearec,CREAT,0.01,0.0498044628479411
diginetica,unpopular,28865,wearec,DPSBR,0.01,0.0371520588911893
diginetica,unpopular,28865,wearec,Poisoning-SSL,0.01,0.0651023694501955
diginetica,unpopular,28865,wearec,TC-SACP-C,0.01,0.0354595944658056
diginetica,unpopular,28865,wearec,TC-SACP-G,0.01,0.0345558513260376
diginetica,unpopular,29122,freqrec,CREAT,0.01,0.0141312563672812
diginetica,unpopular,29122,freqrec,DPSBR,0.01,0.0184856551316178
diginetica,unpopular,29122,freqrec,Poisoning-SSL,0.01,0.0335042229452167
diginetica,unpopular,29122,freqrec,TC-SACP-C,0.01,0.0155608136974596
diginetica,unpopular,29122,freqrec,TC-SACP-G,0.01,0.0090702947845804
diginetica,unpopular,29122,mdhg,CREAT,0.01,1
diginetica,unpopular,29122,mdhg,DPSBR,0.01,0.0015938742646817
diginetica,unpopular,29122,mdhg,Poisoning-SSL,0.01,0.9993263005685366
diginetica,unpopular,29122,mdhg,TC-SACP-C,0.01,0.0006901311249137
diginetica,unpopular,29122,mdhg,TC-SACP-G,0.01,1
diginetica,unpopular,29122,miasrec,CREAT,0.01,0.3970225771468007
diginetica,unpopular,29122,miasrec,DPSBR,0.01,0.663413191363502
diginetica,unpopular,29122,miasrec,Poisoning-SSL,0.01,0.1437115909165598
diginetica,unpopular,29122,miasrec,TC-SACP-C,0.01,0.7513884780965526
diginetica,unpopular,29122,miasrec,TC-SACP-G,0.01,0.7200696703802294
diginetica,unpopular,29122,srgnn,CREAT,0.01,0.1929573761871898
diginetica,unpopular,29122,srgnn,DPSBR,0.01,0.2461467678858983
diginetica,unpopular,29122,srgnn,Poisoning-SSL,0.01,0.1104209799861973
diginetica,unpopular,29122,srgnn,TC-SACP-C,0.01,0.3442439777843504
diginetica,unpopular,29122,srgnn,TC-SACP-G,0.01,0.2928785040586283
diginetica,unpopular,29122,tron,CREAT,0.01,0.0530908015380065
diginetica,unpopular,29122,tron,DPSBR,0.01,0.462108514903546
diginetica,unpopular,29122,tron,Poisoning-SSL,0.01,0.4244963685957474
diginetica,unpopular,29122,tron,TC-SACP-C,0.01,0.1620493608071248
diginetica,unpopular,29122,tron,TC-SACP-G,0.01,0.3996352164054027
diginetica,unpopular,29122,wearec,CREAT,0.01,0.0386637746886194
diginetica,unpopular,29122,wearec,DPSBR,0.01,0.0331920207696605
diginetica,unpopular,29122,wearec,Poisoning-SSL,0.01,0.0573301784481908
diginetica,unpopular,29122,wearec,TC-SACP-C,0.01,0.0459758782740149
diginetica,unpopular,29122,wearec,TC-SACP-G,0.01,0.0523185119458411
diginetica,unpopular,32561,freqrec,CREAT,0.01,0.0151335896677511
diginetica,unpopular,32561,freqrec,DPSBR,0.01,0.0120444312990896
diginetica,unpopular,32561,freqrec,Poisoning-SSL,0.01,0.037086332117388
diginetica,unpopular,32561,freqrec,TC-SACP-C,0.01,0.0114693220283282
diginetica,unpopular,32561,freqrec,TC-SACP-G,0.01,0.015380065069506
diginetica,unpopular,32561,mdhg,CREAT,0.01,0.0001971803214039
diginetica,unpopular,32561,mdhg,DPSBR,0.01,0.9957934864767164
diginetica,unpopular,32561,mdhg,Poisoning-SSL,0.01,0.0071806500377928
diginetica,unpopular,32561,mdhg,TC-SACP-C,0.01,0.7797660126852674
diginetica,unpopular,32561,mdhg,TC-SACP-G,0.01,1
diginetica,unpopular,32561,miasrec,CREAT,0.01,0.4594301488711426
diginetica,unpopular,32561,miasrec,DPSBR,0.01,0.5757008117256565
diginetica,unpopular,32561,miasrec,Poisoning-SSL,0.01,0.2630221170593841
diginetica,unpopular,32561,miasrec,TC-SACP-C,0.01,0.5930691117026521
diginetica,unpopular,32561,miasrec,TC-SACP-G,0.01,0.5807289099214565
diginetica,unpopular,32561,srgnn,CREAT,0.01,0.1632160110420979
diginetica,unpopular,32561,srgnn,DPSBR,0.01,0.2513227513227513
diginetica,unpopular,32561,srgnn,Poisoning-SSL,0.01,0.1061158763022117
diginetica,unpopular,32561,srgnn,TC-SACP-C,0.01,0.3394623549903053
diginetica,unpopular,32561,srgnn,TC-SACP-G,0.01,0.2747050511025666
diginetica,unpopular,32561,tron,CREAT,0.01,0.0198330539945446
diginetica,unpopular,32561,tron,DPSBR,0.01,0.5177626606198035
diginetica,unpopular,32561,tron,Poisoning-SSL,0.01,0.3175589076210194
diginetica,unpopular,32561,tron,TC-SACP-C,0.01,0.2333464786880936
diginetica,unpopular,32561,tron,TC-SACP-G,0.01,0.3991258339084426
diginetica,unpopular,32561,wearec,CREAT,0.01,0.0384994577541161
diginetica,unpopular,32561,wearec,DPSBR,0.01,0.0408820533044135
diginetica,unpopular,32561,wearec,Poisoning-SSL,0.01,0.0405369877419566
diginetica,unpopular,32561,wearec,TC-SACP-C,0.01,0.0478326596339018
diginetica,unpopular,32561,wearec,TC-SACP-G,0.01,0.0733017844819087
diginetica,unpopular,33995,freqrec,CREAT,0.01,0.0155608136974596
diginetica,unpopular,33995,freqrec,DPSBR,0.01,0.0150678628939498
diginetica,unpopular,33995,freqrec,Poisoning-SSL,0.01,0.0330277038351572
diginetica,unpopular,33995,freqrec,TC-SACP-C,0.01,0.0139669394327779
diginetica,unpopular,33995,freqrec,TC-SACP-G,0.01,0.0126359722633014
diginetica,unpopular,33995,mdhg,CREAT,0.01,0.0002957704821058
diginetica,unpopular,33995,mdhg,DPSBR,0.01,0.0024976174044497
diginetica,unpopular,33995,mdhg,Poisoning-SSL,0.01,0.0079858030168589
diginetica,unpopular,33995,mdhg,TC-SACP-C,0.01,0.0001971803214039
diginetica,unpopular,33995,mdhg,TC-SACP-G,0.01,0.001708896118834
diginetica,unpopular,33995,miasrec,CREAT,0.01,0.4469091984619935
diginetica,unpopular,33995,miasrec,DPSBR,0.01,0.4906832298136646
diginetica,unpopular,33995,miasrec,Poisoning-SSL,0.01,0.2185579545827993
diginetica,unpopular,33995,miasrec,TC-SACP-C,0.01,0.6398501429557331
diginetica,unpopular,33995,miasrec,TC-SACP-G,0.01,0.649298366689671
diginetica,unpopular,33995,srgnn,CREAT,0.01,0.1941075947287127
diginetica,unpopular,33995,srgnn,DPSBR,0.01,0.2897564823030661
diginetica,unpopular,33995,srgnn,Poisoning-SSL,0.01,0.1019257944723783
diginetica,unpopular,33995,srgnn,TC-SACP-C,0.01,0.3380656610470275
diginetica,unpopular,33995,srgnn,TC-SACP-G,0.01,0.2850405862828223
diginetica,unpopular,33995,tron,CREAT,0.01,0.1012520950409149
diginetica,unpopular,33995,tron,DPSBR,0.01,0.4768970390088402
diginetica,unpopular,33995,tron,Poisoning-SSL,0.01,0.3768444575897992
diginetica,unpopular,33995,tron,TC-SACP-C,0.01,0.2299779815307765
diginetica,unpopular,33995,tron,TC-SACP-G,0.01,0.4582799303296198
diginetica,unpopular,33995,wearec,CREAT,0.01,0.0443162772355318
diginetica,unpopular,33995,wearec,DPSBR,0.01,0.038647342995169
diginetica,unpopular,33995,wearec,Poisoning-SSL,0.01,0.0457129711788096
diginetica,unpopular,33995,wearec,TC-SACP-C,0.01,0.030908015380065
diginetica,unpopular,33995,wearec,TC-SACP-G,0.01,0.028492556442867
yoochoose1_64,popular,3528,freqrec,CREAT,0.01,0.0889835056710436
yoochoose1_64,popular,3528,freqrec,DPSBR,0.01,0.1588607821388958
yoochoose1_64,popular,3528,freqrec,Poisoning-SSL,0.01,0.2907438548785288
yoochoose1_64,popular,3528,freqrec,TC-SACP-C,0.01,0.0973022290600737
yoochoose1_64,popular,3528,freqrec,TC-SACP-G,0.01,0.1082328526959819
yoochoose1_64,popular,3528,mdhg,CREAT,0.01,0.3663100647608143
yoochoose1_64,popular,3528,mdhg,DPSBR,0.01,0.9998389924505348
yoochoose1_64,popular,3528,mdhg,Poisoning-SSL,0.01,0.9943647357687216
yoochoose1_64,popular,3528,mdhg,TC-SACP-C,0.01,0.7374324662778633
yoochoose1_64,popular,3528,mdhg,TC-SACP-G,0.01,0.9976564456688968
yoochoose1_64,popular,3528,miasrec,CREAT,0.01,0.2746073204765824
yoochoose1_64,popular,3528,miasrec,DPSBR,0.01,0.5056889334144334
yoochoose1_64,popular,3528,miasrec,Poisoning-SSL,0.01,0.4760098751297005
yoochoose1_64,popular,3528,miasrec,TC-SACP-C,0.01,0.4684425203048409
yoochoose1_64,popular,3528,miasrec,TC-SACP-G,0.01,0.3887795627750545
yoochoose1_64,popular,3528,srgnn,CREAT,0.01,0.2596515081040466
yoochoose1_64,popular,3528,srgnn,DPSBR,0.01,0.3912841246556227
yoochoose1_64,popular,3528,srgnn,Poisoning-SSL,0.01,0.4005152241582883
yoochoose1_64,popular,3528,srgnn,TC-SACP-C,0.01,0.4515367276110058
yoochoose1_64,popular,3528,srgnn,TC-SACP-G,0.01,0.4194425560842963
yoochoose1_64,popular,3528,tron,CREAT,0.01,0.392879551117724
yoochoose1_64,popular,3528,tron,DPSBR,0.01,0.6401054084577739
yoochoose1_64,popular,3528,tron,Poisoning-SSL,0.01,0.5452019432443576
yoochoose1_64,popular,3528,tron,TC-SACP-C,0.01,0.2189197425739024
yoochoose1_64,popular,3528,tron,TC-SACP-G,0.01,0.635856802251582
yoochoose1_64,popular,3528,wearec,CREAT,0.01,0.1665354753300654
yoochoose1_64,popular,3528,wearec,DPSBR,0.01,0.2419227879351676
yoochoose1_64,popular,3528,wearec,Poisoning-SSL,0.01,0.266431714909299
yoochoose1_64,popular,3528,wearec,TC-SACP-C,0.01,0.2123331782890264
yoochoose1_64,popular,3528,wearec,TC-SACP-G,0.01,0.2571111667680418
yoochoose1_64,popular,3660,freqrec,CREAT,0.01,0.1078392786861784
yoochoose1_64,popular,3660,freqrec,DPSBR,0.01,0.1243693870979283
yoochoose1_64,popular,3660,freqrec,Poisoning-SSL,0.01,0.1243693870979283
yoochoose1_64,popular,3660,freqrec,TC-SACP-C,0.01,0.1049232530680883
yoochoose1_64,popular,3660,freqrec,TC-SACP-G,0.01,0.0827757701527782
yoochoose1_64,popular,3660,mdhg,CREAT,0.01,0.9994990876238864
yoochoose1_64,popular,3660,mdhg,DPSBR,0.01,0.9986582704211242
yoochoose1_64,popular,3660,mdhg,Poisoning-SSL,0.01,0.9996779849010698
yoochoose1_64,popular,3660,mdhg,TC-SACP-C,0.01,0.6626355146874665
yoochoose1_64,popular,3660,mdhg,TC-SACP-G,0.01,0.9996600951733514
yoochoose1_64,popular,3660,miasrec,CREAT,0.01,0.2186303624458835
yoochoose1_64,popular,3660,miasrec,DPSBR,0.01,0.3964721456939425
yoochoose1_64,popular,3660,miasrec,Poisoning-SSL,0.01,0.2618698343411213
yoochoose1_64,popular,3660,miasrec,TC-SACP-C,0.01,0.2682564671365702
yoochoose1_64,popular,3660,miasrec,TC-SACP-G,0.01,0.3549679773873841
yoochoose1_64,popular,3660,srgnn,CREAT,0.01,0.2638198146624208
yoochoose1_64,popular,3660,srgnn,DPSBR,0.01,0.3759526280010018
yoochoose1_64,popular,3660,srgnn,Poisoning-SSL,0.01,0.2302944649182439
yoochoose1_64,popular,3660,srgnn,TC-SACP-C,0.01,0.4561164979069018
yoochoose1_64,popular,3660,srgnn,TC-SACP-G,0.01,0.4119825396257469
yoochoose1_64,popular,3660,tron,CREAT,0.01,0.4102504347202553
yoochoose1_64,popular,3660,tron,DPSBR,0.01,0.6170697165803202
yoochoose1_64,popular,3660,tron,Poisoning-SSL,0.01,0.502124303103096
yoochoose1_64,popular,3660,tron,TC-SACP-C,0.01,0.3640714913145582
yoochoose1_64,popular,3660,tron,TC-SACP-G,0.01,0.7371779932954484
yoochoose1_64,popular,3660,wearec,CREAT,0.01,0.2032630863358259
yoochoose1_64,popular,3660,wearec,DPSBR,0.01,0.1814376185194461
yoochoose1_64,popular,3660,wearec,Poisoning-SSL,0.01,0.1831192529249704
yoochoose1_64,popular,3660,wearec,TC-SACP-C,0.01,0.2172170739561343
yoochoose1_64,popular,3660,wearec,TC-SACP-G,0.01,0.2507782031557479
yoochoose1_64,popular,3916,freqrec,CREAT,0.01,0.1375898958817847
yoochoose1_64,popular,3916,freqrec,DPSBR,0.01,0.1391999713764356
yoochoose1_64,popular,3916,freqrec,Poisoning-SSL,0.01,0.4661526351568929
yoochoose1_64,popular,3916,freqrec,TC-SACP-C,0.01,0.1546745858528033
yoochoose1_64,popular,3916,freqrec,TC-SACP-G,0.01,0.1631185373358617
yoochoose1_64,popular,3916,mdhg,CREAT,0.01,0.1245661741028301
yoochoose1_64,popular,3916,mdhg,DPSBR,0.01,0.2052309563848438
yoochoose1_64,popular,3916,mdhg,Poisoning-SSL,0.01,0.3763998711939604
yoochoose1_64,popular,3916,mdhg,TC-SACP-C,0.01,0.1361408279365988
yoochoose1_64,popular,3916,mdhg,TC-SACP-G,0.01,0.1994167948763819
yoochoose1_64,popular,3916,miasrec,CREAT,0.01,0.2781315968370961
yoochoose1_64,popular,3916,miasrec,DPSBR,0.01,0.3655765859243622
yoochoose1_64,popular,3916,miasrec,Poisoning-SSL,0.01,0.563007621024008
yoochoose1_64,popular,3916,miasrec,TC-SACP-C,0.01,0.4098178825718273
yoochoose1_64,popular,3916,miasrec,TC-SACP-G,0.01,0.3591899531289134
yoochoose1_64,popular,3916,srgnn,CREAT,0.01,0.2756628144119646
yoochoose1_64,popular,3916,srgnn,DPSBR,0.01,0.3839493362911017
yoochoose1_64,popular,3916,srgnn,Poisoning-SSL,0.01,0.5688933414433432
yoochoose1_64,popular,3916,srgnn,TC-SACP-C,0.01,0.4759025367633904
yoochoose1_64,popular,3916,srgnn,TC-SACP-G,0.01,0.4227879351676267
yoochoose1_64,popular,3916,tron,CREAT,0.01,0.4850581718444687
yoochoose1_64,popular,3916,tron,DPSBR,0.01,0.7146263198465482
yoochoose1_64,popular,3916,tron,Poisoning-SSL,0.01,0.6136457343635158
yoochoose1_64,popular,3916,tron,TC-SACP-C,0.01,0.7204166143807254
yoochoose1_64,popular,3916,tron,TC-SACP-G,0.01,0.3517559112991413
yoochoose1_64,popular,3916,wearec,CREAT,0.01,0.1365344019464023
yoochoose1_64,popular,3916,wearec,DPSBR,0.01,0.2260009302658413
yoochoose1_64,popular,3916,wearec,Poisoning-SSL,0.01,0.5141328848974919
yoochoose1_64,popular,3916,wearec,TC-SACP-C,0.01,0.2089877992056961
yoochoose1_64,popular,3916,wearec,TC-SACP-G,0.01,0.2296146552649468
yoochoose1_64,popular,6200,freqrec,CREAT,0.01,0.127786325092132
yoochoose1_64,popular,6200,freqrec,DPSBR,0.01,0.0556907223872052
yoochoose1_64,popular,6200,freqrec,Poisoning-SSL,0.01,0.4488532684532541
yoochoose1_64,popular,6200,freqrec,TC-SACP-C,0.01,0.0974095674263837
yoochoose1_64,popular,6200,freqrec,TC-SACP-G,0.01,0.1026870371032952
yoochoose1_64,popular,6200,mdhg,CREAT,0.01,0.133135353679917
yoochoose1_64,popular,6200,mdhg,DPSBR,0.01,0.2160900211098787
yoochoose1_64,popular,6200,mdhg,Poisoning-SSL,0.01,0.4247021360334895
yoochoose1_64,popular,6200,mdhg,TC-SACP-C,0.01,0.1413288489749186
yoochoose1_64,popular,6200,mdhg,TC-SACP-G,0.01,0.1853196894343268
yoochoose1_64,popular,6200,miasrec,CREAT,0.01,0.275269240402161
yoochoose1_64,popular,6200,miasrec,DPSBR,0.01,0.2965937958424273
yoochoose1_64,popular,6200,miasrec,Poisoning-SSL,0.01,0.4488711581809725
yoochoose1_64,popular,6200,miasrec,TC-SACP-C,0.01,0.3556656767683996
yoochoose1_64,popular,6200,miasrec,TC-SACP-G,0.01,0.3920176034920749
yoochoose1_64,popular,6200,srgnn,CREAT,0.01,0.2614047014204443
yoochoose1_64,popular,6200,srgnn,DPSBR,0.01,0.3940391427242477
yoochoose1_64,popular,6200,srgnn,Poisoning-SSL,0.01,0.4754195141149951
yoochoose1_64,popular,6200,srgnn,TC-SACP-C,0.01,0.4114637375219149
yoochoose1_64,popular,6200,srgnn,TC-SACP-G,0.01,0.4098178825718273
yoochoose1_64,popular,6200,tron,CREAT,0.01,0.7501927110409982
yoochoose1_64,popular,6200,tron,DPSBR,0.01,0.5831525733646451
yoochoose1_64,popular,6200,tron,Poisoning-SSL,0.01,0.5102450567377158
yoochoose1_64,popular,6200,tron,TC-SACP-C,0.01,0.3758671996844916
yoochoose1_64,popular,6200,tron,TC-SACP-G,0.01,0.7475754262051163
yoochoose1_64,popular,6200,wearec,CREAT,0.01,0.1545135783033382
yoochoose1_64,popular,6200,wearec,DPSBR,0.01,0.2557515474614476
yoochoose1_64,popular,6200,wearec,Poisoning-SSL,0.01,0.5016458549500876
yoochoose1_64,popular,6200,wearec,TC-SACP-C,0.01,0.1667143726072489
yoochoose1_64,popular,6200,wearec,TC-SACP-G,0.01,0.2143726072489176
yoochoose1_64,popular,6996,freqrec,CREAT,0.01,0.1009517335146159
yoochoose1_64,popular,6996,freqrec,DPSBR,0.01,0.1637983469891588
yoochoose1_64,popular,6996,freqrec,Poisoning-SSL,0.01,0.1405417009553114
yoochoose1_64,popular,6996,freqrec,TC-SACP-C,0.01,0.1312927117249275
yoochoose1_64,popular,6996,freqrec,TC-SACP-G,0.01,0.1857669326272854
yoochoose1_64,popular,6996,mdhg,CREAT,0.01,0.1250134172957887
yoochoose1_64,popular,6996,mdhg,DPSBR,0.01,0.2031736376972342
yoochoose1_64,popular,6996,mdhg,Poisoning-SSL,0.01,0.1099144871015063
yoochoose1_64,popular,6996,mdhg,TC-SACP-C,0.01,0.1166768041790403
yoochoose1_64,popular,6996,mdhg,TC-SACP-G,0.01,0.195105370496261
yoochoose1_64,popular,6996,miasrec,CREAT,0.01,0.2733192600808615
yoochoose1_64,popular,6996,miasrec,DPSBR,0.01,0.4667787756270349
yoochoose1_64,popular,6996,miasrec,Poisoning-SSL,0.01,0.234355433110308
yoochoose1_64,popular,6996,miasrec,TC-SACP-C,0.01,0.3186697198468639
yoochoose1_64,popular,6996,miasrec,TC-SACP-G,0.01,0.4006404522523167
yoochoose1_64,popular,6996,srgnn,CREAT,0.01,0.2631221152814054
yoochoose1_64,popular,6996,srgnn,DPSBR,0.01,0.3627500089448638
yoochoose1_64,popular,6996,srgnn,Poisoning-SSL,0.01,0.2594905005545815
yoochoose1_64,popular,6996,srgnn,TC-SACP-C,0.01,0.444273498157358
yoochoose1_64,popular,6996,srgnn,TC-SACP-G,0.01,0.4058105835629181
yoochoose1_64,popular,6996,tron,CREAT,0.01,0.3963573131599233
yoochoose1_64,popular,6996,tron,DPSBR,0.01,0.3976480289693992
yoochoose1_64,popular,6996,tron,Poisoning-SSL,0.01,0.4461215782586092
yoochoose1_64,popular,6996,tron,TC-SACP-C,0.01,0.26977753078895
yoochoose1_64,popular,6996,tron,TC-SACP-G,0.01,0.7422870767079576
yoochoose1_64,popular,6996,wearec,CREAT,0.01,0.1568571326344413
yoochoose1_64,popular,6996,wearec,DPSBR,0.01,0.1951232602239793
yoochoose1_64,popular,6996,wearec,Poisoning-SSL,0.01,0.2294894271709184
yoochoose1_64,popular,6996,wearec,TC-SACP-C,0.01,0.2133171133135353
yoochoose1_64,popular,6996,wearec,TC-SACP-G,0.01,0.2455544026619915
yoochoose1_64,popular,7759,freqrec,CREAT,0.01,0.0978568106193423
yoochoose1_64,popular,7759,freqrec,DPSBR,0.01,0.1202905291781459
yoochoose1_64,popular,7759,freqrec,Poisoning-SSL,0.01,0.30120934559376
yoochoose1_64,popular,7759,freqrec,TC-SACP-C,0.01,0.1190561379655801
yoochoose1_64,popular,7759,freqrec,TC-SACP-G,0.01,0.1079645067802068
yoochoose1_64,popular,7759,mdhg,CREAT,0.01,0.1219006046727968
yoochoose1_64,popular,7759,mdhg,DPSBR,0.01,0.2138538051450857
yoochoose1_64,popular,7759,mdhg,Poisoning-SSL,0.01,0.2242835164048803
yoochoose1_64,popular,7759,mdhg,TC-SACP-C,0.01,0.1206125442770761
yoochoose1_64,popular,7759,mdhg,TC-SACP-G,0.01,0.1966975562631936
yoochoose1_64,popular,7759,miasrec,CREAT,0.01,0.2742137464667787
yoochoose1_64,popular,7759,miasrec,DPSBR,0.01,0.2550359583527138
yoochoose1_64,popular,7759,miasrec,Poisoning-SSL,0.01,0.3052703137858242
yoochoose1_64,popular,7759,miasrec,TC-SACP-C,0.01,0.3917850370317364
yoochoose1_64,popular,7759,miasrec,TC-SACP-G,0.01,0.3951661955705034
yoochoose1_64,popular,7759,srgnn,CREAT,0.01,0.264141829761351
yoochoose1_64,popular,7759,srgnn,DPSBR,0.01,0.3589037174854199
yoochoose1_64,popular,7759,srgnn,Poisoning-SSL,0.01,0.3608179183512827
yoochoose1_64,popular,7759,srgnn,TC-SACP-C,0.01,0.4152742495259222
yoochoose1_64,popular,7759,srgnn,TC-SACP-G,0.01,0.4098894414827006
yoochoose1_64,popular,7759,tron,CREAT,0.01,0.3673162074467131
yoochoose1_64,popular,7759,tron,DPSBR,0.01,0.4978039904630443
yoochoose1_64,popular,7759,tron,Poisoning-SSL,0.01,0.5760536364125272
yoochoose1_64,popular,7759,tron,TC-SACP-C,0.01,0.6718175788322607
yoochoose1_64,popular,7759,tron,TC-SACP-G,0.01,0.4889482458813617
yoochoose1_64,popular,7759,wearec,CREAT,0.01,0.1476797023149307
yoochoose1_64,popular,7759,wearec,DPSBR,0.01,0.1305592328884754
yoochoose1_64,popular,7759,wearec,Poisoning-SSL,0.01,0.3264875308597803
yoochoose1_64,popular,7759,wearec,TC-SACP-C,0.01,0.246985580879459
yoochoose1_64,popular,7759,wearec,TC-SACP-G,0.01,0.1606855343661669
yoochoose1_64,popular,10195,freqrec,CREAT,0.01,0.1060860853697806
yoochoose1_64,popular,10195,freqrec,DPSBR,0.01,0.0868367383448423
yoochoose1_64,popular,10195,freqrec,Poisoning-SSL,0.01,0.2664674943647357
yoochoose1_64,popular,10195,freqrec,TC-SACP-C,0.01,0.1118644674228058
yoochoose1_64,popular,10195,freqrec,TC-SACP-G,0.01,0.1334931482342838
yoochoose1_64,popular,10195,mdhg,CREAT,0.01,0.1303445561558553
yoochoose1_64,popular,10195,mdhg,DPSBR,0.01,0.2176285376936563
yoochoose1_64,popular,10195,mdhg,Poisoning-SSL,0.01,0.1874843464882464
yoochoose1_64,popular,10195,mdhg,TC-SACP-C,0.01,0.1241010411821532
yoochoose1_64,popular,10195,mdhg,TC-SACP-G,0.01,0.2003828401731725
yoochoose1_64,popular,10195,miasrec,CREAT,0.01,0.2720133099574224
yoochoose1_64,popular,10195,miasrec,DPSBR,0.01,0.3237861819743103
yoochoose1_64,popular,10195,miasrec,Poisoning-SSL,0.01,0.3171848724462414
yoochoose1_64,popular,10195,miasrec,TC-SACP-C,0.01,0.4703925006261404
yoochoose1_64,popular,10195,miasrec,TC-SACP-G,0.01,0.4814841318115138
yoochoose1_64,popular,10195,srgnn,CREAT,0.01,0.2593652724605531
yoochoose1_64,popular,10195,srgnn,DPSBR,0.01,0.3704783713191885
yoochoose1_64,popular,10195,srgnn,Poisoning-SSL,0.01,0.3401195033811585
yoochoose1_64,popular,10195,srgnn,TC-SACP-C,0.01,0.4587462878814984
yoochoose1_64,popular,10195,srgnn,TC-SACP-G,0.01,0.4192457690793946
yoochoose1_64,popular,10195,tron,CREAT,0.01,0.4286252083968234
yoochoose1_64,popular,10195,tron,DPSBR,0.01,0.5789218937669183
yoochoose1_64,popular,10195,tron,Poisoning-SSL,0.01,0.4926232006166753
yoochoose1_64,popular,10195,tron,TC-SACP-C,0.01,0.4025419930803291
yoochoose1_64,popular,10195,tron,TC-SACP-G,0.01,0.7325887815284227
yoochoose1_64,popular,10195,wearec,CREAT,0.01,0.2378439300153851
yoochoose1_64,popular,10195,wearec,DPSBR,0.01,0.2123331782890264
yoochoose1_64,popular,10195,wearec,Poisoning-SSL,0.01,0.3312640881605782
yoochoose1_64,popular,10195,wearec,TC-SACP-C,0.01,0.2283623743246627
yoochoose1_64,popular,10195,wearec,TC-SACP-G,0.01,0.2714587283981537
yoochoose1_64,popular,33407,freqrec,CREAT,0.01,0.1045117893305663
yoochoose1_64,popular,33407,freqrec,DPSBR,0.01,0.0956384843822677
yoochoose1_64,popular,33407,freqrec,Poisoning-SSL,0.01,0.3245912197216358
yoochoose1_64,popular,33407,freqrec,TC-SACP-C,0.01,0.1130809689076532
yoochoose1_64,popular,33407,freqrec,TC-SACP-G,0.01,0.1229382088804608
yoochoose1_64,popular,33407,mdhg,CREAT,0.01,0.9997495438119433
yoochoose1_64,popular,33407,mdhg,DPSBR,0.01,0.2081112025474972
yoochoose1_64,popular,33407,mdhg,Poisoning-SSL,0.01,0.9940963898529463
yoochoose1_64,popular,33407,mdhg,TC-SACP-C,0.01,0.1266771619735947
yoochoose1_64,popular,33407,mdhg,TC-SACP-G,0.01,0.9998032129950982
yoochoose1_64,popular,33407,miasrec,CREAT,0.01,0.2943039106944792
yoochoose1_64,popular,33407,miasrec,DPSBR,0.01,0.4328598518730545
yoochoose1_64,popular,33407,miasrec,Poisoning-SSL,0.01,0.3519803928584207
yoochoose1_64,popular,33407,miasrec,TC-SACP-C,0.01,0.2829439335933307
yoochoose1_64,popular,33407,miasrec,TC-SACP-G,0.01,0.4084224838097964
yoochoose1_64,popular,33407,srgnn,CREAT,0.01,0.2625675337221367
yoochoose1_64,popular,33407,srgnn,DPSBR,0.01,0.3623743246627786
yoochoose1_64,popular,33407,srgnn,Poisoning-SSL,0.01,0.4125013417295788
yoochoose1_64,popular,33407,srgnn,TC-SACP-C,0.01,0.435382303481341
yoochoose1_64,popular,33407,srgnn,TC-SACP-G,0.01,0.4304089591756413
yoochoose1_64,popular,33407,tron,CREAT,0.01,0.6010074753957299
yoochoose1_64,popular,33407,tron,DPSBR,0.01,0.4178513167093917
yoochoose1_64,popular,33407,tron,Poisoning-SSL,0.01,0.4319237043543732
yoochoose1_64,popular,33407,tron,TC-SACP-C,0.01,0.4245379416668161
yoochoose1_64,popular,33407,tron,TC-SACP-G,0.01,0.766416291701773
yoochoose1_64,popular,33407,wearec,CREAT,0.01,0.1603992987226734
yoochoose1_64,popular,33407,wearec,DPSBR,0.01,0.2065547962360013
yoochoose1_64,popular,33407,wearec,Poisoning-SSL,0.01,0.3852016172313857
yoochoose1_64,popular,33407,wearec,TC-SACP-C,0.01,0.2118680453683495
yoochoose1_64,popular,33407,wearec,TC-SACP-G,0.01,0.156946581273033
yoochoose1_64,popular,33497,freqrec,CREAT,0.01,0.1288597087552327
yoochoose1_64,popular,33497,freqrec,DPSBR,0.01,0.1051379298007084
yoochoose1_64,popular,33497,freqrec,Poisoning-SSL,0.01,0.1781816880747075
yoochoose1_64,popular,33497,freqrec,TC-SACP-C,0.01,0.1031163905685355
yoochoose1_64,popular,33497,freqrec,TC-SACP-G,0.01,0.1571433682779348
yoochoose1_64,popular,33497,mdhg,CREAT,0.01,0.1317041754624494
yoochoose1_64,popular,33497,mdhg,DPSBR,0.01,0.211689148091166
yoochoose1_64,popular,33497,mdhg,Poisoning-SSL,0.01,0.1615084618412108
yoochoose1_64,popular,33497,mdhg,TC-SACP-C,0.01,0.147071451572507
yoochoose1_64,popular,33497,mdhg,TC-SACP-G,0.01,0.2067873626963397
yoochoose1_64,popular,33497,miasrec,CREAT,0.01,0.2871837990625783
yoochoose1_64,popular,33497,miasrec,DPSBR,0.01,0.3482414397652867
yoochoose1_64,popular,33497,miasrec,Poisoning-SSL,0.01,0.2502772907796343
yoochoose1_64,popular,33497,miasrec,TC-SACP-C,0.01,0.4053991198253963
yoochoose1_64,popular,33497,miasrec,TC-SACP-G,0.01,0.3789581022576836
yoochoose1_64,popular,33497,srgnn,CREAT,0.01,0.2558409961000393
yoochoose1_64,popular,33497,srgnn,DPSBR,0.01,0.3673118895130416
yoochoose1_64,popular,33497,srgnn,Poisoning-SSL,0.01,0.354806969837919
yoochoose1_64,popular,33497,srgnn,TC-SACP-C,0.01,0.4141829761351032
yoochoose1_64,popular,33497,srgnn,TC-SACP-G,0.01,0.3983863465598053
yoochoose1_64,popular,33497,tron,CREAT,0.01,0.4973378986429557
yoochoose1_64,popular,33497,tron,DPSBR,0.01,0.69146514170984
yoochoose1_64,popular,33497,tron,Poisoning-SSL,0.01,0.5054227990606457
yoochoose1_64,popular,33497,tron,TC-SACP-C,0.01,0.280766541777961
yoochoose1_64,popular,33497,tron,TC-SACP-G,0.01,0.7743936324686732
yoochoose1_64,popular,33497,wearec,CREAT,0.01,0.1459980679094064
yoochoose1_64,popular,33497,wearec,DPSBR,0.01,0.2297577730866936
yoochoose1_64,popular,33497,wearec,Poisoning-SSL,0.01,0.2288811764284947
yoochoose1_64,popular,33497,wearec,TC-SACP-C,0.01,0.0992343196536548
yoochoose1_64,popular,33497,wearec,TC-SACP-G,0.01,0.1915095352248738
yoochoose1_64,popular,33916,freqrec,CREAT,0.01,0.1185373358617481
yoochoose1_64,popular,33916,freqrec,DPSBR,0.01,0.1005581595048123
yoochoose1_64,popular,33916,freqrec,Poisoning-SSL,0.01,0.1193244838813553
yoochoose1_64,popular,33916,freqrec,TC-SACP-C,0.01,0.1027585960141686
yoochoose1_64,popular,33916,freqrec,TC-SACP-G,0.01,0.1173029446491824
yoochoose1_64,popular,33916,mdhg,CREAT,0.01,0.1280546710079072
yoochoose1_64,popular,33916,mdhg,DPSBR,0.01,0.2058034276718308
yoochoose1_64,popular,33916,mdhg,Poisoning-SSL,0.01,0.0825968728755948
yoochoose1_64,popular,33916,mdhg,TC-SACP-C,0.01,0.1406132598661848
yoochoose1_64,popular,33916,mdhg,TC-SACP-G,0.01,0.178521592901356
yoochoose1_64,popular,33916,miasrec,CREAT,0.01,0.2753944684961895
yoochoose1_64,popular,33916,miasrec,DPSBR,0.01,0.2999391749257576
yoochoose1_64,popular,33916,miasrec,Poisoning-SSL,0.01,0.2984901069805717
yoochoose1_64,popular,33916,miasrec,TC-SACP-C,0.01,0.4432716734051308
yoochoose1_64,popular,33916,miasrec,TC-SACP-G,0.01,0.3786718666141901
yoochoose1_64,popular,33916,srgnn,CREAT,0.01,0.2542488103331067
yoochoose1_64,popular,33916,srgnn,DPSBR,0.01,0.3338938781351748
yoochoose1_64,popular,33916,srgnn,Poisoning-SSL,0.01,0.32044080289098
yoochoose1_64,popular,33916,srgnn,TC-SACP-C,0.01,0.4329850799670829
yoochoose1_64,popular,33916,srgnn,TC-SACP-G,0.01,0.3947368421052631
yoochoose1_64,popular,33916,tron,CREAT,0.01,0.6314827097861355
yoochoose1_64,popular,33916,tron,DPSBR,0.01,0.4270835200688381
yoochoose1_64,popular,33916,tron,Poisoning-SSL,0.01,0.4744814728501514
yoochoose1_64,popular,33916,tron,TC-SACP-C,0.01,0.1803775343742717
yoochoose1_64,popular,33916,tron,TC-SACP-G,0.01,0.4634566086442106
yoochoose1_64,popular,33916,wearec,CREAT,0.01,0.1212923539303731
yoochoose1_64,popular,33916,wearec,DPSBR,0.01,0.2367526566245661
yoochoose1_64,popular,33916,wearec,Poisoning-SSL,0.01,0.2200973201187878
yoochoose1_64,popular,33916,wearec,TC-SACP-C,0.01,0.1791119539160613
yoochoose1_64,popular,33916,wearec,TC-SACP-G,0.01,0.2075924004436652
yoochoose1_64,unpopular,1440,freqrec,CREAT,0.01,0.1107195248488318
yoochoose1_64,unpopular,1440,freqrec,DPSBR,0.01,0.1481806146910444
yoochoose1_64,unpopular,1440,freqrec,Poisoning-SSL,0.01,0.0967118680453683
yoochoose1_64,unpopular,1440,freqrec,TC-SACP-C,0.01,0.1704533257003828
yoochoose1_64,unpopular,1440,freqrec,TC-SACP-G,0.01,0.13537156964471
yoochoose1_64,unpopular,1440,mdhg,CREAT,0.01,0.9998568821782532
yoochoose1_64,unpopular,1440,mdhg,DPSBR,0.01,0.2148198504418762
yoochoose1_64,unpopular,1440,mdhg,Poisoning-SSL,0.01,0.9896776271065154
yoochoose1_64,unpopular,1440,mdhg,TC-SACP-C,0.01,0.7797416723317471
yoochoose1_64,unpopular,1440,mdhg,TC-SACP-G,0.01,0.9972807613868117
yoochoose1_64,unpopular,1440,miasrec,CREAT,0.01,0.2649110880532398
yoochoose1_64,unpopular,1440,miasrec,DPSBR,0.01,0.4240044366524741
yoochoose1_64,unpopular,1440,miasrec,Poisoning-SSL,0.01,0.2495974811263372
yoochoose1_64,unpopular,1440,miasrec,TC-SACP-C,0.01,0.3989588178467924
yoochoose1_64,unpopular,1440,miasrec,TC-SACP-G,0.01,0.4515903967941608
yoochoose1_64,unpopular,1440,srgnn,CREAT,0.01,0.2600629718415685
yoochoose1_64,unpopular,1440,srgnn,DPSBR,0.01,0.3523918565959426
yoochoose1_64,unpopular,1440,srgnn,Poisoning-SSL,0.01,0.2492039071165336
yoochoose1_64,unpopular,1440,srgnn,TC-SACP-C,0.01,0.4544348635013775
yoochoose1_64,unpopular,1440,srgnn,TC-SACP-G,0.01,0.4232888475437404
yoochoose1_64,unpopular,1440,tron,CREAT,0.01,0.6993169962174857
yoochoose1_64,unpopular,1440,tron,DPSBR,0.01,0.522453077102343
yoochoose1_64,unpopular,1440,tron,Poisoning-SSL,0.01,0.2579818224190165
yoochoose1_64,unpopular,1440,tron,TC-SACP-C,0.01,0.3122815194593334
yoochoose1_64,unpopular,1440,tron,TC-SACP-G,0.01,0.7438108384274779
yoochoose1_64,unpopular,1440,wearec,CREAT,0.01,0.1936920820065118
yoochoose1_64,unpopular,1440,wearec,DPSBR,0.01,0.1761601488425346
yoochoose1_64,unpopular,1440,wearec,Poisoning-SSL,0.01,0.1533865254570825
yoochoose1_64,unpopular,1440,wearec,TC-SACP-C,0.01,0.1292711724927546
yoochoose1_64,unpopular,1440,wearec,TC-SACP-G,0.01,0.2856095030233639
yoochoose1_64,unpopular,4092,freqrec,CREAT,0.01,0.1139396758381337
yoochoose1_64,unpopular,4092,freqrec,DPSBR,0.01,0.1158538767039965
yoochoose1_64,unpopular,4092,freqrec,Poisoning-SSL,0.01,0.1266056030627214
yoochoose1_64,unpopular,4092,freqrec,TC-SACP-C,0.01,0.085101434756163
yoochoose1_64,unpopular,4092,freqrec,TC-SACP-G,0.01,0.0949228952735339
yoochoose1_64,unpopular,4092,mdhg,CREAT,0.01,0.1324734337543382
yoochoose1_64,unpopular,4092,mdhg,DPSBR,0.01,0.2025653869548105
yoochoose1_64,unpopular,4092,mdhg,Poisoning-SSL,0.01,0.9999463308168448
yoochoose1_64,unpopular,4092,mdhg,TC-SACP-C,0.01,0.1461948549143082
yoochoose1_64,unpopular,4092,mdhg,TC-SACP-G,0.01,0.169165265304662
yoochoose1_64,unpopular,4092,miasrec,CREAT,0.01,0.2507066442448746
yoochoose1_64,unpopular,4092,miasrec,DPSBR,0.01,0.3421947117964865
yoochoose1_64,unpopular,4092,miasrec,Poisoning-SSL,0.01,0.1145479265805574
yoochoose1_64,unpopular,4092,miasrec,TC-SACP-C,0.01,0.4226269276181617
yoochoose1_64,unpopular,4092,miasrec,TC-SACP-G,0.01,0.5023614440588214
yoochoose1_64,unpopular,4092,srgnn,CREAT,0.01,0.2592758238219614
yoochoose1_64,unpopular,4092,srgnn,DPSBR,0.01,0.3525886436008444
yoochoose1_64,unpopular,4092,srgnn,Poisoning-SSL,0.01,0.2271995420229704
yoochoose1_64,unpopular,4092,srgnn,TC-SACP-C,0.01,0.4416258184550431
yoochoose1_64,unpopular,4092,srgnn,TC-SACP-G,0.01,0.3647715481770367
yoochoose1_64,unpopular,4092,tron,CREAT,0.01,0.3821952924726171
yoochoose1_64,unpopular,4092,tron,DPSBR,0.01,0.4930713658282989
yoochoose1_64,unpopular,4092,tron,Poisoning-SSL,0.01,0.5044726888120037
yoochoose1_64,unpopular,4092,tron,TC-SACP-C,0.01,0.1868311134216517
yoochoose1_64,unpopular,4092,tron,TC-SACP-G,0.01,0.7093738235663195
yoochoose1_64,unpopular,4092,wearec,CREAT,0.01,0.1287523703889226
yoochoose1_64,unpopular,4092,wearec,DPSBR,0.01,0.2124762961107732
yoochoose1_64,unpopular,4092,wearec,Poisoning-SSL,0.01,0.1544956885756198
yoochoose1_64,unpopular,4092,wearec,TC-SACP-C,0.01,0.2257325843500661
yoochoose1_64,unpopular,4092,wearec,TC-SACP-G,0.01,0.2340691974668145
yoochoose1_64,unpopular,8637,freqrec,CREAT,0.01,0.105638842176822
yoochoose1_64,unpopular,8637,freqrec,DPSBR,0.01,0.1408994955096783
yoochoose1_64,unpopular,8637,freqrec,Poisoning-SSL,0.01,0.0412894915739382
yoochoose1_64,unpopular,8637,freqrec,TC-SACP-C,0.01,0.0806290028265769
yoochoose1_64,unpopular,8637,freqrec,TC-SACP-G,0.01,0.1400765680346345
yoochoose1_64,unpopular,8637,mdhg,CREAT,0.01,0.1389137357329421
yoochoose1_64,unpopular,8637,mdhg,DPSBR,0.01,0.2064832373251279
yoochoose1_64,unpopular,8637,mdhg,Poisoning-SSL,0.01,0.9986046012379692
yoochoose1_64,unpopular,8637,mdhg,TC-SACP-C,0.01,0.1323303159325915
yoochoose1_64,unpopular,8637,mdhg,TC-SACP-G,0.01,0.1820637589895881
yoochoose1_64,unpopular,8637,miasrec,CREAT,0.01,0.2644459551325628
yoochoose1_64,unpopular,8637,miasrec,DPSBR,0.01,0.1648180614691044
yoochoose1_64,unpopular,8637,miasrec,Poisoning-SSL,0.01,0.1283587963791191
yoochoose1_64,unpopular,8637,miasrec,TC-SACP-C,0.01,0.3518730544921106
yoochoose1_64,unpopular,8637,miasrec,TC-SACP-G,0.01,0.2087910122007943
yoochoose1_64,unpopular,8637,srgnn,CREAT,0.01,0.2611721349601059
yoochoose1_64,unpopular,8637,srgnn,DPSBR,0.01,0.3607642491681276
yoochoose1_64,unpopular,8637,srgnn,Poisoning-SSL,0.01,0.1423127839994275
yoochoose1_64,unpopular,8637,srgnn,TC-SACP-C,0.01,0.4621453361479838
yoochoose1_64,unpopular,8637,srgnn,TC-SACP-G,0.01,0.408869727002755
yoochoose1_64,unpopular,8637,tron,CREAT,0.01,0.3719233458222039
yoochoose1_64,unpopular,8637,tron,DPSBR,0.01,0.3434917447968019
yoochoose1_64,unpopular,8637,tron,Poisoning-SSL,0.01,0.1852714984852015
yoochoose1_64,unpopular,8637,tron,TC-SACP-C,0.01,0.3402649552731119
yoochoose1_64,unpopular,8637,tron,TC-SACP-G,0.01,0.435849631608196
yoochoose1_64,unpopular,8637,wearec,CREAT,0.01,0.1921177859672976
yoochoose1_64,unpopular,8637,wearec,DPSBR,0.01,0.2540162438727683
yoochoose1_64,unpopular,8637,wearec,Poisoning-SSL,0.01,0.0590003220150989
yoochoose1_64,unpopular,8637,wearec,TC-SACP-C,0.01,0.1565172278077927
yoochoose1_64,unpopular,8637,wearec,TC-SACP-G,0.01,0.2942502415113242
yoochoose1_64,unpopular,8829,freqrec,CREAT,0.01,0.1025260295538302
yoochoose1_64,unpopular,8829,freqrec,DPSBR,0.01,0.1457655014490679
yoochoose1_64,unpopular,8829,freqrec,Poisoning-SSL,0.01,0.0773909621095566
yoochoose1_64,unpopular,8829,freqrec,TC-SACP-C,0.01,0.1336541557837489
yoochoose1_64,unpopular,8829,freqrec,TC-SACP-G,0.01,0.1484847400622562
yoochoose1_64,unpopular,8829,mdhg,CREAT,0.01,0.1430820422913163
yoochoose1_64,unpopular,8829,mdhg,DPSBR,0.01,0.2191491645497155
yoochoose1_64,unpopular,8829,mdhg,Poisoning-SSL,0.01,0.0383197967726931
yoochoose1_64,unpopular,8829,mdhg,TC-SACP-C,0.01,0.1037783104941142
yoochoose1_64,unpopular,8829,mdhg,TC-SACP-G,0.01,0.1582525313964721
yoochoose1_64,unpopular,8829,miasrec,CREAT,0.01,0.2740885183727504
yoochoose1_64,unpopular,8829,miasrec,DPSBR,0.01,0.3572936419907689
yoochoose1_64,unpopular,8829,miasrec,Poisoning-SSL,0.01,0.061451214712512
yoochoose1_64,unpopular,8829,miasrec,TC-SACP-C,0.01,0.513882428709435
yoochoose1_64,unpopular,8829,miasrec,TC-SACP-G,0.01,0.4664388708003864
yoochoose1_64,unpopular,8829,srgnn,CREAT,0.01,0.2615657089699095
yoochoose1_64,unpopular,8829,srgnn,DPSBR,0.01,0.3787613152527818
yoochoose1_64,unpopular,8829,srgnn,Poisoning-SSL,0.01,0.1193781530645103
yoochoose1_64,unpopular,8829,srgnn,TC-SACP-C,0.01,0.4384414469211778
yoochoose1_64,unpopular,8829,srgnn,TC-SACP-G,0.01,0.4003363268811049
yoochoose1_64,unpopular,8829,tron,CREAT,0.01,0.4806123729451625
yoochoose1_64,unpopular,8829,tron,DPSBR,0.01,0.4356882921320115
yoochoose1_64,unpopular,8829,tron,Poisoning-SSL,0.01,0.3077819407346324
yoochoose1_64,unpopular,8829,tron,TC-SACP-C,0.01,0.2715164118100496
yoochoose1_64,unpopular,8829,tron,TC-SACP-G,0.01,0.4548518365810372
yoochoose1_64,unpopular,8829,wearec,CREAT,0.01,0.1988443235893949
yoochoose1_64,unpopular,8829,wearec,DPSBR,0.01,0.2011520984650613
yoochoose1_64,unpopular,8829,wearec,Poisoning-SSL,0.01,0.1333142509571004
yoochoose1_64,unpopular,8829,wearec,TC-SACP-C,0.01,0.2099538445024866
yoochoose1_64,unpopular,8829,wearec,TC-SACP-G,0.01,0.257379512683817
yoochoose1_64,unpopular,14514,freqrec,CREAT,0.01,0.1439049697663601
yoochoose1_64,unpopular,14514,freqrec,DPSBR,0.01,0.1405238112275931
yoochoose1_64,unpopular,14514,freqrec,Poisoning-SSL,0.01,0.0568714444166159
yoochoose1_64,unpopular,14514,freqrec,TC-SACP-C,0.01,0.1311495939031808
yoochoose1_64,unpopular,14514,freqrec,TC-SACP-G,0.01,0.1466599878349851
yoochoose1_64,unpopular,14514,mdhg,CREAT,0.01,0.1062649826469641
yoochoose1_64,unpopular,14514,mdhg,DPSBR,0.01,0.9751332784715016
yoochoose1_64,unpopular,14514,mdhg,Poisoning-SSL,0.01,0.9966009517335146
yoochoose1_64,unpopular,14514,mdhg,TC-SACP-C,0.01,0.8504239865469247
yoochoose1_64,unpopular,14514,mdhg,TC-SACP-G,0.01,0.9995706465347596
yoochoose1_64,unpopular,14514,miasrec,CREAT,0.01,0.2598125156535117
yoochoose1_64,unpopular,14514,miasrec,DPSBR,0.01,0.3151633332140685
yoochoose1_64,unpopular,14514,miasrec,Poisoning-SSL,0.01,0.0821496296826362
yoochoose1_64,unpopular,14514,miasrec,TC-SACP-C,0.01,0.3915345808436795
yoochoose1_64,unpopular,14514,miasrec,TC-SACP-G,0.01,0.3712476296110773
yoochoose1_64,unpopular,14514,srgnn,CREAT,0.01,0.2661096998103688
yoochoose1_64,unpopular,14514,srgnn,DPSBR,0.01,0.3658807112955741
yoochoose1_64,unpopular,14514,srgnn,Poisoning-SSL,0.01,0.1091452288096175
yoochoose1_64,unpopular,14514,srgnn,TC-SACP-C,0.01,0.4443629467959498
yoochoose1_64,unpopular,14514,srgnn,TC-SACP-G,0.01,0.4135747253926795
yoochoose1_64,unpopular,14514,tron,CREAT,0.01,0.5740996360898482
yoochoose1_64,unpopular,14514,tron,DPSBR,0.01,0.4017711489163365
yoochoose1_64,unpopular,14514,tron,Poisoning-SSL,0.01,0.2548446659376512
yoochoose1_64,unpopular,14514,tron,TC-SACP-C,0.01,0.2037896850294892
yoochoose1_64,unpopular,14514,tron,TC-SACP-G,0.01,0.4989154401878709
yoochoose1_64,unpopular,14514,wearec,CREAT,0.01,0.1729757773086693
yoochoose1_64,unpopular,14514,wearec,DPSBR,0.01,0.213299223585817
yoochoose1_64,unpopular,14514,wearec,Poisoning-SSL,0.01,0.0929192457690794
yoochoose1_64,unpopular,14514,wearec,TC-SACP-C,0.01,0.2243550753157537
yoochoose1_64,unpopular,14514,wearec,TC-SACP-G,0.01,0.1845862105978747
yoochoose1_64,unpopular,16571,freqrec,CREAT,0.01,0.130952806898279
yoochoose1_64,unpopular,16571,freqrec,DPSBR,0.01,0.085727575226305
yoochoose1_64,unpopular,16571,freqrec,Poisoning-SSL,0.01,0.0568356649611792
yoochoose1_64,unpopular,16571,freqrec,TC-SACP-C,0.01,0.127106515438835
yoochoose1_64,unpopular,16571,freqrec,TC-SACP-G,0.01,0.0825789831478764
yoochoose1_64,unpopular,16571,mdhg,CREAT,0.01,0.9922179684425204
yoochoose1_64,unpopular,16571,mdhg,DPSBR,0.01,0.2091666964828795
yoochoose1_64,unpopular,16571,mdhg,Poisoning-SSL,0.01,0.0105728290815413
yoochoose1_64,unpopular,16571,mdhg,TC-SACP-C,0.01,0.1179648645747611
yoochoose1_64,unpopular,16571,mdhg,TC-SACP-G,0.01,1
yoochoose1_64,unpopular,16571,miasrec,CREAT,0.01,0.2759490500554581
yoochoose1_64,unpopular,16571,miasrec,DPSBR,0.01,0.219954202297041
yoochoose1_64,unpopular,16571,miasrec,Poisoning-SSL,0.01,0.2204014454899996
yoochoose1_64,unpopular,16571,miasrec,TC-SACP-C,0.01,0.3563097069662599
yoochoose1_64,unpopular,16571,miasrec,TC-SACP-G,0.01,0.3936634584421625
yoochoose1_64,unpopular,16571,srgnn,CREAT,0.01,0.2636766968406741
yoochoose1_64,unpopular,16571,srgnn,DPSBR,0.01,0.3432323160041504
yoochoose1_64,unpopular,16571,srgnn,Poisoning-SSL,0.01,0.1104332892053382
yoochoose1_64,unpopular,16571,srgnn,TC-SACP-C,0.01,0.4778525170846899
yoochoose1_64,unpopular,16571,srgnn,TC-SACP-G,0.01,0.4210168521235107
yoochoose1_64,unpopular,16571,tron,CREAT,0.01,0.3944033128372443
yoochoose1_64,unpopular,16571,tron,DPSBR,0.01,0.4216517577039599
yoochoose1_64,unpopular,16571,tron,Poisoning-SSL,0.01,0.253966262122869
yoochoose1_64,unpopular,16571,tron,TC-SACP-C,0.01,0.2802466701324776
yoochoose1_64,unpopular,16571,tron,TC-SACP-G,0.01,0.6643959629277737
yoochoose1_64,unpopular,16571,wearec,CREAT,0.01,0.1731904540412895
yoochoose1_64,unpopular,16571,wearec,DPSBR,0.01,0.248649325557265
yoochoose1_64,unpopular,16571,wearec,Poisoning-SSL,0.01,0.0635085334001216
yoochoose1_64,unpopular,16571,wearec,TC-SACP-C,0.01,0.2466814555082471
yoochoose1_64,unpopular,16571,wearec,TC-SACP-G,0.01,0.2378797094708218
yoochoose1_64,unpopular,17290,freqrec,CREAT,0.01,0.0881605781959998
yoochoose1_64,unpopular,17290,freqrec,DPSBR,0.01,0.1643708182761458
yoochoose1_64,unpopular,17290,freqrec,Poisoning-SSL,0.01,0.2214927188808186
yoochoose1_64,unpopular,17290,freqrec,TC-SACP-C,0.01,0.1002003649504454
yoochoose1_64,unpopular,17290,freqrec,TC-SACP-G,0.01,0.1157644280654048
yoochoose1_64,unpopular,17290,mdhg,CREAT,0.01,0.1379834698915882
yoochoose1_64,unpopular,17290,mdhg,DPSBR,0.01,0.203996565172278
yoochoose1_64,unpopular,17290,mdhg,Poisoning-SSL,0.01,0.1348348778131596
yoochoose1_64,unpopular,17290,mdhg,TC-SACP-C,0.01,0.1438691903109234
yoochoose1_64,unpopular,17290,mdhg,TC-SACP-G,0.01,0.200615406633511
yoochoose1_64,unpopular,17290,miasrec,CREAT,0.01,0.2743568642885255
yoochoose1_64,unpopular,17290,miasrec,DPSBR,0.01,0.370818276145837
yoochoose1_64,unpopular,17290,miasrec,Poisoning-SSL,0.01,0.2244981931375004
yoochoose1_64,unpopular,17290,miasrec,TC-SACP-C,0.01,0.2948763819814662
yoochoose1_64,unpopular,17290,miasrec,TC-SACP-G,0.01,0.2585602347132276
yoochoose1_64,unpopular,17290,srgnn,CREAT,0.01,0.265286772335325
yoochoose1_64,unpopular,17290,srgnn,DPSBR,0.01,0.3454864216966617
yoochoose1_64,unpopular,17290,srgnn,Poisoning-SSL,0.01,0.2643207270385345
yoochoose1_64,unpopular,17290,srgnn,TC-SACP-C,0.01,0.4393001538516584
yoochoose1_64,unpopular,17290,srgnn,TC-SACP-G,0.01,0.4000858706930481
yoochoose1_64,unpopular,17290,tron,CREAT,0.01,0.3376655970456949
yoochoose1_64,unpopular,17290,tron,DPSBR,0.01,0.3216212824695695
yoochoose1_64,unpopular,17290,tron,Poisoning-SSL,0.01,0.4020938278687055
yoochoose1_64,unpopular,17290,tron,TC-SACP-C,0.01,0.3896706882024989
yoochoose1_64,unpopular,17290,tron,TC-SACP-G,0.01,0.5479088611225642
yoochoose1_64,unpopular,17290,wearec,CREAT,0.01,0.1355146874664567
yoochoose1_64,unpopular,17290,wearec,DPSBR,0.01,0.2154281011842999
yoochoose1_64,unpopular,17290,wearec,Poisoning-SSL,0.01,0.3728398153780099
yoochoose1_64,unpopular,17290,wearec,TC-SACP-C,0.01,0.2210096962324233
yoochoose1_64,unpopular,17290,wearec,TC-SACP-G,0.01,0.1120075852445525
yoochoose1_64,unpopular,32070,freqrec,CREAT,0.01,0.0900568893341443
yoochoose1_64,unpopular,32070,freqrec,DPSBR,0.01,0.1379655801638699
yoochoose1_64,unpopular,32070,freqrec,Poisoning-SSL,0.01,0.0253497441768936
yoochoose1_64,unpopular,32070,freqrec,TC-SACP-C,0.01,0.1303087767004186
yoochoose1_64,unpopular,32070,freqrec,TC-SACP-G,0.01,0.1515081040466564
yoochoose1_64,unpopular,32070,mdhg,CREAT,0.01,0.999177072524956
yoochoose1_64,unpopular,32070,mdhg,DPSBR,0.01,0.9996779849010698
yoochoose1_64,unpopular,32070,mdhg,Poisoning-SSL,0.01,0.9980857991341372
yoochoose1_64,unpopular,32070,mdhg,TC-SACP-C,0.01,0.6529035028086873
yoochoose1_64,unpopular,32070,mdhg,TC-SACP-G,0.01,0.9988729471537444
yoochoose1_64,unpopular,32070,miasrec,CREAT,0.01,0.2742137464667787
yoochoose1_64,unpopular,32070,miasrec,DPSBR,0.01,0.4409638985294644
yoochoose1_64,unpopular,32070,miasrec,Poisoning-SSL,0.01,0.0758882249812157
yoochoose1_64,unpopular,32070,miasrec,TC-SACP-C,0.01,0.3628752370388923
yoochoose1_64,unpopular,32070,miasrec,TC-SACP-G,0.01,0.4422519589251851
yoochoose1_64,unpopular,32070,srgnn,CREAT,0.01,0.2646427421374647
yoochoose1_64,unpopular,32070,srgnn,DPSBR,0.01,0.3701742459479766
yoochoose1_64,unpopular,32070,srgnn,Poisoning-SSL,0.01,0.051987548749508
yoochoose1_64,unpopular,32070,srgnn,TC-SACP-C,0.01,0.4351676267487209
yoochoose1_64,unpopular,32070,srgnn,TC-SACP-G,0.01,0.3990124870299474
yoochoose1_64,unpopular,32070,tron,CREAT,0.01,0.4923722280981661
yoochoose1_64,unpopular,32070,tron,DPSBR,0.01,0.4337522184177975
yoochoose1_64,unpopular,32070,tron,Poisoning-SSL,0.01,0.4296828782962551
yoochoose1_64,unpopular,32070,tron,TC-SACP-C,0.01,0.2021583636591793
yoochoose1_64,unpopular,32070,tron,TC-SACP-G,0.01,0.729881863650216
yoochoose1_64,unpopular,32070,wearec,CREAT,0.01,0.1448710150631507
yoochoose1_64,unpopular,32070,wearec,DPSBR,0.01,0.2346595584815199
yoochoose1_64,unpopular,32070,wearec,Poisoning-SSL,0.01,0.0264052381122759
yoochoose1_64,unpopular,32070,wearec,TC-SACP-C,0.01,0.1822605459944899
yoochoose1_64,unpopular,32070,wearec,TC-SACP-G,0.01,0.1960535260653332
yoochoose1_64,unpopular,33739,freqrec,CREAT,0.01,0.0999141293069519
yoochoose1_64,unpopular,33739,freqrec,DPSBR,0.01,0.115513971877348
yoochoose1_64,unpopular,33739,freqrec,Poisoning-SSL,0.01,0.0001431178217467
yoochoose1_64,unpopular,33739,freqrec,TC-SACP-C,0.01,0.1136176607392035
yoochoose1_64,unpopular,33739,freqrec,TC-SACP-G,0.01,0.1262120290529178
yoochoose1_64,unpopular,33739,mdhg,CREAT,0.01,0.1289133779383877
yoochoose1_64,unpopular,33739,mdhg,DPSBR,0.01,0.200669075816666
yoochoose1_64,unpopular,33739,mdhg,Poisoning-SSL,0.01,0.0027192386131883
yoochoose1_64,unpopular,33739,mdhg,TC-SACP-C,0.01,0.1396651042971126
yoochoose1_64,unpopular,33739,mdhg,TC-SACP-G,0.01,0.2069125907903681
yoochoose1_64,unpopular,33739,miasrec,CREAT,0.01,0.2749293355755125
yoochoose1_64,unpopular,33739,miasrec,DPSBR,0.01,0.3127661096998104
yoochoose1_64,unpopular,33739,miasrec,Poisoning-SSL,0.01,0.00003577945543668825
yoochoose1_64,unpopular,33739,miasrec,TC-SACP-C,0.01,0.426079645067802
yoochoose1_64,unpopular,33739,miasrec,TC-SACP-G,0.01,0.3892983648788865
yoochoose1_64,unpopular,33739,srgnn,CREAT,0.01,0.2561987906544062
yoochoose1_64,unpopular,33739,srgnn,DPSBR,0.01,0.4054348992808329
yoochoose1_64,unpopular,33739,srgnn,Poisoning-SSL,0.01,0.0004472431929586
yoochoose1_64,unpopular,33739,srgnn,TC-SACP-C,0.01,0.4332355361551397
yoochoose1_64,unpopular,33739,srgnn,TC-SACP-G,0.01,0.4056853554688898
yoochoose1_64,unpopular,33739,tron,CREAT,0.01,0.4852195113206532
yoochoose1_64,unpopular,33739,tron,DPSBR,0.01,0.3986160658265062
yoochoose1_64,unpopular,33739,tron,Poisoning-SSL,0.01,0
yoochoose1_64,unpopular,33739,tron,TC-SACP-C,0.01,0.1737088360253123
yoochoose1_64,unpopular,33739,tron,TC-SACP-G,0.01,0.3883978990014879
yoochoose1_64,unpopular,33739,wearec,CREAT,0.01,0.1352463415506816
yoochoose1_64,unpopular,33739,wearec,DPSBR,0.01,0.2834090665140076
yoochoose1_64,unpopular,33739,wearec,Poisoning-SSL,0.01,0.00008944863859172063
yoochoose1_64,unpopular,33739,wearec,TC-SACP-C,0.01,0.2067873626963397
yoochoose1_64,unpopular,33739,wearec,TC-SACP-G,0.01,0.2768614261690937
yoochoose1_64,unpopular,35833,freqrec,CREAT,0.01,0.0899853304232709
yoochoose1_64,unpopular,35833,freqrec,DPSBR,0.01,0.1187520125943683
yoochoose1_64,unpopular,35833,freqrec,Poisoning-SSL,0.01,0.1029017138359154
yoochoose1_64,unpopular,35833,freqrec,TC-SACP-C,0.01,0.1478585995921142
yoochoose1_64,unpopular,35833,freqrec,TC-SACP-G,0.01,0.0762281298078643
yoochoose1_64,unpopular,35833,mdhg,CREAT,0.01,0.1369816451393609
yoochoose1_64,unpopular,35833,mdhg,DPSBR,0.01,0.2102221904182618
yoochoose1_64,unpopular,35833,mdhg,Poisoning-SSL,0.01,0.0283731081612937
yoochoose1_64,unpopular,35833,mdhg,TC-SACP-C,0.01,0.1039035385881426
yoochoose1_64,unpopular,35833,mdhg,TC-SACP-G,0.01,0.1877348026763032
yoochoose1_64,unpopular,35833,miasrec,CREAT,0.01,0.4273855951912412
yoochoose1_64,unpopular,35833,miasrec,DPSBR,0.01,0.2984185480696983
yoochoose1_64,unpopular,35833,miasrec,Poisoning-SSL,0.01,0.1560520948871158
yoochoose1_64,unpopular,35833,miasrec,TC-SACP-C,0.01,0.4170274428423199
yoochoose1_64,unpopular,35833,miasrec,TC-SACP-G,0.01,0.3074528605674622
yoochoose1_64,unpopular,35833,srgnn,CREAT,0.01,0.4333786539768864
yoochoose1_64,unpopular,35833,srgnn,DPSBR,0.01,0.3760420766395935
yoochoose1_64,unpopular,35833,srgnn,Poisoning-SSL,0.01,0.1473934666714372
yoochoose1_64,unpopular,35833,srgnn,TC-SACP-C,0.01,0.4474042005080683
yoochoose1_64,unpopular,35833,srgnn,TC-SACP-G,0.01,0.3858098679738094
yoochoose1_64,unpopular,35833,tron,CREAT,0.01,0.4190165462596131
yoochoose1_64,unpopular,35833,tron,DPSBR,0.01,0.4126167470376279
yoochoose1_64,unpopular,35833,tron,Poisoning-SSL,0.01,0.0557158991090475
yoochoose1_64,unpopular,35833,tron,TC-SACP-C,0.01,0.4927845400928598
yoochoose1_64,unpopular,35833,tron,TC-SACP-G,0.01,0.338293028341968
yoochoose1_64,unpopular,35833,wearec,CREAT,0.01,0.2117249275466027
yoochoose1_64,unpopular,35833,wearec,DPSBR,0.01,0.227593116032774
yoochoose1_64,unpopular,35833,wearec,Poisoning-SSL,0.01,0.1444237718701921
yoochoose1_64,unpopular,35833,wearec,TC-SACP-C,0.01,0.1982360728469712
yoochoose1_64,unpopular,35833,wearec,TC-SACP-G,0.01,0.2750724533972593
