surrogate_setting,dataset,target_type,victim_model,method,metric,k,mean,std,count
SR-GNN,diginetica,popular,freqrec,CLEAN,mrr,10,0.000148152582097154,0.00021174731348796045,10
SR-GNN,diginetica,popular,freqrec,CLEAN,mrr,20,0.00019411106580335792,0.00029078946602617014,10
SR-GNN,diginetica,popular,freqrec,CLEAN,mrr,30,0.00022462177236110486,0.00033098262086281137,10
SR-GNN,diginetica,popular,freqrec,CLEAN,mrr,40,0.00024300691171219905,0.00034481418324908245,10
SR-GNN,diginetica,popular,freqrec,CLEAN,mrr,50,0.00025418507549690607,0.00035262233259795864,10
SR-GNN,diginetica,popular,freqrec,CLEAN,recall,10,0.0005701797627263126,0.0009196546752668314,10
SR-GNN,diginetica,popular,freqrec,CLEAN,recall,20,0.0012619540569850734,0.0020903198068597225,10
SR-GNN,diginetica,popular,freqrec,CLEAN,recall,30,0.002014525617010046,0.0030861191468354913,10
SR-GNN,diginetica,popular,freqrec,CLEAN,recall,40,0.00266850701633305,0.0036835200041943125,10
SR-GNN,diginetica,popular,freqrec,CLEAN,recall,50,0.0031778895132931902,0.004087682230206112,10
SR-GNN,diginetica,popular,freqrec,CREAT,mrr,10,0.00074755989352257,0.00012039357192940603,10
SR-GNN,diginetica,popular,freqrec,CREAT,mrr,20,0.00145574286428851,0.00021292811974422455,10
SR-GNN,diginetica,popular,freqrec,CREAT,mrr,30,0.0021627264099022903,0.000285612763557885,10
SR-GNN,diginetica,popular,freqrec,CREAT,mrr,40,0.00296655535800273,0.00038927492354783077,10
SR-GNN,diginetica,popular,freqrec,CREAT,mrr,50,0.0038586646036418695,0.0005189145592412984,10
SR-GNN,diginetica,popular,freqrec,CREAT,recall,10,0.00432646488547107,0.0007001456976359338,10
SR-GNN,diginetica,popular,freqrec,CREAT,recall,20,0.015230536659108049,0.0022019620501877537,10
SR-GNN,diginetica,popular,freqrec,CREAT,recall,30,0.03329061093036242,0.0040831353075194005,10
SR-GNN,diginetica,popular,freqrec,CREAT,recall,40,0.06193433895297244,0.007915134587393052,10
SR-GNN,diginetica,popular,freqrec,CREAT,recall,50,0.10258141904104634,0.013916012403996083,10
SR-GNN,diginetica,popular,freqrec,DPSBR,mrr,10,0.0008398323289134301,0.00013470307565860266,10
SR-GNN,diginetica,popular,freqrec,DPSBR,mrr,20,0.00155849302129853,0.00023553758693607235,10
SR-GNN,diginetica,popular,freqrec,DPSBR,mrr,30,0.0023455551268398,0.00031713190444644873,10
SR-GNN,diginetica,popular,freqrec,DPSBR,mrr,40,0.0033400789405951302,0.00044289202016432893,10
SR-GNN,diginetica,popular,freqrec,DPSBR,mrr,50,0.00447898291668998,0.0005722350166835691,10
SR-GNN,diginetica,popular,freqrec,DPSBR,recall,10,0.00475204574583451,0.0007004348640255892,10
SR-GNN,diginetica,popular,freqrec,DPSBR,recall,20,0.01582372079266483,0.0022461857160351673,10
SR-GNN,diginetica,popular,freqrec,DPSBR,recall,30,0.03597719280949089,0.004437120133524316,10
SR-GNN,diginetica,popular,freqrec,DPSBR,recall,40,0.07143514410595153,0.009066219682355606,10
SR-GNN,diginetica,popular,freqrec,DPSBR,recall,50,0.12329028229649344,0.015068841038742177,10
SR-GNN,diginetica,popular,freqrec,Poisoning-SSL,mrr,10,0.00618810794005505,0.005091088894403008,10
SR-GNN,diginetica,popular,freqrec,Poisoning-SSL,mrr,20,0.00730832984846711,0.005410169384586798,10
SR-GNN,diginetica,popular,freqrec,Poisoning-SSL,mrr,30,0.00804234832021306,0.005599883119166128,10
SR-GNN,diginetica,popular,freqrec,Poisoning-SSL,mrr,40,0.00860805050146328,0.005678048717129003,10
SR-GNN,diginetica,popular,freqrec,Poisoning-SSL,mrr,50,0.00906964053315831,0.005707668689211062,10
SR-GNN,diginetica,popular,freqrec,Poisoning-SSL,recall,10,0.02107200368069929,0.014223271910117463,10
SR-GNN,diginetica,popular,freqrec,Poisoning-SSL,recall,20,0.03785533537086328,0.02109002544963413,10
SR-GNN,diginetica,popular,freqrec,Poisoning-SSL,recall,30,0.05636235170396657,0.02732031636824087,10
SR-GNN,diginetica,popular,freqrec,Poisoning-SSL,recall,40,0.07638601334253504,0.03209245985649769,10
SR-GNN,diginetica,popular,freqrec,Poisoning-SSL,recall,50,0.0973429951690821,0.0357516482000103,10
SR-GNN,diginetica,popular,freqrec,TC-SACP-C,mrr,10,0.0008121436213469601,0.00021280366395387348,10
SR-GNN,diginetica,popular,freqrec,TC-SACP-C,mrr,20,0.0016019711045716701,0.0003536168120850191,10
SR-GNN,diginetica,popular,freqrec,TC-SACP-C,mrr,30,0.0024038955519772804,0.0005000488603933411,10
SR-GNN,diginetica,popular,freqrec,TC-SACP-C,mrr,40,0.0033477210911156295,0.0007104131434371721,10
SR-GNN,diginetica,popular,freqrec,TC-SACP-C,mrr,50,0.0044101779469361896,0.0009465238947360741,10
SR-GNN,diginetica,popular,freqrec,TC-SACP-C,recall,10,0.004697821157448439,0.0010515271042224497,10
SR-GNN,diginetica,popular,freqrec,TC-SACP-C,recall,20,0.01692628742318178,0.003390494123504467,10
SR-GNN,diginetica,popular,freqrec,TC-SACP-C,recall,30,0.03750862663906137,0.007260900104293044,10
SR-GNN,diginetica,popular,freqrec,TC-SACP-C,recall,40,0.0711278714384304,0.014756691576985588,10
SR-GNN,diginetica,popular,freqrec,TC-SACP-C,recall,50,0.11951592231095332,0.025527718300041156,10
SR-GNN,diginetica,popular,freqrec,TC-SACP-G,mrr,10,0.0006967742238371801,0.00018135155100647065,10
SR-GNN,diginetica,popular,freqrec,TC-SACP-G,mrr,20,0.0013971927448475099,0.0003779106161625777,10
SR-GNN,diginetica,popular,freqrec,TC-SACP-G,mrr,30,0.00224373160087497,0.0006450330700190349,10
SR-GNN,diginetica,popular,freqrec,TC-SACP-G,mrr,40,0.00319590849063393,0.0009021680256426237,10
SR-GNN,diginetica,popular,freqrec,TC-SACP-G,mrr,50,0.0042855913848600605,0.0011384210292840135,10
SR-GNN,diginetica,popular,freqrec,TC-SACP-G,recall,10,0.0039912583390843805,0.0010488990607666901,10
SR-GNN,diginetica,popular,freqrec,TC-SACP-G,recall,20,0.014864109895165761,0.004130538310211483,10
SR-GNN,diginetica,popular,freqrec,TC-SACP-G,recall,30,0.03652765454007684,0.010992856134885048,10
SR-GNN,diginetica,popular,freqrec,TC-SACP-G,recall,40,0.07038351572513057,0.020108171351967432,10
SR-GNN,diginetica,popular,freqrec,TC-SACP-G,recall,50,0.12002366163856844,0.03095813920517578,10
SR-GNN,diginetica,popular,mdhg,CLEAN,mrr,10,0.00014172857241967352,0.0001450297826856153,10
SR-GNN,diginetica,popular,mdhg,CLEAN,mrr,20,0.00020636512922689535,0.00024974453819073177,10
SR-GNN,diginetica,popular,mdhg,CLEAN,mrr,30,0.00024156953752526162,0.00031603962059132323,10
SR-GNN,diginetica,popular,mdhg,CLEAN,mrr,40,0.0002652108152257848,0.0003532322720741412,10
SR-GNN,diginetica,popular,mdhg,CLEAN,mrr,50,0.00028148684587026674,0.0003734629797851998,10
SR-GNN,diginetica,popular,mdhg,CLEAN,recall,10,0.0005718229320713362,0.0006819009800457024,10
SR-GNN,diginetica,popular,mdhg,CLEAN,recall,20,0.00153964967629559,0.0022918930370277794,10
SR-GNN,diginetica,popular,mdhg,CLEAN,recall,30,0.0024351769693384097,0.003940918625960291,10
SR-GNN,diginetica,popular,mdhg,CLEAN,recall,40,0.0032616911498898602,0.0052497210500721,10
SR-GNN,diginetica,popular,mdhg,CLEAN,recall,50,0.00399454467777445,0.0061755699848359625,10
SR-GNN,diginetica,popular,mdhg,CREAT,mrr,10,0.08669661929644193,0.2740573889117634,10
SR-GNN,diginetica,popular,mdhg,CREAT,mrr,20,0.08676495171935475,0.27419798940929163,10
SR-GNN,diginetica,popular,mdhg,CREAT,mrr,30,0.08678996303050363,0.27421863667990376,10
SR-GNN,diginetica,popular,mdhg,CREAT,mrr,40,0.0868181616549541,0.2742224759378065,10
SR-GNN,diginetica,popular,mdhg,CREAT,mrr,50,0.08685836025139211,0.2742161781082716,10
SR-GNN,diginetica,popular,mdhg,CREAT,recall,10,0.09289493575207859,0.2933266165324496,10
SR-GNN,diginetica,popular,mdhg,CREAT,recall,20,0.09386111932695777,0.2952217467480462,10
SR-GNN,diginetica,popular,mdhg,CREAT,recall,30,0.09449373952479537,0.295727365653283,10
SR-GNN,diginetica,popular,mdhg,CREAT,recall,40,0.09550428867199048,0.29585220406745705,10
SR-GNN,diginetica,popular,mdhg,CREAT,recall,50,0.09734792467711718,0.2955584696501384,10
SR-GNN,diginetica,popular,mdhg,DPSBR,mrr,10,0.10014878572393601,0.31609293661203725,10
SR-GNN,diginetica,popular,mdhg,DPSBR,mrr,20,0.10022331523285295,0.3160667544056964,10
SR-GNN,diginetica,popular,mdhg,DPSBR,mrr,30,0.10029379366546631,0.3160419962294947,10
SR-GNN,diginetica,popular,mdhg,DPSBR,mrr,40,0.10036903338652521,0.3160155664251628,10
SR-GNN,diginetica,popular,mdhg,DPSBR,mrr,50,0.1004485063729423,0.3159876504121249,10
SR-GNN,diginetica,popular,mdhg,DPSBR,recall,10,0.10072792401984942,0.31591436991010985,10
SR-GNN,diginetica,popular,mdhg,DPSBR,recall,20,0.10186335403726703,0.3155158579286442,10
SR-GNN,diginetica,popular,mdhg,DPSBR,recall,30,0.1036560517926977,0.3148872071594616,10
SR-GNN,diginetica,popular,mdhg,DPSBR,recall,40,0.10632948831706593,0.31395162361741014,10
SR-GNN,diginetica,popular,mdhg,DPSBR,recall,50,0.10995760623089812,0.3126846218536333,10
SR-GNN,diginetica,popular,mdhg,Poisoning-SSL,mrr,10,0.5983284599017125,0.5145200449467893,10
SR-GNN,diginetica,popular,mdhg,Poisoning-SSL,mrr,20,0.5984762444084797,0.5143424963044243,10
SR-GNN,diginetica,popular,mdhg,Poisoning-SSL,mrr,30,0.598585420785288,0.514204897647795,10
SR-GNN,diginetica,popular,mdhg,Poisoning-SSL,mrr,40,0.5986834708209627,0.5140808992874927,10
SR-GNN,diginetica,popular,mdhg,Poisoning-SSL,mrr,50,0.5987653895179302,0.5139753620557604,10
SR-GNN,diginetica,popular,mdhg,Poisoning-SSL,recall,10,0.6006030431496269,0.514643834328451,10
SR-GNN,diginetica,popular,mdhg,Poisoning-SSL,recall,20,0.6028344671201814,0.511929180812313,10
SR-GNN,diginetica,popular,mdhg,Poisoning-SSL,recall,30,0.6056130664826317,0.5084347995345353,10
SR-GNN,diginetica,popular,mdhg,Poisoning-SSL,recall,40,0.6090982286634461,0.5040638163084227,10
SR-GNN,diginetica,popular,mdhg,Poisoning-SSL,recall,50,0.6128249367379802,0.4993122442859627,10
SR-GNN,diginetica,popular,mdhg,TC-SACP-C,mrr,10,0.33317714682682603,0.3554191479827893,10
SR-GNN,diginetica,popular,mdhg,TC-SACP-C,mrr,20,0.3342848241382512,0.3564999436168442,10
SR-GNN,diginetica,popular,mdhg,TC-SACP-C,mrr,30,0.33455303567548816,0.3567311533459118,10
SR-GNN,diginetica,popular,mdhg,TC-SACP-C,mrr,40,0.3346726833604712,0.35680786422330013,10
SR-GNN,diginetica,popular,mdhg,TC-SACP-C,mrr,50,0.33474575002568496,0.35683440471882416,10
SR-GNN,diginetica,popular,mdhg,TC-SACP-C,recall,10,0.41144796082684276,0.43630700147303847,10
SR-GNN,diginetica,popular,mdhg,TC-SACP-C,recall,20,0.42699891550823227,0.45179015894844365,10
SR-GNN,diginetica,popular,mdhg,TC-SACP-C,recall,30,0.43361267212198884,0.45763213058424157,10
SR-GNN,diginetica,popular,mdhg,TC-SACP-C,recall,40,0.4377879654277169,0.46040161472115787,10
SR-GNN,diginetica,popular,mdhg,TC-SACP-C,recall,50,0.44108744947254264,0.46166769279469067,10
SR-GNN,diginetica,popular,mdhg,TC-SACP-G,mrr,10,0.49922822552838325,0.5260940714887035,10
SR-GNN,diginetica,popular,mdhg,TC-SACP-G,mrr,20,0.4992753515486859,0.5260484186850075,10
SR-GNN,diginetica,popular,mdhg,TC-SACP-G,mrr,30,0.4993185521756405,0.526003990175313,10
SR-GNN,diginetica,popular,mdhg,TC-SACP-G,mrr,40,0.499364603924296,0.5259559374314582,10
SR-GNN,diginetica,popular,mdhg,TC-SACP-G,mrr,50,0.49941461798304426,0.5259035411457827,10
SR-GNN,diginetica,popular,mdhg,TC-SACP-G,recall,10,0.49956456012356637,0.525880184522389,10
SR-GNN,diginetica,popular,mdhg,TC-SACP-G,recall,20,0.5002924841434158,0.5251750586781292,10
SR-GNN,diginetica,popular,mdhg,TC-SACP-G,recall,30,0.5013999802819679,0.5240356755068959,10
SR-GNN,diginetica,popular,mdhg,TC-SACP-G,recall,40,0.5030415064576556,0.5223232759847076,10
SR-GNN,diginetica,popular,mdhg,TC-SACP-G,recall,50,0.5053271550165961,0.5199287587889999,10
SR-GNN,diginetica,popular,miasrec,CLEAN,mrr,10,0.00012136240125982984,0.00010358296838509681,10
SR-GNN,diginetica,popular,miasrec,CLEAN,mrr,20,0.0001490954388863723,0.00011326230952887978,10
SR-GNN,diginetica,popular,miasrec,CLEAN,mrr,30,0.00017294829084769274,0.00012505762288497017,10
SR-GNN,diginetica,popular,miasrec,CLEAN,mrr,40,0.00019316971345846798,0.0001499332085444064,10
SR-GNN,diginetica,popular,miasrec,CLEAN,mrr,50,0.00020720249186409115,0.0001682380019931983,10
SR-GNN,diginetica,popular,miasrec,CLEAN,recall,10,0.0003614972559071508,0.0003098389830694475,10
SR-GNN,diginetica,popular,miasrec,CLEAN,recall,20,0.00078050543889048,0.0005386237931934493,10
SR-GNN,diginetica,popular,miasrec,CLEAN,recall,30,0.0013819054191724581,0.00104247264343822,10
SR-GNN,diginetica,popular,miasrec,CLEAN,recall,40,0.0020966840842616807,0.0023426829005146112,10
SR-GNN,diginetica,popular,miasrec,CLEAN,recall,50,0.00272766111275424,0.003401858838732443,10
SR-GNN,diginetica,popular,miasrec,CREAT,mrr,10,0.09378350239719883,0.015912553613710547,10
SR-GNN,diginetica,popular,miasrec,CREAT,mrr,20,0.09823063744215305,0.014899202725822834,10
SR-GNN,diginetica,popular,miasrec,CREAT,mrr,30,0.09884530338760067,0.01472845581861575,10
SR-GNN,diginetica,popular,miasrec,CREAT,mrr,40,0.09899789471756706,0.014691695443412756,10
SR-GNN,diginetica,popular,miasrec,CREAT,mrr,50,0.09905034863230318,0.014695546500606175,10
SR-GNN,diginetica,popular,miasrec,CREAT,recall,10,0.2954944296559203,0.042233204934020184,10
SR-GNN,diginetica,popular,miasrec,CREAT,recall,20,0.35775082980051925,0.08425060789024795,10
SR-GNN,diginetica,popular,miasrec,CREAT,recall,30,0.3726034375102698,0.09566762241483741,10
SR-GNN,diginetica,popular,miasrec,CREAT,recall,40,0.37783857504354396,0.09983146579931663,10
SR-GNN,diginetica,popular,miasrec,CREAT,recall,50,0.3802096684084261,0.10161045323275618,10
SR-GNN,diginetica,popular,miasrec,DPSBR,mrr,10,0.03607711706720812,0.011144134469833736,10
SR-GNN,diginetica,popular,miasrec,DPSBR,mrr,20,0.0545499883905808,0.01381963169417753,10
SR-GNN,diginetica,popular,miasrec,DPSBR,mrr,30,0.06241384083298325,0.013533125243911875,10
SR-GNN,diginetica,popular,miasrec,DPSBR,mrr,40,0.06551500495935031,0.013056661314732968,10
SR-GNN,diginetica,popular,miasrec,DPSBR,mrr,50,0.06693237700454373,0.012754638224089381,10
SR-GNN,diginetica,popular,miasrec,DPSBR,recall,10,0.18001248808702222,0.05519971531499315,10
SR-GNN,diginetica,popular,miasrec,DPSBR,recall,20,0.45448420914259424,0.0953136581707581,10
SR-GNN,diginetica,popular,miasrec,DPSBR,recall,30,0.6489763054980446,0.09401478322732086,10
SR-GNN,diginetica,popular,miasrec,DPSBR,recall,40,0.7568060074271254,0.08227530117384614,10
SR-GNN,diginetica,popular,miasrec,DPSBR,recall,50,0.8204689605310722,0.07017390605953851,10
SR-GNN,diginetica,popular,miasrec,Poisoning-SSL,mrr,10,0.04733236738449687,0.023573239932049798,10
SR-GNN,diginetica,popular,miasrec,Poisoning-SSL,mrr,20,0.05304122577414311,0.025606559233048075,10
SR-GNN,diginetica,popular,miasrec,Poisoning-SSL,mrr,30,0.05603640790285802,0.026436700050387264,10
SR-GNN,diginetica,popular,miasrec,Poisoning-SSL,mrr,40,0.058046244408942085,0.02679912622837013,10
SR-GNN,diginetica,popular,miasrec,Poisoning-SSL,mrr,50,0.05950907306630955,0.02694951453970877,10
SR-GNN,diginetica,popular,miasrec,Poisoning-SSL,recall,10,0.13678563212724698,0.06648449994748107,10
SR-GNN,diginetica,popular,miasrec,Poisoning-SSL,recall,20,0.221308620066384,0.09799143227668683,10
SR-GNN,diginetica,popular,miasrec,Poisoning-SSL,recall,30,0.2965427716980512,0.12095766426367416,10
SR-GNN,diginetica,popular,miasrec,Poisoning-SSL,recall,40,0.3673436524368201,0.1363349502012332,10
SR-GNN,diginetica,popular,miasrec,Poisoning-SSL,recall,50,0.433517368299977,0.14529656113022607,10
SR-GNN,diginetica,popular,miasrec,TC-SACP-C,mrr,10,0.06661257640085529,0.014557556367333607,10
SR-GNN,diginetica,popular,miasrec,TC-SACP-C,mrr,20,0.08806187374930921,0.017045411033817376,10
SR-GNN,diginetica,popular,miasrec,TC-SACP-C,mrr,30,0.09566105811108536,0.016734285089730027,10
SR-GNN,diginetica,popular,miasrec,TC-SACP-C,mrr,40,0.09844169624517912,0.015913376927807497,10
SR-GNN,diginetica,popular,miasrec,TC-SACP-C,mrr,50,0.09949563755287733,0.01533286956110371,10
SR-GNN,diginetica,popular,miasrec,TC-SACP-C,recall,10,0.27763153570606985,0.06944462098947944,10
SR-GNN,diginetica,popular,miasrec,TC-SACP-C,recall,20,0.5921916592724046,0.1058252192531701,10
SR-GNN,diginetica,popular,miasrec,TC-SACP-C,recall,30,0.7797955897334778,0.10032579238690564,10
SR-GNN,diginetica,popular,miasrec,TC-SACP-C,recall,40,0.8762364849321372,0.07350558195905153,10
SR-GNN,diginetica,popular,miasrec,TC-SACP-C,recall,50,0.9234020178119557,0.04686959679777972,10
SR-GNN,diginetica,popular,miasrec,TC-SACP-G,mrr,10,0.047966120195490194,0.015318762415541838,10
SR-GNN,diginetica,popular,miasrec,TC-SACP-G,mrr,20,0.06865096384194047,0.015928079122852,10
SR-GNN,diginetica,popular,miasrec,TC-SACP-G,mrr,30,0.07555826164851148,0.014951766623854711,10
SR-GNN,diginetica,popular,miasrec,TC-SACP-G,mrr,40,0.07809072756100324,0.014552222621444117,10
SR-GNN,diginetica,popular,miasrec,TC-SACP-G,mrr,50,0.07926616134670553,0.01435114245709932,10
SR-GNN,diginetica,popular,miasrec,TC-SACP-G,recall,10,0.24539090998718321,0.0703485624203928,10
SR-GNN,diginetica,popular,miasrec,TC-SACP-G,recall,20,0.5475270301357258,0.07900788213503694,10
SR-GNN,diginetica,popular,miasrec,TC-SACP-G,recall,30,0.7175753393144697,0.060508994054270356,10
SR-GNN,diginetica,popular,miasrec,TC-SACP-G,recall,40,0.8057625948930298,0.05069058174704593,10
SR-GNN,diginetica,popular,miasrec,TC-SACP-G,recall,50,0.8585921325051761,0.04263093275674664,10
SR-GNN,diginetica,popular,srgnn,CLEAN,mrr,10,0.00020306117232566953,0.0003477089687046669,10
SR-GNN,diginetica,popular,srgnn,CLEAN,mrr,20,0.0002504604354365644,0.0004349504916352495,10
SR-GNN,diginetica,popular,srgnn,CLEAN,mrr,30,0.0002818896841600021,0.0004907651951729664,10
SR-GNN,diginetica,popular,srgnn,CLEAN,mrr,40,0.00030079095806591604,0.0005175858393821912,10
SR-GNN,diginetica,popular,srgnn,CLEAN,mrr,50,0.00031192552261149776,0.0005306935907712871,10
SR-GNN,diginetica,popular,srgnn,CLEAN,recall,10,0.0006753426008084,0.0012110615119511623,10
SR-GNN,diginetica,popular,srgnn,CLEAN,recall,20,0.0013901212658976154,0.002532201621737164,10
SR-GNN,diginetica,popular,srgnn,CLEAN,recall,30,0.0021689835354431137,0.0039219575868358,10
SR-GNN,diginetica,popular,srgnn,CLEAN,recall,40,0.0028344671201813504,0.00487475572468095,10
SR-GNN,diginetica,popular,srgnn,CLEAN,recall,50,0.00333727693976135,0.005475508016002182,10
SR-GNN,diginetica,popular,srgnn,CREAT,mrr,10,0.0481522906302311,0.006532944793025124,10
SR-GNN,diginetica,popular,srgnn,CREAT,mrr,20,0.05306536495344718,0.006128974640428279,10
SR-GNN,diginetica,popular,srgnn,CREAT,mrr,30,0.055018511671524925,0.00557773683889371,10
SR-GNN,diginetica,popular,srgnn,CREAT,mrr,40,0.0560765861954979,0.005232922245519032,10
SR-GNN,diginetica,popular,srgnn,CREAT,mrr,50,0.056716486203472416,0.00500903999590837,10
SR-GNN,diginetica,popular,srgnn,CREAT,recall,10,0.13249203062867654,0.023042082996992,10
SR-GNN,diginetica,popular,srgnn,CREAT,recall,20,0.20413092773341215,0.01632193010421272,10
SR-GNN,diginetica,popular,srgnn,CREAT,recall,30,0.2528311807814913,0.01878951640417213,10
SR-GNN,diginetica,popular,srgnn,CREAT,recall,40,0.2898895790200138,0.037032813002065214,10
SR-GNN,diginetica,popular,srgnn,CREAT,recall,50,0.31878471195241376,0.054200810440355476,10
SR-GNN,diginetica,popular,srgnn,DPSBR,mrr,10,0.05462106232723922,0.002683472152398538,10
SR-GNN,diginetica,popular,srgnn,DPSBR,mrr,20,0.06175139341271278,0.003086848683340879,10
SR-GNN,diginetica,popular,srgnn,DPSBR,mrr,30,0.06508416880446974,0.0032347909610700217,10
SR-GNN,diginetica,popular,srgnn,DPSBR,mrr,40,0.06698018659506352,0.0032775102545212036,10
SR-GNN,diginetica,popular,srgnn,DPSBR,mrr,50,0.0681856556611859,0.003301712634151293,10
SR-GNN,diginetica,popular,srgnn,DPSBR,recall,10,0.15184363600512665,0.007749228945263144,10
SR-GNN,diginetica,popular,srgnn,DPSBR,recall,20,0.2565546025173354,0.013517975588032641,10
SR-GNN,diginetica,popular,srgnn,DPSBR,recall,30,0.33990929705215417,0.0177438786328336,10
SR-GNN,diginetica,popular,srgnn,DPSBR,recall,40,0.40643793749383816,0.020059630583609593,10
SR-GNN,diginetica,popular,srgnn,DPSBR,recall,50,0.46082848598376547,0.02188069106839992,10
SR-GNN,diginetica,popular,srgnn,Poisoning-SSL,mrr,10,0.0424302350723281,0.014149238175138884,10
SR-GNN,diginetica,popular,srgnn,Poisoning-SSL,mrr,20,0.04472323191914264,0.014548204213995391,10
SR-GNN,diginetica,popular,srgnn,Poisoning-SSL,mrr,30,0.04587336538935356,0.014704152504824465,10
SR-GNN,diginetica,popular,srgnn,Poisoning-SSL,mrr,40,0.046611683609229806,0.014795091655058091,10
SR-GNN,diginetica,popular,srgnn,Poisoning-SSL,mrr,50,0.04713044126984319,0.014846832159731054,10
SR-GNN,diginetica,popular,srgnn,Poisoning-SSL,recall,10,0.08145354760261589,0.02445404351760783,10
SR-GNN,diginetica,popular,srgnn,Poisoning-SSL,recall,20,0.11525518419928356,0.030601975988699955,10
SR-GNN,diginetica,popular,srgnn,Poisoning-SSL,recall,30,0.1440977357126425,0.03525673929161114,10
SR-GNN,diginetica,popular,srgnn,Poisoning-SSL,recall,40,0.1700861020736797,0.039504618008213296,10
SR-GNN,diginetica,popular,srgnn,Poisoning-SSL,recall,50,0.1935637056755069,0.04285962559928375,10
SR-GNN,diginetica,popular,srgnn,TC-SACP-C,mrr,10,0.06493666755867342,0.0035058127304062616,10
SR-GNN,diginetica,popular,srgnn,TC-SACP-C,mrr,20,0.07408471978584916,0.003459787170030125,10
SR-GNN,diginetica,popular,srgnn,TC-SACP-C,mrr,30,0.07816057603009165,0.0034596554417234645,10
SR-GNN,diginetica,popular,srgnn,TC-SACP-C,mrr,40,0.08044443118647485,0.003432898147677949,10
SR-GNN,diginetica,popular,srgnn,TC-SACP-C,mrr,50,0.08183650968092797,0.003407849342305003,10
SR-GNN,diginetica,popular,srgnn,TC-SACP-C,recall,10,0.18703868020638204,0.006547015752074487,10
SR-GNN,diginetica,popular,srgnn,TC-SACP-C,recall,20,0.32180485720858387,0.009219890728701627,10
SR-GNN,diginetica,popular,srgnn,TC-SACP-C,recall,30,0.4234841762792073,0.01236183817596069,10
SR-GNN,diginetica,popular,srgnn,TC-SACP-C,recall,40,0.5036314042525223,0.015806930399133896,10
SR-GNN,diginetica,popular,srgnn,TC-SACP-C,recall,50,0.5664481251437773,0.01796617221604282,10
SR-GNN,diginetica,popular,srgnn,TC-SACP-G,mrr,10,0.0661095514043366,0.008073772558655013,10
SR-GNN,diginetica,popular,srgnn,TC-SACP-G,mrr,20,0.07376840150451154,0.008047048028183434,10
SR-GNN,diginetica,popular,srgnn,TC-SACP-G,mrr,30,0.07724301700021455,0.008042118532606158,10
SR-GNN,diginetica,popular,srgnn,TC-SACP-G,mrr,40,0.07917688798621417,0.008018417281811168,10
SR-GNN,diginetica,popular,srgnn,TC-SACP-G,mrr,50,0.08038782922560725,0.008008411658933155,10
SR-GNN,diginetica,popular,srgnn,TC-SACP-G,recall,10,0.1775296592066778,0.01181524824905079,10
SR-GNN,diginetica,popular,srgnn,TC-SACP-G,recall,20,0.2903217325577574,0.01293211554437338,10
SR-GNN,diginetica,popular,srgnn,TC-SACP-G,recall,30,0.37722567287784675,0.014821362798079777,10
SR-GNN,diginetica,popular,srgnn,TC-SACP-G,recall,40,0.44500969469913565,0.01541173953607143,10
SR-GNN,diginetica,popular,srgnn,TC-SACP-G,recall,50,0.49966150711492324,0.016823151552140123,10
SR-GNN,diginetica,popular,tron,CLEAN,mrr,10,0.00018285084143309136,0.00032595234275967477,10
SR-GNN,diginetica,popular,tron,CLEAN,mrr,20,0.00023943592047089853,0.00041169097046747595,10
SR-GNN,diginetica,popular,tron,CLEAN,mrr,30,0.00027391854402034613,0.00045679056642926856,10
SR-GNN,diginetica,popular,tron,CLEAN,mrr,40,0.0002950513219982692,0.00048348764906745083,10
SR-GNN,diginetica,popular,tron,CLEAN,mrr,50,0.00031266870113058224,0.0005078488802700496,10
SR-GNN,diginetica,popular,tron,CLEAN,recall,10,0.0006687699234282781,0.0012744199881934888,10
SR-GNN,diginetica,popular,tron,CLEAN,recall,20,0.00151335896677506,0.0026276150888868434,10
SR-GNN,diginetica,popular,tron,CLEAN,recall,30,0.00237766604226228,0.0038408167140183956,10
SR-GNN,diginetica,popular,tron,CLEAN,recall,40,0.00312202175556208,0.0048405896024742295,10
SR-GNN,diginetica,popular,tron,CLEAN,recall,50,0.003927174734628105,0.006041840308348561,10
SR-GNN,diginetica,popular,tron,CREAT,mrr,10,0.0035012300296239397,0.0083891547733713,10
SR-GNN,diginetica,popular,tron,CREAT,mrr,20,0.003956349710448383,0.009096321998526365,10
SR-GNN,diginetica,popular,tron,CREAT,mrr,30,0.004235107879875322,0.009414062889682882,10
SR-GNN,diginetica,popular,tron,CREAT,mrr,40,0.004443291507934653,0.009605278094681409,10
SR-GNN,diginetica,popular,tron,CREAT,mrr,50,0.004610263558135187,0.009732614135680074,10
SR-GNN,diginetica,popular,tron,CREAT,recall,10,0.00966347891813726,0.021214457409566397,10
SR-GNN,diginetica,popular,tron,CREAT,recall,20,0.01648427486936798,0.03183196523531291,10
SR-GNN,diginetica,popular,tron,CREAT,recall,30,0.02355154622235362,0.04031903734362793,10
SR-GNN,diginetica,popular,tron,CREAT,recall,40,0.030911301718755103,0.04774840635308173,10
SR-GNN,diginetica,popular,tron,CREAT,recall,50,0.03848795556870086,0.054427371363058176,10
SR-GNN,diginetica,popular,tron,DPSBR,mrr,10,0.06648460806759629,0.00959373954655132,10
SR-GNN,diginetica,popular,tron,DPSBR,mrr,20,0.07534016225037102,0.010127329628099537,10
SR-GNN,diginetica,popular,tron,DPSBR,mrr,30,0.07922112014527494,0.010324719882473962,10
SR-GNN,diginetica,popular,tron,DPSBR,mrr,40,0.08143554389689983,0.010364325069886049,10
SR-GNN,diginetica,popular,tron,DPSBR,mrr,50,0.0827878133666694,0.010343079488234295,10
SR-GNN,diginetica,popular,tron,DPSBR,recall,10,0.21985934470406518,0.03144016158158479,10
SR-GNN,diginetica,popular,tron,DPSBR,recall,20,0.34958592132505173,0.04908924497875637,10
SR-GNN,diginetica,popular,tron,DPSBR,recall,30,0.44651483781918566,0.062055973116560754,10
SR-GNN,diginetica,popular,tron,DPSBR,recall,40,0.5241578757106706,0.06967498568793325,10
SR-GNN,diginetica,popular,tron,DPSBR,recall,50,0.5851687534917349,0.07340906850160868,10
SR-GNN,diginetica,popular,tron,Poisoning-SSL,mrr,10,0.04095119487101661,0.02934931944889653,10
SR-GNN,diginetica,popular,tron,Poisoning-SSL,mrr,20,0.04917298204706103,0.03226877698989453,10
SR-GNN,diginetica,popular,tron,Poisoning-SSL,mrr,30,0.052976290467331176,0.032990553672912946,10
SR-GNN,diginetica,popular,tron,Poisoning-SSL,mrr,40,0.05511550470821623,0.033133872104180895,10
SR-GNN,diginetica,popular,tron,Poisoning-SSL,mrr,50,0.05645248987573098,0.03308277219909016,10
SR-GNN,diginetica,popular,tron,Poisoning-SSL,recall,10,0.15389266817838243,0.09783392017518767,10
SR-GNN,diginetica,popular,tron,Poisoning-SSL,recall,20,0.2749876762299122,0.14199089707088774,10
SR-GNN,diginetica,popular,tron,Poisoning-SSL,recall,30,0.3699661507114923,0.16268394957555843,10
SR-GNN,diginetica,popular,tron,Poisoning-SSL,recall,40,0.44499983568306545,0.17052962102653446,10
SR-GNN,diginetica,popular,tron,Poisoning-SSL,recall,50,0.5053452298793915,0.17128103510111828,10
SR-GNN,diginetica,popular,tron,TC-SACP-C,mrr,10,0.00418066229635781,0.003537130158265631,10
SR-GNN,diginetica,popular,tron,TC-SACP-C,mrr,20,0.006577302402394949,0.0046404609149075845,10
SR-GNN,diginetica,popular,tron,TC-SACP-C,mrr,30,0.00856562841013448,0.005653991255703348,10
SR-GNN,diginetica,popular,tron,TC-SACP-C,mrr,40,0.01020167080765721,0.006418990680015037,10
SR-GNN,diginetica,popular,tron,TC-SACP-C,mrr,50,0.01153076840634492,0.00689024887098761,10
SR-GNN,diginetica,popular,tron,TC-SACP-C,recall,10,0.01790561635282128,0.013297278027894679,10
SR-GNN,diginetica,popular,tron,TC-SACP-C,recall,20,0.05460909001281668,0.039665254251854035,10
SR-GNN,diginetica,popular,tron,TC-SACP-C,recall,30,0.10497715994610402,0.0761539911561856,10
SR-GNN,diginetica,popular,tron,TC-SACP-C,recall,40,0.1628315094153603,0.1128717833967072,10
SR-GNN,diginetica,popular,tron,TC-SACP-C,recall,50,0.22306352492687892,0.14263192336364958,10
SR-GNN,diginetica,popular,tron,TC-SACP-G,mrr,10,0.040763774453880866,0.02073211439972452,10
SR-GNN,diginetica,popular,tron,TC-SACP-G,mrr,20,0.050087089920753905,0.021541696182396163,10
SR-GNN,diginetica,popular,tron,TC-SACP-G,mrr,30,0.05428342860001606,0.021183558904388364,10
SR-GNN,diginetica,popular,tron,TC-SACP-G,mrr,40,0.05664566779043227,0.02082665508007036,10
SR-GNN,diginetica,popular,tron,TC-SACP-G,mrr,50,0.05811156431047021,0.02054595916615037,10
SR-GNN,diginetica,popular,tron,TC-SACP-G,recall,10,0.17319497847448154,0.07258442841401513,10
SR-GNN,diginetica,popular,tron,TC-SACP-G,recall,20,0.3104341253409576,0.08297004125558191,10
SR-GNN,diginetica,popular,tron,TC-SACP-G,recall,30,0.41521081862696774,0.07424312431446524,10
SR-GNN,diginetica,popular,tron,TC-SACP-G,recall,40,0.4980807782050018,0.06256087319985944,10
SR-GNN,diginetica,popular,tron,TC-SACP-G,recall,50,0.5642495645601235,0.05121306109032023,10
SR-GNN,diginetica,popular,wearec,CLEAN,mrr,10,0.00015702830476564257,0.00019033180093077428,10
SR-GNN,diginetica,popular,wearec,CLEAN,mrr,20,0.00022321900379033274,0.0003186354227293048,10
SR-GNN,diginetica,popular,wearec,CLEAN,mrr,30,0.0002547844895685744,0.0003683212828347393,10
SR-GNN,diginetica,popular,wearec,CLEAN,mrr,40,0.00027715587011882574,0.0003977118732969641,10
SR-GNN,diginetica,popular,wearec,CLEAN,mrr,50,0.0002896684648156742,0.0004107530537413261,10
SR-GNN,diginetica,popular,wearec,CLEAN,recall,10,0.0005849682868315962,0.000848536072153583,10
SR-GNN,diginetica,popular,wearec,CLEAN,recall,20,0.0016037332807518681,0.002917521092966539,10
SR-GNN,diginetica,popular,wearec,CLEAN,recall,30,0.00240231358243776,0.004206276740481262,10
SR-GNN,diginetica,popular,wearec,CLEAN,recall,40,0.00318610536001835,0.0052685637043728036,10
SR-GNN,diginetica,popular,wearec,CLEAN,recall,50,0.00375464195339967,0.005882659725624616,10
SR-GNN,diginetica,popular,wearec,CREAT,mrr,10,0.004577807850384931,0.0009018186995245451,10
SR-GNN,diginetica,popular,wearec,CREAT,mrr,20,0.00718607093855636,0.0008174764171047109,10
SR-GNN,diginetica,popular,wearec,CREAT,mrr,30,0.0101837905589754,0.0014701598486161192,10
SR-GNN,diginetica,popular,wearec,CREAT,mrr,40,0.013220756841760089,0.0022810078347414403,10
SR-GNN,diginetica,popular,wearec,CREAT,mrr,50,0.01578093026972616,0.002925223886074038,10
SR-GNN,diginetica,popular,wearec,CREAT,recall,10,0.01780045351473917,0.0030855829889550124,10
SR-GNN,diginetica,popular,wearec,CREAT,recall,20,0.05808603634690586,0.014045427782545892,10
SR-GNN,diginetica,popular,wearec,CREAT,recall,30,0.13508495185513816,0.037870384993561004,10
SR-GNN,diginetica,popular,wearec,CREAT,recall,40,0.24255151335896677,0.0703585955338066,10
SR-GNN,diginetica,popular,wearec,CREAT,recall,50,0.35849518551381904,0.102415684421923,10
SR-GNN,diginetica,popular,wearec,DPSBR,mrr,10,0.00393225225831451,0.0009892884741836468,10
SR-GNN,diginetica,popular,wearec,DPSBR,mrr,20,0.005968828171327311,0.0009643233072321722,10
SR-GNN,diginetica,popular,wearec,DPSBR,mrr,30,0.00824898345467503,0.0011310022461940255,10
SR-GNN,diginetica,popular,wearec,DPSBR,mrr,40,0.01103526374913317,0.0016291438111435198,10
SR-GNN,diginetica,popular,wearec,DPSBR,mrr,50,0.013945239536959392,0.002062073932238885,10
SR-GNN,diginetica,popular,wearec,DPSBR,recall,10,0.014712938315422742,0.0021812477359606525,10
SR-GNN,diginetica,popular,wearec,DPSBR,recall,20,0.04615005422458835,0.007953841888482397,10
SR-GNN,diginetica,popular,wearec,DPSBR,recall,30,0.10475861842321466,0.022946344891448586,10
SR-GNN,diginetica,popular,wearec,DPSBR,recall,40,0.20403726708074532,0.047725458822299206,10
SR-GNN,diginetica,popular,wearec,DPSBR,recall,50,0.3362976108317723,0.0693021874773239,10
SR-GNN,diginetica,popular,wearec,Poisoning-SSL,mrr,10,0.010342647104083471,0.009070529095101296,10
SR-GNN,diginetica,popular,wearec,Poisoning-SSL,mrr,20,0.01202967649516023,0.00943223288484185,10
SR-GNN,diginetica,popular,wearec,Poisoning-SSL,mrr,30,0.01309512145732769,0.009573390941791418,10
SR-GNN,diginetica,popular,wearec,Poisoning-SSL,mrr,40,0.013897627741858482,0.009625395318793466,10
SR-GNN,diginetica,popular,wearec,Poisoning-SSL,mrr,50,0.014539141550175012,0.009632243303792384,10
SR-GNN,diginetica,popular,wearec,Poisoning-SSL,recall,10,0.030903085872029928,0.019506171268923168,10
SR-GNN,diginetica,popular,wearec,Poisoning-SSL,recall,20,0.05621610963225866,0.026254807774047647,10
SR-GNN,diginetica,popular,wearec,Poisoning-SSL,recall,30,0.08306713989943798,0.03134872762312719,10
SR-GNN,diginetica,popular,wearec,Poisoning-SSL,recall,40,0.11137566137566135,0.03534529572948143,10
SR-GNN,diginetica,popular,wearec,Poisoning-SSL,recall,50,0.14043675441190967,0.03788507786485888,10
SR-GNN,diginetica,popular,wearec,TC-SACP-C,mrr,10,0.00295413484004134,0.0011211173352966527,10
SR-GNN,diginetica,popular,wearec,TC-SACP-C,mrr,20,0.0049948764392367204,0.001159618754667641,10
SR-GNN,diginetica,popular,wearec,TC-SACP-C,mrr,30,0.007230903045312311,0.0013785667892319362,10
SR-GNN,diginetica,popular,wearec,TC-SACP-C,mrr,40,0.009972498334795141,0.0017341053145578187,10
SR-GNN,diginetica,popular,wearec,TC-SACP-C,mrr,50,0.012777420357831751,0.0020925579115973533,10
SR-GNN,diginetica,popular,wearec,TC-SACP-C,recall,10,0.01360215583818063,0.002372719844544516,10
SR-GNN,diginetica,popular,wearec,TC-SACP-C,recall,20,0.0450885668276972,0.006729009747097303,10
SR-GNN,diginetica,popular,wearec,TC-SACP-C,recall,30,0.10242203161457815,0.019328609068814933,10
SR-GNN,diginetica,popular,wearec,TC-SACP-C,recall,40,0.20004929508035096,0.03656405247801459,10
SR-GNN,diginetica,popular,wearec,TC-SACP-C,recall,50,0.3275460909001281,0.05413751836233812,10
SR-GNN,diginetica,popular,wearec,TC-SACP-G,mrr,10,0.0034496240793686697,0.0014300602791777089,10
SR-GNN,diginetica,popular,wearec,TC-SACP-G,mrr,20,0.0055206345516378,0.0016136068853735304,10
SR-GNN,diginetica,popular,wearec,TC-SACP-G,mrr,30,0.007941836650128941,0.0021078007190432147,10
SR-GNN,diginetica,popular,wearec,TC-SACP-G,mrr,40,0.01087168079989998,0.002780966625011714,10
SR-GNN,diginetica,popular,wearec,TC-SACP-G,mrr,50,0.01377037147971622,0.0032362044143343914,10
SR-GNN,diginetica,popular,wearec,TC-SACP-G,recall,10,0.01363501922508129,0.0038703977179408476,10
SR-GNN,diginetica,popular,wearec,TC-SACP-G,recall,20,0.04587564494396787,0.014478420968363253,10
SR-GNN,diginetica,popular,wearec,TC-SACP-G,recall,30,0.107992375694239,0.03745988126795439,10
SR-GNN,diginetica,popular,wearec,TC-SACP-G,recall,40,0.21225968648328894,0.06648786236732836,10
SR-GNN,diginetica,popular,wearec,TC-SACP-G,recall,50,0.343921916592724,0.08550509362251651,10
SR-GNN,diginetica,unpopular,freqrec,CLEAN,mrr,10,0.000012117721868288761,0.000014069216934973833,10
SR-GNN,diginetica,unpopular,freqrec,CLEAN,mrr,20,0.000016951550282464646,0.00001556550849380695,10
SR-GNN,diginetica,unpopular,freqrec,CLEAN,mrr,30,0.000021268481842505898,0.000015078237675713592,10
SR-GNN,diginetica,unpopular,freqrec,CLEAN,mrr,40,0.00002478936696968133,0.00001504353559363712,10
SR-GNN,diginetica,unpopular,freqrec,CLEAN,mrr,50,0.000027837051165996263,0.000015137649876499502,10
SR-GNN,diginetica,unpopular,freqrec,CLEAN,recall,10,0.000047651911005929685,0.00006218527054006493,10
SR-GNN,diginetica,unpopular,freqrec,CLEAN,recall,20,0.00011995136218735589,0.00012634489501463223,10
SR-GNN,diginetica,unpopular,freqrec,CLEAN,recall,30,0.0002300437083045316,0.00016192607380123233,10
SR-GNN,diginetica,unpopular,freqrec,CLEAN,recall,40,0.00035492457852702084,0.00023725959326227112,10
SR-GNN,diginetica,unpopular,freqrec,CLEAN,recall,50,0.00049295080350976,0.00030535256640632554,10
SR-GNN,diginetica,unpopular,freqrec,CREAT,mrr,10,0.00072261371383915,0.00009519949505002888,10
SR-GNN,diginetica,unpopular,freqrec,CREAT,mrr,20,0.00138758245482833,0.0001595500085436754,10
SR-GNN,diginetica,unpopular,freqrec,CREAT,mrr,30,0.0020732682193333298,0.00020023951320636334,10
SR-GNN,diginetica,unpopular,freqrec,CREAT,mrr,40,0.00284797792250215,0.0002703366325017946,10
SR-GNN,diginetica,unpopular,freqrec,CREAT,mrr,50,0.00369675486732313,0.0003442229203132438,10
SR-GNN,diginetica,unpopular,freqrec,CREAT,recall,10,0.004176936475073089,0.00056486161981007,10
SR-GNN,diginetica,unpopular,freqrec,CREAT,recall,20,0.01445496072825261,0.0016771966868728988,10
SR-GNN,diginetica,unpopular,freqrec,CREAT,recall,30,0.03193663939005549,0.002841022427072255,10
SR-GNN,diginetica,unpopular,freqrec,CREAT,recall,40,0.05953859804791477,0.005591151548526787,10
SR-GNN,diginetica,unpopular,freqrec,CREAT,recall,50,0.09821880442998451,0.009226711510897734,10
SR-GNN,diginetica,unpopular,freqrec,DPSBR,mrr,10,0.00075002464754011,0.00021558906905964754,10
SR-GNN,diginetica,unpopular,freqrec,DPSBR,mrr,20,0.00141065187054918,0.0003447158205323503,10
SR-GNN,diginetica,unpopular,freqrec,DPSBR,mrr,30,0.0021638239468334797,0.0005068391022492727,10
SR-GNN,diginetica,unpopular,freqrec,DPSBR,mrr,40,0.00309143072733735,0.0007318410202617181,10
SR-GNN,diginetica,unpopular,freqrec,DPSBR,mrr,50,0.0041866516270200205,0.0009635027252520149,10
SR-GNN,diginetica,unpopular,freqrec,DPSBR,recall,10,0.00425745177297968,0.0010949106997746863,10
SR-GNN,diginetica,unpopular,freqrec,DPSBR,recall,20,0.0144352426961122,0.0031272471774197587,10
SR-GNN,diginetica,unpopular,freqrec,DPSBR,recall,30,0.03373755299221135,0.0072675646210840165,10
SR-GNN,diginetica,unpopular,freqrec,DPSBR,recall,40,0.06680797923033943,0.01534093892482843,10
SR-GNN,diginetica,unpopular,freqrec,DPSBR,recall,50,0.11679812021426925,0.02593878402458724,10
SR-GNN,diginetica,unpopular,freqrec,Poisoning-SSL,mrr,10,0.00461868625220193,0.0007532247089168198,10
SR-GNN,diginetica,unpopular,freqrec,Poisoning-SSL,mrr,20,0.00554286726206631,0.0007640150613368581,10
SR-GNN,diginetica,unpopular,freqrec,Poisoning-SSL,mrr,30,0.00615215186322756,0.0007830522885946433,10
SR-GNN,diginetica,unpopular,freqrec,Poisoning-SSL,mrr,40,0.006629661636779941,0.00078296123435756,10
SR-GNN,diginetica,unpopular,freqrec,Poisoning-SSL,mrr,50,0.00703295598251623,0.0007712001749331996,10
SR-GNN,diginetica,unpopular,freqrec,Poisoning-SSL,recall,10,0.01657957869137989,0.002075285225567028,10
SR-GNN,diginetica,unpopular,freqrec,Poisoning-SSL,recall,20,0.030438068947385676,0.0036626765226524683,10
SR-GNN,diginetica,unpopular,freqrec,Poisoning-SSL,recall,30,0.045854283742482446,0.005871281135767741,10
SR-GNN,diginetica,unpopular,freqrec,Poisoning-SSL,recall,40,0.06273620559334842,0.007908067229664587,10
SR-GNN,diginetica,unpopular,freqrec,Poisoning-SSL,recall,50,0.08103453941963254,0.010352321003969699,10
SR-GNN,diginetica,unpopular,freqrec,TC-SACP-C,mrr,10,0.0006984558642105299,0.00013688600869844595,10
SR-GNN,diginetica,unpopular,freqrec,TC-SACP-C,mrr,20,0.00140169915901199,0.00021756156020569787,10
SR-GNN,diginetica,unpopular,freqrec,TC-SACP-C,mrr,30,0.0021514234254236798,0.0002950483748345118,10
SR-GNN,diginetica,unpopular,freqrec,TC-SACP-C,mrr,40,0.00301601087215514,0.000396451224313636,10
SR-GNN,diginetica,unpopular,freqrec,TC-SACP-C,mrr,50,0.00397665930301934,0.0004937321308516016,10
SR-GNN,diginetica,unpopular,freqrec,TC-SACP-C,recall,10,0.00411778237865189,0.0007893372336093213,10
SR-GNN,diginetica,unpopular,freqrec,TC-SACP-C,recall,20,0.014990633934733261,0.0022186106058270302,10
SR-GNN,diginetica,unpopular,freqrec,TC-SACP-C,recall,30,0.03413848631239931,0.004147354218715541,10
SR-GNN,diginetica,unpopular,freqrec,TC-SACP-C,recall,40,0.06491997765289688,0.00784837514357138,10
SR-GNN,diginetica,unpopular,freqrec,TC-SACP-C,recall,50,0.1087202997140885,0.012642964066971314,10
SR-GNN,diginetica,unpopular,freqrec,TC-SACP-G,mrr,10,0.00067680580398707,0.00021224116604760817,10
SR-GNN,diginetica,unpopular,freqrec,TC-SACP-G,mrr,20,0.00132084389957919,0.0003857938294959872,10
SR-GNN,diginetica,unpopular,freqrec,TC-SACP-G,mrr,30,0.00202177145156923,0.0005520139746803016,10
SR-GNN,diginetica,unpopular,freqrec,TC-SACP-G,mrr,40,0.00287959158332002,0.0007415795439943034,10
SR-GNN,diginetica,unpopular,freqrec,TC-SACP-G,mrr,50,0.00391800179284005,0.0009473877913408723,10
SR-GNN,diginetica,unpopular,freqrec,TC-SACP-G,recall,10,0.00392060205724796,0.0011837967954031795,10
SR-GNN,diginetica,unpopular,freqrec,TC-SACP-G,recall,20,0.013891353642906371,0.003813869637359425,10
SR-GNN,diginetica,unpopular,freqrec,TC-SACP-G,recall,30,0.03187912846297936,0.008120517301322575,10
SR-GNN,diginetica,unpopular,freqrec,TC-SACP-G,recall,40,0.062437148772552464,0.015034660892625482,10
SR-GNN,diginetica,unpopular,freqrec,TC-SACP-G,recall,50,0.10975385323211406,0.024590511238811782,10
SR-GNN,diginetica,unpopular,mdhg,CLEAN,mrr,10,0.000006918916634976971,0.000010776966771554889,10
SR-GNN,diginetica,unpopular,mdhg,CLEAN,mrr,20,0.000008211625621366022,0.000010439166722137607,10
SR-GNN,diginetica,unpopular,mdhg,CLEAN,mrr,30,0.000008983758929764966,0.000010240533678202428,10
SR-GNN,diginetica,unpopular,mdhg,CLEAN,mrr,40,0.000009583647294735744,0.000010172798936232496,10
SR-GNN,diginetica,unpopular,mdhg,CLEAN,mrr,50,0.000009918520033745769,0.000010407821248608473,10
SR-GNN,diginetica,unpopular,mdhg,CLEAN,recall,10,0.00002300437083045779,0.000023494704163273215,10
SR-GNN,diginetica,unpopular,mdhg,CLEAN,recall,20,0.00004272240297085017,0.00002592298917961863,10
SR-GNN,diginetica,unpopular,mdhg,CLEAN,recall,30,0.00006244043511124097,0.000035327079423347296,10
SR-GNN,diginetica,unpopular,mdhg,CLEAN,recall,40,0.00008380163659664017,0.00004611945717353938,10
SR-GNN,diginetica,unpopular,mdhg,CLEAN,recall,50,0.00009859016070195207,0.000055857017029713296,10
SR-GNN,diginetica,unpopular,mdhg,CREAT,mrr,10,0.19984128940280968,0.421286214279847,10
SR-GNN,diginetica,unpopular,mdhg,CREAT,mrr,20,0.19985057317441035,0.42128132129122026,10
SR-GNN,diginetica,unpopular,mdhg,CREAT,mrr,30,0.1998636227498991,0.4212744436420768,10
SR-GNN,diginetica,unpopular,mdhg,CREAT,mrr,40,0.19988355661802312,0.4212639378819954,10
SR-GNN,diginetica,unpopular,mdhg,CREAT,mrr,50,0.1999036639491959,0.42125334069230935,10
SR-GNN,diginetica,unpopular,mdhg,CREAT,recall,10,0.20002300437083048,0.4216248978949963,10
SR-GNN,diginetica,unpopular,mdhg,CREAT,recall,20,0.20016431693450323,0.42155042548802696,10
SR-GNN,diginetica,unpopular,mdhg,CREAT,recall,30,0.20049623714219983,0.42137557174698,10
SR-GNN,diginetica,unpopular,mdhg,CREAT,recall,40,0.20121101580728906,0.4209992552662914,10
SR-GNN,diginetica,unpopular,mdhg,CREAT,recall,50,0.20213119064050736,0.4205147909227956,10
SR-GNN,diginetica,unpopular,mdhg,DPSBR,mrr,10,0.2995231646450467,0.48204216991274723,10
SR-GNN,diginetica,unpopular,mdhg,DPSBR,mrr,20,0.299568242351735,0.4820138746798253,10
SR-GNN,diginetica,unpopular,mdhg,DPSBR,mrr,30,0.29961144320219224,0.4819850024030234,10
SR-GNN,diginetica,unpopular,mdhg,DPSBR,mrr,40,0.29965503352169104,0.4819556412106016,10
SR-GNN,diginetica,unpopular,mdhg,DPSBR,mrr,50,0.29970950007450703,0.48191848336817683,10
SR-GNN,diginetica,unpopular,mdhg,DPSBR,recall,10,0.29993920273423375,0.48188718120348434,10
SR-GNN,diginetica,unpopular,mdhg,DPSBR,recall,20,0.30064412238325283,0.48144234218115844,10
SR-GNN,diginetica,unpopular,mdhg,DPSBR,recall,30,0.30174833218311475,0.48070345727241837,10
SR-GNN,diginetica,unpopular,mdhg,DPSBR,recall,40,0.30330112721417063,0.47965972552230013,10
SR-GNN,diginetica,unpopular,mdhg,DPSBR,recall,50,0.30578066975582496,0.47797411303026655,10
SR-GNN,diginetica,unpopular,mdhg,Poisoning-SSL,mrr,10,0.5977937113040144,0.5140250849235884,10
SR-GNN,diginetica,unpopular,mdhg,Poisoning-SSL,mrr,20,0.5978917948242937,0.5139128144583935,10
SR-GNN,diginetica,unpopular,mdhg,Poisoning-SSL,mrr,30,0.5979690314312027,0.5138159102305851,10
SR-GNN,diginetica,unpopular,mdhg,Poisoning-SSL,mrr,40,0.5980381893764641,0.5137271963125886,10
SR-GNN,diginetica,unpopular,mdhg,Poisoning-SSL,mrr,50,0.5980927084574204,0.5136571263803015,10
SR-GNN,diginetica,unpopular,mdhg,Poisoning-SSL,recall,10,0.6007607874067501,0.5149386664081859,10
SR-GNN,diginetica,unpopular,mdhg,Poisoning-SSL,recall,20,0.6022527851720398,0.5132009825840759,10
SR-GNN,diginetica,unpopular,mdhg,Poisoning-SSL,recall,30,0.604219658878044,0.5107284942477,10
SR-GNN,diginetica,unpopular,mdhg,Poisoning-SSL,recall,40,0.6066663380327977,0.507600030214851,10
SR-GNN,diginetica,unpopular,mdhg,Poisoning-SSL,recall,50,0.6091343783890367,0.5044397863088212,10
SR-GNN,diginetica,unpopular,mdhg,TC-SACP-C,mrr,10,0.292313427249587,0.3091061529588995,10
SR-GNN,diginetica,unpopular,mdhg,TC-SACP-C,mrr,20,0.29358935976394146,0.3104227391123017,10
SR-GNN,diginetica,unpopular,mdhg,TC-SACP-C,mrr,30,0.29389096103407847,0.31071840205429924,10
SR-GNN,diginetica,unpopular,mdhg,TC-SACP-C,mrr,40,0.2940183362368489,0.3108313447412622,10
SR-GNN,diginetica,unpopular,mdhg,TC-SACP-C,mrr,50,0.2940970103880761,0.3108770862691852,10
SR-GNN,diginetica,unpopular,mdhg,TC-SACP-C,recall,10,0.3700187321305334,0.39111609831322147,10
SR-GNN,diginetica,unpopular,mdhg,TC-SACP-C,recall,20,0.38788984192710896,0.40976174181458846,10
SR-GNN,diginetica,unpopular,mdhg,TC-SACP-C,recall,30,0.3953186105360018,0.41712738302420016,10
SR-GNN,diginetica,unpopular,mdhg,TC-SACP-C,recall,40,0.39976502678366027,0.42112826673110054,10
SR-GNN,diginetica,unpopular,mdhg,TC-SACP-C,recall,50,0.403317558907621,0.4232089691822747,10
SR-GNN,diginetica,unpopular,mdhg,TC-SACP-G,mrr,10,0.6999576831729548,0.48292932600116095,10
SR-GNN,diginetica,unpopular,mdhg,TC-SACP-G,mrr,20,0.699984805408153,0.48288658996629286,10
SR-GNN,diginetica,unpopular,mdhg,TC-SACP-G,mrr,30,0.7000106757474864,0.4828453565793013,10
SR-GNN,diginetica,unpopular,mdhg,TC-SACP-G,mrr,40,0.7000379976375364,0.48280136559230613,10
SR-GNN,diginetica,unpopular,mdhg,TC-SACP-G,mrr,50,0.7000695038231228,0.4827507995278872,10
SR-GNN,diginetica,unpopular,mdhg,TC-SACP-G,recall,10,0.7001314535476026,0.4826679920094266,10
SR-GNN,diginetica,unpopular,mdhg,TC-SACP-G,recall,20,0.7005603207466561,0.48199267948304714,10
SR-GNN,diginetica,unpopular,mdhg,TC-SACP-G,recall,30,0.7012192316540142,0.48094322467733636,10
SR-GNN,diginetica,unpopular,mdhg,TC-SACP-G,recall,40,0.7021903447369285,0.47938033498117527,10
SR-GNN,diginetica,unpopular,mdhg,TC-SACP-G,recall,50,0.7036264747444871,0.4770764087405071,10
SR-GNN,diginetica,unpopular,miasrec,CLEAN,mrr,10,0.000008811169587074153,0.00001799354775628964,10
SR-GNN,diginetica,unpopular,miasrec,CLEAN,mrr,20,0.000011016694874257732,0.00001773041193836236,10
SR-GNN,diginetica,unpopular,miasrec,CLEAN,mrr,30,0.000013936495162725554,0.000018624463291925727,10
SR-GNN,diginetica,unpopular,miasrec,CLEAN,mrr,40,0.000017967351838751295,0.000017546153168242627,10
SR-GNN,diginetica,unpopular,miasrec,CLEAN,mrr,50,0.00002264462935163159,0.0000181072247363561,10
SR-GNN,diginetica,unpopular,miasrec,CLEAN,recall,10,0.000024647540175488893,0.00004598917596083002,10
SR-GNN,diginetica,unpopular,miasrec,CLEAN,recall,20,0.000057510927076131286,0.00004598917596081242,10
SR-GNN,diginetica,unpopular,miasrec,CLEAN,recall,30,0.00013145354760259209,0.00008049852912625685,10
SR-GNN,diginetica,unpopular,miasrec,CLEAN,recall,40,0.0002727661112753608,0.00018496504979641768,10
SR-GNN,diginetica,unpopular,miasrec,CLEAN,recall,50,0.00048637812612962615,0.0004626363968713655,10
SR-GNN,diginetica,unpopular,miasrec,CREAT,mrr,10,0.10276729670473675,0.018325233793012385,10
SR-GNN,diginetica,unpopular,miasrec,CREAT,mrr,20,0.10493795942812074,0.0179535224406559,10
SR-GNN,diginetica,unpopular,miasrec,CREAT,mrr,30,0.10522546057630185,0.017858942339043924,10
SR-GNN,diginetica,unpopular,miasrec,CREAT,mrr,40,0.1053209506347419,0.017878123448148816,10
SR-GNN,diginetica,unpopular,miasrec,CREAT,mrr,50,0.10538926013017003,0.01792410518745511,10
SR-GNN,diginetica,unpopular,miasrec,CREAT,recall,10,0.28991751289887935,0.05138937384389195,10
SR-GNN,diginetica,unpopular,miasrec,CREAT,recall,20,0.3195044201255381,0.08105405940600964,10
SR-GNN,diginetica,unpopular,miasrec,CREAT,recall,30,0.32653225541424297,0.08959137998123165,10
SR-GNN,diginetica,unpopular,miasrec,CREAT,recall,40,0.32987939137007455,0.093908268328896,10
SR-GNN,diginetica,unpopular,miasrec,CREAT,recall,50,0.3329784087548063,0.09818296591632701,10
SR-GNN,diginetica,unpopular,miasrec,DPSBR,mrr,10,0.05013798775395438,0.014200095503404299,10
SR-GNN,diginetica,unpopular,miasrec,DPSBR,mrr,20,0.07007653776248338,0.015334212363685339,10
SR-GNN,diginetica,unpopular,miasrec,DPSBR,mrr,30,0.07759542081387606,0.015074784098288023,10
SR-GNN,diginetica,unpopular,miasrec,DPSBR,mrr,40,0.08054328231652805,0.014922589394509017,10
SR-GNN,diginetica,unpopular,miasrec,DPSBR,mrr,50,0.0818338816263074,0.014800257685364762,10
SR-GNN,diginetica,unpopular,miasrec,DPSBR,recall,10,0.2279864602845969,0.052719545578270806,10
SR-GNN,diginetica,unpopular,miasrec,DPSBR,recall,20,0.5214137829044662,0.07431339563110112,10
SR-GNN,diginetica,unpopular,miasrec,DPSBR,recall,30,0.7072332314568339,0.08649257665922395,10
SR-GNN,diginetica,unpopular,miasrec,DPSBR,recall,40,0.809691412797003,0.08564420143747122,10
SR-GNN,diginetica,unpopular,miasrec,DPSBR,recall,50,0.867637779749581,0.07619687908515559,10
SR-GNN,diginetica,unpopular,miasrec,Poisoning-SSL,mrr,10,0.04108419573641892,0.010189764164609297,10
SR-GNN,diginetica,unpopular,miasrec,Poisoning-SSL,mrr,20,0.04601741428196879,0.010713889877210394,10
SR-GNN,diginetica,unpopular,miasrec,Poisoning-SSL,mrr,30,0.04867004106663841,0.010874342090277904,10
SR-GNN,diginetica,unpopular,miasrec,Poisoning-SSL,mrr,40,0.05050110911475001,0.010942964139627974,10
SR-GNN,diginetica,unpopular,miasrec,Poisoning-SSL,mrr,50,0.051863811540949524,0.01098150039279175,10
SR-GNN,diginetica,unpopular,miasrec,Poisoning-SSL,recall,10,0.1201682605409313,0.026006636169433713,10
SR-GNN,diginetica,unpopular,miasrec,Poisoning-SSL,recall,20,0.19333694830589238,0.040125255196480684,10
SR-GNN,diginetica,unpopular,miasrec,Poisoning-SSL,recall,30,0.26006934174636037,0.05171908804565565,10
SR-GNN,diginetica,unpopular,miasrec,Poisoning-SSL,recall,40,0.3245440205067534,0.06327823621355187,10
SR-GNN,diginetica,unpopular,miasrec,Poisoning-SSL,recall,50,0.3862729632915968,0.07309536007649768,10
SR-GNN,diginetica,unpopular,miasrec,TC-SACP-C,mrr,10,0.06854224405811875,0.014487379100525503,10
SR-GNN,diginetica,unpopular,miasrec,TC-SACP-C,mrr,20,0.09152290697168049,0.016228360855769508,10
SR-GNN,diginetica,unpopular,miasrec,TC-SACP-C,mrr,30,0.0994159930808444,0.01570515647386308,10
SR-GNN,diginetica,unpopular,miasrec,TC-SACP-C,mrr,40,0.10190874711915317,0.014978668372403962,10
SR-GNN,diginetica,unpopular,miasrec,TC-SACP-C,mrr,50,0.10269570822228091,0.014495627606812271,10
SR-GNN,diginetica,unpopular,miasrec,TC-SACP-C,recall,10,0.2941881100266193,0.065095950022473,10
SR-GNN,diginetica,unpopular,miasrec,TC-SACP-C,recall,20,0.6312695126359722,0.09020243960999778,10
SR-GNN,diginetica,unpopular,miasrec,TC-SACP-C,recall,30,0.8255677150087088,0.07717360388287049,10
SR-GNN,diginetica,unpopular,miasrec,TC-SACP-C,recall,40,0.9116977225672878,0.05052429260851536,10
SR-GNN,diginetica,unpopular,miasrec,TC-SACP-C,recall,50,0.9468188241480167,0.028100291857172225,10
SR-GNN,diginetica,unpopular,miasrec,TC-SACP-G,mrr,10,0.06559409439721124,0.020294250604519,10
SR-GNN,diginetica,unpopular,miasrec,TC-SACP-G,mrr,20,0.08816950873318913,0.021536323489037577,10
SR-GNN,diginetica,unpopular,miasrec,TC-SACP-G,mrr,30,0.09543347907519206,0.020472306485358516,10
SR-GNN,diginetica,unpopular,miasrec,TC-SACP-G,mrr,40,0.09781349295893274,0.019866505260386698,10
SR-GNN,diginetica,unpopular,miasrec,TC-SACP-G,mrr,50,0.0987181112984352,0.01947789113745758,10
SR-GNN,diginetica,unpopular,miasrec,TC-SACP-G,recall,10,0.28566334746458966,0.0869972500392433,10
SR-GNN,diginetica,unpopular,miasrec,TC-SACP-G,recall,20,0.6154112852870617,0.10195378650861073,10
SR-GNN,diginetica,unpopular,miasrec,TC-SACP-G,recall,30,0.7937871767064314,0.0779223159541762,10
SR-GNN,diginetica,unpopular,miasrec,TC-SACP-G,recall,40,0.8762003352065463,0.05680969616151626,10
SR-GNN,diginetica,unpopular,miasrec,TC-SACP-G,recall,50,0.916732393440468,0.038587391025568185,10
SR-GNN,diginetica,unpopular,srgnn,CLEAN,mrr,10,0.000009427358091461414,0.000010476684895059069,10
SR-GNN,diginetica,unpopular,srgnn,CLEAN,mrr,20,0.000014068658762234136,0.000010967212831084914,10
SR-GNN,diginetica,unpopular,srgnn,CLEAN,mrr,30,0.00001673315509733823,0.000010897063432066382,10
SR-GNN,diginetica,unpopular,srgnn,CLEAN,mrr,40,0.000019253862585971963,0.000010476661910741129,10
SR-GNN,diginetica,unpopular,srgnn,CLEAN,mrr,50,0.000022113024858643125,0.000010325431793165564,10
SR-GNN,diginetica,unpopular,srgnn,CLEAN,recall,10,0.00003779289493575208,0.000040286515163020566,10
SR-GNN,diginetica,unpopular,srgnn,CLEAN,recall,20,0.0001084491767721378,0.00008313852338670857,10
SR-GNN,diginetica,unpopular,srgnn,CLEAN,recall,30,0.00017581911991846697,0.00012199602574543255,10
SR-GNN,diginetica,unpopular,srgnn,CLEAN,recall,40,0.0002645502645502197,0.00017586091936196878,10
SR-GNN,diginetica,unpopular,srgnn,CLEAN,recall,50,0.00039764698149787,0.00025037597252029417,10
SR-GNN,diginetica,unpopular,srgnn,CREAT,mrr,10,0.05088093047202793,0.00825562038634438,10
SR-GNN,diginetica,unpopular,srgnn,CREAT,mrr,20,0.05517808731156028,0.007744729487896769,10
SR-GNN,diginetica,unpopular,srgnn,CREAT,mrr,30,0.056628749084526496,0.007196790073767385,10
SR-GNN,diginetica,unpopular,srgnn,CREAT,mrr,40,0.05732956742604363,0.006793337028390729,10
SR-GNN,diginetica,unpopular,srgnn,CREAT,mrr,50,0.05772434688165516,0.006535807300597078,10
SR-GNN,diginetica,unpopular,srgnn,CREAT,recall,10,0.14199119261231058,0.026765563722448423,10
SR-GNN,diginetica,unpopular,srgnn,CREAT,recall,20,0.20409806434651148,0.017768122655176345,10
SR-GNN,diginetica,unpopular,srgnn,CREAT,recall,30,0.2400374642610667,0.010344846342710823,10
SR-GNN,diginetica,unpopular,srgnn,CREAT,recall,40,0.26453054651812413,0.0243811115027708,10
SR-GNN,diginetica,unpopular,srgnn,CREAT,recall,50,0.282311282000723,0.040807261816340284,10
SR-GNN,diginetica,unpopular,srgnn,DPSBR,mrr,10,0.05240958134653288,0.005213158096665001,10
SR-GNN,diginetica,unpopular,srgnn,DPSBR,mrr,20,0.05938961036324538,0.005544672836111767,10
SR-GNN,diginetica,unpopular,srgnn,DPSBR,mrr,30,0.06269372372759854,0.005664446763132667,10
SR-GNN,diginetica,unpopular,srgnn,DPSBR,mrr,40,0.06462488912987127,0.005700384212836042,10
SR-GNN,diginetica,unpopular,srgnn,DPSBR,mrr,50,0.06582939045561767,0.005721777313634919,10
SR-GNN,diginetica,unpopular,srgnn,DPSBR,recall,10,0.14466134279798873,0.012743810992420338,10
SR-GNN,diginetica,unpopular,srgnn,DPSBR,recall,20,0.24754181865983105,0.017781819667307366,10
SR-GNN,diginetica,unpopular,srgnn,DPSBR,recall,30,0.33020145256170097,0.020829143410223728,10
SR-GNN,diginetica,unpopular,srgnn,DPSBR,recall,40,0.3980495579874462,0.02267347881416653,10
SR-GNN,diginetica,unpopular,srgnn,DPSBR,recall,50,0.4524220316145782,0.023756916970479543,10
SR-GNN,diginetica,unpopular,srgnn,Poisoning-SSL,mrr,10,0.03476466293901949,0.00426113327690049,10
SR-GNN,diginetica,unpopular,srgnn,Poisoning-SSL,mrr,20,0.03673091898388025,0.004494983170424511,10
SR-GNN,diginetica,unpopular,srgnn,Poisoning-SSL,mrr,30,0.03771352163909565,0.0045993539872767894,10
SR-GNN,diginetica,unpopular,srgnn,Poisoning-SSL,mrr,40,0.03834736136161563,0.004659835295985822,10
SR-GNN,diginetica,unpopular,srgnn,Poisoning-SSL,mrr,50,0.03879214343287899,0.004703317139675536,10
SR-GNN,diginetica,unpopular,srgnn,Poisoning-SSL,recall,10,0.06666009398928649,0.008161680195000558,10
SR-GNN,diginetica,unpopular,srgnn,Poisoning-SSL,recall,20,0.09567024877583881,0.011777626474794491,10
SR-GNN,diginetica,unpopular,srgnn,Poisoning-SSL,recall,30,0.1204130927733412,0.014702119814013726,10
SR-GNN,diginetica,unpopular,srgnn,Poisoning-SSL,recall,40,0.14271418712412495,0.017090212918032584,10
SR-GNN,diginetica,unpopular,srgnn,Poisoning-SSL,recall,50,0.16281179138321994,0.019358608805845123,10
SR-GNN,diginetica,unpopular,srgnn,TC-SACP-C,mrr,10,0.06337962180501427,0.0029299317089660315,10
SR-GNN,diginetica,unpopular,srgnn,TC-SACP-C,mrr,20,0.07276222760180413,0.0031661599187137878,10
SR-GNN,diginetica,unpopular,srgnn,TC-SACP-C,mrr,30,0.07693033581123142,0.0032514946223902086,10
SR-GNN,diginetica,unpopular,srgnn,TC-SACP-C,mrr,40,0.07927013539658576,0.003266537044155462,10
SR-GNN,diginetica,unpopular,srgnn,TC-SACP-C,mrr,50,0.08068692457649283,0.0032598213412429263,10
SR-GNN,diginetica,unpopular,srgnn,TC-SACP-C,recall,10,0.18591968188241476,0.008320676891957417,10
SR-GNN,diginetica,unpopular,srgnn,TC-SACP-C,recall,20,0.32391961615564097,0.013316518613870223,10
SR-GNN,diginetica,unpopular,srgnn,TC-SACP-C,recall,30,0.42806861875184854,0.01687592639728939,10
SR-GNN,diginetica,unpopular,srgnn,TC-SACP-C,recall,40,0.5101367116895068,0.0183879116625045,10
SR-GNN,diginetica,unpopular,srgnn,TC-SACP-C,recall,50,0.5740970784449045,0.01884554735197242,10
SR-GNN,diginetica,unpopular,srgnn,TC-SACP-G,mrr,10,0.06509152192431353,0.0031761632571901044,10
SR-GNN,diginetica,unpopular,srgnn,TC-SACP-G,mrr,20,0.07276582531293865,0.003284054266582411,10
SR-GNN,diginetica,unpopular,srgnn,TC-SACP-G,mrr,30,0.0762907300611584,0.0032407803391486323,10
SR-GNN,diginetica,unpopular,srgnn,TC-SACP-G,mrr,40,0.07832271894078334,0.0032025326603794956,10
SR-GNN,diginetica,unpopular,srgnn,TC-SACP-G,mrr,50,0.07958539601451717,0.0031878470450445013,10
SR-GNN,diginetica,unpopular,srgnn,TC-SACP-G,recall,10,0.1753245259456439,0.006762592705382376,10
SR-GNN,diginetica,unpopular,srgnn,TC-SACP-G,recall,20,0.28807059055506257,0.009423305830189039,10
SR-GNN,diginetica,unpopular,srgnn,TC-SACP-G,recall,30,0.37613953794078014,0.010421521390646265,10
SR-GNN,diginetica,unpopular,srgnn,TC-SACP-G,recall,40,0.4475007394262052,0.0113863349646977,10
SR-GNN,diginetica,unpopular,srgnn,TC-SACP-G,recall,50,0.5044546320943837,0.01271816481577449,10
SR-GNN,diginetica,unpopular,tron,CLEAN,mrr,10,0.000017494537113979092,0.000028219859067824105,10
SR-GNN,diginetica,unpopular,tron,CLEAN,mrr,20,0.00002875897768942276,0.000049032452718252684,10
SR-GNN,diginetica,unpopular,tron,CLEAN,mrr,30,0.000033427297664153746,0.00005724719906543203,10
SR-GNN,diginetica,unpopular,tron,CLEAN,mrr,40,0.00003757120027183938,0.0000650289438278231,10
SR-GNN,diginetica,unpopular,tron,CLEAN,mrr,50,0.0000400450127035847,0.00006883085413347982,10
SR-GNN,diginetica,unpopular,tron,CLEAN,recall,10,0.00008051529790659858,0.0001536458527176584,10
SR-GNN,diginetica,unpopular,tron,CLEAN,recall,20,0.00024647540175489396,0.000488487958668883,10
SR-GNN,diginetica,unpopular,tron,CLEAN,recall,30,0.00036478359459723054,0.0006996634880740524,10
SR-GNN,diginetica,unpopular,tron,CLEAN,recall,40,0.0005077393276150877,0.0009731438371818501,10
SR-GNN,diginetica,unpopular,tron,CLEAN,recall,50,0.0006211180124223232,0.0011530527770020917,10
SR-GNN,diginetica,unpopular,tron,CREAT,mrr,10,0.013383200914749722,0.011925059043484629,10
SR-GNN,diginetica,unpopular,tron,CREAT,mrr,20,0.01544751485442373,0.012461247677119803,10
SR-GNN,diginetica,unpopular,tron,CREAT,mrr,30,0.01687068024611673,0.012547373892841916,10
SR-GNN,diginetica,unpopular,tron,CREAT,mrr,40,0.01795942822938337,0.012456062616997828,10
SR-GNN,diginetica,unpopular,tron,CREAT,mrr,50,0.01881445756052464,0.012312185670104241,10
SR-GNN,diginetica,unpopular,tron,CREAT,recall,10,0.03797200039436059,0.028336584861374668,10
SR-GNN,diginetica,unpopular,tron,CREAT,recall,20,0.0691232048374905,0.03695057377714081,10
SR-GNN,diginetica,unpopular,tron,CREAT,recall,30,0.10503302770383509,0.0428319430061457,10
SR-GNN,diginetica,unpopular,tron,CREAT,recall,40,0.14349633573236054,0.047851902871265624,10
SR-GNN,diginetica,unpopular,tron,CREAT,recall,50,0.18223569621085145,0.0526378648451914,10
SR-GNN,diginetica,unpopular,tron,DPSBR,mrr,10,0.1180022797018508,0.015364939047005961,10
SR-GNN,diginetica,unpopular,tron,DPSBR,mrr,20,0.12727727907290537,0.015407377087828807,10
SR-GNN,diginetica,unpopular,tron,DPSBR,mrr,30,0.1309920122282378,0.01534397318928143,10
SR-GNN,diginetica,unpopular,tron,DPSBR,mrr,40,0.13300380135574327,0.015282329978343983,10
SR-GNN,diginetica,unpopular,tron,DPSBR,mrr,50,0.1342219815430245,0.015233310457986577,10
SR-GNN,diginetica,unpopular,tron,DPSBR,recall,10,0.34072430904729034,0.029917047481827504,10
SR-GNN,diginetica,unpopular,tron,DPSBR,recall,20,0.47583226527325906,0.03304421206267873,10
SR-GNN,diginetica,unpopular,tron,DPSBR,recall,30,0.5683936376482961,0.0326284806612819,10
SR-GNN,diginetica,unpopular,tron,DPSBR,recall,40,0.6389086069210294,0.03062403650994704,10
SR-GNN,diginetica,unpopular,tron,DPSBR,recall,50,0.6938808373590982,0.028398179338116187,10
SR-GNN,diginetica,unpopular,tron,Poisoning-SSL,mrr,10,0.06251549730389863,0.017219126560277503,10
SR-GNN,diginetica,unpopular,tron,Poisoning-SSL,mrr,20,0.07162255724517994,0.017267681787220688,10
SR-GNN,diginetica,unpopular,tron,Poisoning-SSL,mrr,30,0.07534247991853349,0.01708597505929352,10
SR-GNN,diginetica,unpopular,tron,Poisoning-SSL,mrr,40,0.0773233579161292,0.016942366497698726,10
SR-GNN,diginetica,unpopular,tron,Poisoning-SSL,mrr,50,0.07850191369329165,0.016824133851151342,10
SR-GNN,diginetica,unpopular,tron,Poisoning-SSL,recall,10,0.22237503697131028,0.04691920379181422,10
SR-GNN,diginetica,unpopular,tron,Poisoning-SSL,recall,20,0.3553386572020112,0.05547581160345463,10
SR-GNN,diginetica,unpopular,tron,Poisoning-SSL,recall,30,0.4481054257451772,0.061954113194595845,10
SR-GNN,diginetica,unpopular,tron,Poisoning-SSL,recall,40,0.5175671234677446,0.06654629623053317,10
SR-GNN,diginetica,unpopular,tron,Poisoning-SSL,recall,50,0.5707384403036577,0.06914432957699239,10
SR-GNN,diginetica,unpopular,tron,TC-SACP-C,mrr,10,0.014708031629184052,0.00482169600269722,10
SR-GNN,diginetica,unpopular,tron,TC-SACP-C,mrr,20,0.022748486540523062,0.005670043734394078,10
SR-GNN,diginetica,unpopular,tron,TC-SACP-C,mrr,30,0.02759201983827031,0.005780828571364813,10
SR-GNN,diginetica,unpopular,tron,TC-SACP-C,mrr,40,0.03067506179791888,0.005748538694850065,10
SR-GNN,diginetica,unpopular,tron,TC-SACP-C,mrr,50,0.03270985469007711,0.005685703988747371,10
SR-GNN,diginetica,unpopular,tron,TC-SACP-C,recall,10,0.07760524499654929,0.02241228969926987,10
SR-GNN,diginetica,unpopular,tron,TC-SACP-C,recall,20,0.19849157054125996,0.03882396652122916,10
SR-GNN,diginetica,unpopular,tron,TC-SACP-C,recall,30,0.32015511518617107,0.048819754320057196,10
SR-GNN,diginetica,unpopular,tron,TC-SACP-C,recall,40,0.4284794110881068,0.05609266580546216,10
SR-GNN,diginetica,unpopular,tron,TC-SACP-C,recall,50,0.5203391501528147,0.06078890614724057,10
SR-GNN,diginetica,unpopular,tron,TC-SACP-G,mrr,10,0.09952130499466097,0.01602864420911419,10
SR-GNN,diginetica,unpopular,tron,TC-SACP-G,mrr,20,0.10832255355564582,0.01601841465045075,10
SR-GNN,diginetica,unpopular,tron,TC-SACP-G,mrr,30,0.11170890188339529,0.016004211367853675,10
SR-GNN,diginetica,unpopular,tron,TC-SACP-G,mrr,40,0.1135202763770723,0.015989200337498014,10
SR-GNN,diginetica,unpopular,tron,TC-SACP-G,mrr,50,0.11462578294130539,0.015984336685288075,10
SR-GNN,diginetica,unpopular,tron,TC-SACP-G,recall,10,0.3148690394032009,0.03223872297091766,10
SR-GNN,diginetica,unpopular,tron,TC-SACP-G,recall,20,0.4426106674553879,0.033975192153385216,10
SR-GNN,diginetica,unpopular,tron,TC-SACP-G,recall,30,0.5269496204278813,0.03490324063733639,10
SR-GNN,diginetica,unpopular,tron,TC-SACP-G,recall,40,0.5904466134279799,0.03549092470202192,10
SR-GNN,diginetica,unpopular,tron,TC-SACP-G,recall,50,0.6403184462190673,0.03583628341990062,10
SR-GNN,diginetica,unpopular,wearec,CLEAN,mrr,10,0.000008391248532232463,0.000008905077840139925,10
SR-GNN,diginetica,unpopular,wearec,CLEAN,mrr,20,0.00001309805796474606,0.000010898044572068136,10
SR-GNN,diginetica,unpopular,wearec,CLEAN,mrr,30,0.00001881795814046722,0.000015513499728350608,10
SR-GNN,diginetica,unpopular,wearec,CLEAN,mrr,40,0.00002505522561846164,0.00002136202178957275,10
SR-GNN,diginetica,unpopular,wearec,CLEAN,mrr,50,0.00002875036512502984,0.00002491387181477156,10
SR-GNN,diginetica,unpopular,wearec,CLEAN,recall,10,0.00002957704821057969,0.000036166319452295555,10
SR-GNN,diginetica,unpopular,wearec,CLEAN,recall,20,0.00010351966873703777,0.00009890914980670507,10
SR-GNN,diginetica,unpopular,wearec,CLEAN,recall,30,0.00025140490978996856,0.00027232912252529804,10
SR-GNN,diginetica,unpopular,wearec,CLEAN,recall,40,0.00047158960202434163,0.0005464097435001549,10
SR-GNN,diginetica,unpopular,wearec,CLEAN,recall,50,0.0006408360445627054,0.0007342759001771998,10
SR-GNN,diginetica,unpopular,wearec,CREAT,mrr,10,0.00369407029739273,0.0017028132401330203,10
SR-GNN,diginetica,unpopular,wearec,CREAT,mrr,20,0.00587047702807977,0.0020103833331127923,10
SR-GNN,diginetica,unpopular,wearec,CREAT,mrr,30,0.00817794193401982,0.002275596665310086,10
SR-GNN,diginetica,unpopular,wearec,CREAT,mrr,40,0.010612949172471981,0.0024089514315168495,10
SR-GNN,diginetica,unpopular,wearec,CREAT,mrr,50,0.01273930884255838,0.002367837978785528,10
SR-GNN,diginetica,unpopular,wearec,CREAT,recall,10,0.01578428472838404,0.004492292630967022,10
SR-GNN,diginetica,unpopular,wearec,CREAT,recall,20,0.04947747214827955,0.012232459753092843,10
SR-GNN,diginetica,unpopular,wearec,CREAT,recall,30,0.10849682868316404,0.02365514925169302,10
SR-GNN,diginetica,unpopular,wearec,CREAT,recall,40,0.19477636465214102,0.033226029109296146,10
SR-GNN,diginetica,unpopular,wearec,CREAT,recall,50,0.29129613197936177,0.04104664143185844,10
SR-GNN,diginetica,unpopular,wearec,DPSBR,mrr,10,0.00353089836502036,0.0012704300361468584,10
SR-GNN,diginetica,unpopular,wearec,DPSBR,mrr,20,0.00543395882231048,0.001264434357587437,10
SR-GNN,diginetica,unpopular,wearec,DPSBR,mrr,30,0.00753822455705144,0.0012624464941282533,10
SR-GNN,diginetica,unpopular,wearec,DPSBR,mrr,40,0.01018516428373167,0.0015757453391653945,10
SR-GNN,diginetica,unpopular,wearec,DPSBR,mrr,50,0.013053701439380968,0.0019677772791288563,10
SR-GNN,diginetica,unpopular,wearec,DPSBR,recall,10,0.01348384764533827,0.0023285023164079295,10
SR-GNN,diginetica,unpopular,wearec,DPSBR,recall,20,0.042814420454171956,0.006451811895787867,10
SR-GNN,diginetica,unpopular,wearec,DPSBR,recall,30,0.09701436130007554,0.015897511172799018,10
SR-GNN,diginetica,unpopular,wearec,DPSBR,recall,40,0.19149166913142066,0.03510966928652849,10
SR-GNN,diginetica,unpopular,wearec,DPSBR,recall,50,0.32179335502316864,0.05418443207949668,10
SR-GNN,diginetica,unpopular,wearec,Poisoning-SSL,mrr,10,0.0072898379887189405,0.0026500119922250377,10
SR-GNN,diginetica,unpopular,wearec,Poisoning-SSL,mrr,20,0.00869716203508463,0.0027823808229303446,10
SR-GNN,diginetica,unpopular,wearec,Poisoning-SSL,mrr,30,0.00957100517020834,0.002846656381192965,10
SR-GNN,diginetica,unpopular,wearec,Poisoning-SSL,mrr,40,0.010256763177054071,0.0028900600883805575,10
SR-GNN,diginetica,unpopular,wearec,Poisoning-SSL,mrr,50,0.01081851597548108,0.0029405297347420744,10
SR-GNN,diginetica,unpopular,wearec,Poisoning-SSL,recall,10,0.02430576095172361,0.00590046937748928,10
SR-GNN,diginetica,unpopular,wearec,Poisoning-SSL,recall,20,0.04535311709224748,0.011472814604647458,10
SR-GNN,diginetica,unpopular,wearec,Poisoning-SSL,recall,30,0.06743074041210682,0.016822585981576592,10
SR-GNN,diginetica,unpopular,wearec,Poisoning-SSL,recall,40,0.09164941338854378,0.023308198942645842,10
SR-GNN,diginetica,unpopular,wearec,Poisoning-SSL,recall,50,0.11713332676065591,0.030035582756070683,10
SR-GNN,diginetica,unpopular,wearec,TC-SACP-C,mrr,10,0.00254068474257269,0.000899106493183353,10
SR-GNN,diginetica,unpopular,wearec,TC-SACP-C,mrr,20,0.004592762413836051,0.0010428626193137952,10
SR-GNN,diginetica,unpopular,wearec,TC-SACP-C,mrr,30,0.00665017324766339,0.001299417478898956,10
SR-GNN,diginetica,unpopular,wearec,TC-SACP-C,mrr,40,0.00919428094322932,0.001760278755424363,10
SR-GNN,diginetica,unpopular,wearec,TC-SACP-C,mrr,50,0.01179448432537614,0.0021704074874780133,10
SR-GNN,diginetica,unpopular,wearec,TC-SACP-C,recall,10,0.01337375529922109,0.0026614885722216174,10
SR-GNN,diginetica,unpopular,wearec,TC-SACP-C,recall,20,0.045090209997042247,0.007454076744388934,10
SR-GNN,diginetica,unpopular,wearec,TC-SACP-C,recall,30,0.09788031154490777,0.01837187565568776,10
SR-GNN,diginetica,unpopular,wearec,TC-SACP-C,recall,40,0.18857175720529754,0.040157667385941856,10
SR-GNN,diginetica,unpopular,wearec,TC-SACP-C,recall,50,0.30673863748397906,0.062217058072488486,10
SR-GNN,diginetica,unpopular,wearec,TC-SACP-G,mrr,10,0.00385816944675264,0.0013057919882120167,10
SR-GNN,diginetica,unpopular,wearec,TC-SACP-G,mrr,20,0.0062675958703003205,0.001589809918257291,10
SR-GNN,diginetica,unpopular,wearec,TC-SACP-G,mrr,30,0.009202606079192831,0.002313637937281737,10
SR-GNN,diginetica,unpopular,wearec,TC-SACP-G,mrr,40,0.012613138770366631,0.0031642917096901986,10
SR-GNN,diginetica,unpopular,wearec,TC-SACP-G,mrr,50,0.01576999013374636,0.0036220534975351217,10
SR-GNN,diginetica,unpopular,wearec,TC-SACP-G,recall,10,0.015560813697459607,0.0034094169095992247,10
SR-GNN,diginetica,unpopular,wearec,TC-SACP-G,recall,20,0.0530316474415853,0.01436704604979957,10
SR-GNN,diginetica,unpopular,wearec,TC-SACP-G,recall,30,0.12848434059614178,0.03809674812325974,10
SR-GNN,diginetica,unpopular,wearec,TC-SACP-G,recall,40,0.24964343225212787,0.06939086042252315,10
SR-GNN,diginetica,unpopular,wearec,TC-SACP-G,recall,50,0.39280949094613693,0.08978575389737133,10
SR-GNN,yoochoose1_64,popular,freqrec,CLEAN,mrr,10,0.00043832814531224995,0.0002866080697860207,10
SR-GNN,yoochoose1_64,popular,freqrec,CLEAN,mrr,20,0.00054769577754419,0.0003078169278463797,10
SR-GNN,yoochoose1_64,popular,freqrec,CLEAN,mrr,30,0.00060868706275975,0.0003890322689193353,10
SR-GNN,yoochoose1_64,popular,freqrec,CLEAN,mrr,40,0.00067136839374958,0.0004895743542754563,10
SR-GNN,yoochoose1_64,popular,freqrec,CLEAN,mrr,50,0.00071323406683759,0.0005569766721562386,10
SR-GNN,yoochoose1_64,popular,freqrec,CLEAN,recall,10,0.00126838169523054,0.0007712872789485486,10
SR-GNN,yoochoose1_64,popular,freqrec,CLEAN,recall,20,0.00289813589037169,0.0027157316389938213,10
SR-GNN,yoochoose1_64,popular,freqrec,CLEAN,recall,30,0.00445454220186762,0.0049514810778616605,10
SR-GNN,yoochoose1_64,popular,freqrec,CLEAN,recall,40,0.00671580378546634,0.009027136831600136,10
SR-GNN,yoochoose1_64,popular,freqrec,CLEAN,recall,50,0.008631793624101,0.012357761693217326,10
SR-GNN,yoochoose1_64,popular,freqrec,CREAT,mrr,10,0.00178598405144968,0.00036950202174051413,10
SR-GNN,yoochoose1_64,popular,freqrec,CREAT,mrr,20,0.00827035462242747,0.0011547261480207736,10
SR-GNN,yoochoose1_64,popular,freqrec,CREAT,mrr,30,0.0127628185147982,0.001320965278174832,10
SR-GNN,yoochoose1_64,popular,freqrec,CREAT,mrr,40,0.01562627826574469,0.0015862442241944652,10
SR-GNN,yoochoose1_64,popular,freqrec,CREAT,mrr,50,0.01781672919569673,0.0016443247410905248,10
SR-GNN,yoochoose1_64,popular,freqrec,CREAT,recall,10,0.01119181366059603,0.0026116170455762174,10
SR-GNN,yoochoose1_64,popular,freqrec,CREAT,recall,20,0.11190024687824247,0.015603240974950423,10
SR-GNN,yoochoose1_64,popular,freqrec,CREAT,recall,30,0.2245196608107624,0.021065081250931116,10
SR-GNN,yoochoose1_64,popular,freqrec,CREAT,recall,40,0.32559125550109125,0.03140949111818462,10
SR-GNN,yoochoose1_64,popular,freqrec,CREAT,recall,50,0.42475938316218825,0.03521427160107292,10
SR-GNN,yoochoose1_64,popular,freqrec,DPSBR,mrr,10,0.00162835141331686,0.0004098470156953049,10
SR-GNN,yoochoose1_64,popular,freqrec,DPSBR,mrr,20,0.00802056095736222,0.0022917461562248728,10
SR-GNN,yoochoose1_64,popular,freqrec,DPSBR,mrr,30,0.01341020333868476,0.002344073336946219,10
SR-GNN,yoochoose1_64,popular,freqrec,DPSBR,mrr,40,0.01646211672544694,0.0022961993947513736,10
SR-GNN,yoochoose1_64,popular,freqrec,DPSBR,mrr,50,0.018648812867695038,0.002255339838833321,10
SR-GNN,yoochoose1_64,popular,freqrec,DPSBR,recall,10,0.0101345307524419,0.002238230633247523,10
SR-GNN,yoochoose1_64,popular,freqrec,DPSBR,recall,20,0.11503810512004002,0.03332983527884182,10
SR-GNN,yoochoose1_64,popular,freqrec,DPSBR,recall,30,0.24849010698057175,0.03499627501465405,10
SR-GNN,yoochoose1_64,popular,freqrec,DPSBR,recall,40,0.35587856452824784,0.034775902047581415,10
SR-GNN,yoochoose1_64,popular,freqrec,DPSBR,recall,50,0.4547926580557443,0.04026191231640264,10
SR-GNN,yoochoose1_64,popular,freqrec,Poisoning-SSL,mrr,10,0.02470396121166249,0.01641695367221704,10
SR-GNN,yoochoose1_64,popular,freqrec,Poisoning-SSL,mrr,20,0.034490735147848915,0.01917587484985166,10
SR-GNN,yoochoose1_64,popular,freqrec,Poisoning-SSL,mrr,30,0.03924374833791271,0.019405730287736647,10
SR-GNN,yoochoose1_64,popular,freqrec,Poisoning-SSL,mrr,40,0.04169109332500745,0.019055381300540863,10
SR-GNN,yoochoose1_64,popular,freqrec,Poisoning-SSL,mrr,50,0.043258508628142664,0.018646368246322608,10
SR-GNN,yoochoose1_64,popular,freqrec,Poisoning-SSL,recall,10,0.12026190561379653,0.07898972706928685,10
SR-GNN,yoochoose1_64,popular,freqrec,Poisoning-SSL,recall,20,0.266043507817811,0.12640598632717182,10
SR-GNN,yoochoose1_64,popular,freqrec,Poisoning-SSL,recall,30,0.38426419549894447,0.13915252653031324,10
SR-GNN,yoochoose1_64,popular,freqrec,Poisoning-SSL,recall,40,0.4703280976063544,0.13329852255048788,10
SR-GNN,yoochoose1_64,popular,freqrec,Poisoning-SSL,recall,50,0.5411177501878421,0.12141751106059347,10
SR-GNN,yoochoose1_64,popular,freqrec,TC-SACP-C,mrr,10,0.0015350990778554801,0.0004503142252772068,10
SR-GNN,yoochoose1_64,popular,freqrec,TC-SACP-C,mrr,20,0.00786915316509617,0.0013310195151002577,10
SR-GNN,yoochoose1_64,popular,freqrec,TC-SACP-C,mrr,30,0.01284646365497219,0.0015931436848179881,10
SR-GNN,yoochoose1_64,popular,freqrec,TC-SACP-C,mrr,40,0.0160305081536163,0.0014931644753289326,10
SR-GNN,yoochoose1_64,popular,freqrec,TC-SACP-C,mrr,50,0.01837168065194865,0.0015351314626450287,10
SR-GNN,yoochoose1_64,popular,freqrec,TC-SACP-C,recall,10,0.00969623242334246,0.002591781913735829,10
SR-GNN,yoochoose1_64,popular,freqrec,TC-SACP-C,recall,20,0.11354789080110197,0.017837703185862683,10
SR-GNN,yoochoose1_64,popular,freqrec,TC-SACP-C,recall,30,0.2378367741242978,0.023727545419766988,10
SR-GNN,yoochoose1_64,popular,freqrec,TC-SACP-C,recall,40,0.35006261404701416,0.020881097141002555,10
SR-GNN,yoochoose1_64,popular,freqrec,TC-SACP-C,recall,50,0.4562900282657698,0.02615966389044472,10
SR-GNN,yoochoose1_64,popular,freqrec,TC-SACP-G,mrr,10,0.0018722870795842498,0.000698456589196864,10
SR-GNN,yoochoose1_64,popular,freqrec,TC-SACP-G,mrr,20,0.00897356534189241,0.002400255254893219,10
SR-GNN,yoochoose1_64,popular,freqrec,TC-SACP-G,mrr,30,0.01397066083588625,0.002346423015112668,10
SR-GNN,yoochoose1_64,popular,freqrec,TC-SACP-G,mrr,40,0.01687878341821891,0.0021230263462164627,10
SR-GNN,yoochoose1_64,popular,freqrec,TC-SACP-G,mrr,50,0.018913213628709822,0.0019544933964115553,10
SR-GNN,yoochoose1_64,popular,freqrec,TC-SACP-G,recall,10,0.01237253569000675,0.005056247408187158,10
SR-GNN,yoochoose1_64,popular,freqrec,TC-SACP-G,recall,20,0.1281423306737271,0.031741709435826077,10
SR-GNN,yoochoose1_64,popular,freqrec,TC-SACP-G,recall,30,0.2527210275859601,0.03043166399500986,10
SR-GNN,yoochoose1_64,popular,freqrec,TC-SACP-G,recall,40,0.35499660095173347,0.024148429226330877,10
SR-GNN,yoochoose1_64,popular,freqrec,TC-SACP-G,recall,50,0.447287917277899,0.03154420976092695,10
SR-GNN,yoochoose1_64,popular,mdhg,CLEAN,mrr,10,0.00044768191723354564,0.0003285293124744465,10
SR-GNN,yoochoose1_64,popular,mdhg,CLEAN,mrr,20,0.00055150241965817,0.0003692739684271239,10
SR-GNN,yoochoose1_64,popular,mdhg,CLEAN,mrr,30,0.00058474730025172,0.0003827142794177476,10
SR-GNN,yoochoose1_64,popular,mdhg,CLEAN,mrr,40,0.00062322367092269,0.00041440777466062367,10
SR-GNN,yoochoose1_64,popular,mdhg,CLEAN,mrr,50,0.00065569984669414,0.00044471866875139533,10
SR-GNN,yoochoose1_64,popular,mdhg,CLEAN,recall,10,0.00132741779670109,0.0009188348686613166,10
SR-GNN,yoochoose1_64,popular,mdhg,CLEAN,recall,20,0.00276932985079961,0.0029807242797776413,10
SR-GNN,yoochoose1_64,popular,mdhg,CLEAN,recall,30,0.0036047801352462896,0.0035250910410351767,10
SR-GNN,yoochoose1_64,popular,mdhg,CLEAN,recall,40,0.00499123403341796,0.005374195164033417,10
SR-GNN,yoochoose1_64,popular,mdhg,CLEAN,recall,50,0.00643851300583202,0.007474469398962906,10
SR-GNN,yoochoose1_64,popular,mdhg,CREAT,mrr,10,0.2037257324423681,0.41851260344158164,10
SR-GNN,yoochoose1_64,popular,mdhg,CREAT,mrr,20,0.2105729867229907,0.4149454604193519,10
SR-GNN,yoochoose1_64,popular,mdhg,CREAT,mrr,30,0.21264204087740007,0.41387379422527976,10
SR-GNN,yoochoose1_64,popular,mdhg,CREAT,mrr,40,0.21521827464921262,0.4125068407514717,10
SR-GNN,yoochoose1_64,popular,mdhg,CREAT,mrr,50,0.2173333036294085,0.41138128321406325,10
SR-GNN,yoochoose1_64,popular,mdhg,CREAT,recall,10,0.22542309206053882,0.40962609668294947,10
SR-GNN,yoochoose1_64,popular,mdhg,CREAT,recall,20,0.32602776485741886,0.36273699738597104,10
SR-GNN,yoochoose1_64,popular,mdhg,CREAT,recall,30,0.37824609109449353,0.34165376538021436,10
SR-GNN,yoochoose1_64,popular,mdhg,CREAT,recall,40,0.46975562631936746,0.2906451730078658,10
SR-GNN,yoochoose1_64,popular,mdhg,CREAT,recall,50,0.5650953522487387,0.2354026929154941,10
SR-GNN,yoochoose1_64,popular,mdhg,DPSBR,mrr,10,0.20622662692875418,0.40718858312834044,10
SR-GNN,yoochoose1_64,popular,mdhg,DPSBR,mrr,20,0.21416420025402041,0.4030044424937572,10
SR-GNN,yoochoose1_64,popular,mdhg,DPSBR,mrr,30,0.21621994155885763,0.4019209460458941,10
SR-GNN,yoochoose1_64,popular,mdhg,DPSBR,mrr,40,0.21760346110856754,0.4011920072698227,10
SR-GNN,yoochoose1_64,popular,mdhg,DPSBR,mrr,50,0.21953396646880902,0.4001749766262887,10
SR-GNN,yoochoose1_64,popular,mdhg,DPSBR,recall,10,0.2595119682278435,0.38996774501456094,10
SR-GNN,yoochoose1_64,popular,mdhg,DPSBR,recall,20,0.3680077999212852,0.3327271760088657,10
SR-GNN,yoochoose1_64,popular,mdhg,DPSBR,recall,30,0.4192529249704819,0.30575724639036106,10
SR-GNN,yoochoose1_64,popular,mdhg,DPSBR,recall,40,0.46817775233460945,0.28000388854718433,10
SR-GNN,yoochoose1_64,popular,mdhg,DPSBR,recall,50,0.5562721385380514,0.23451577798787662,10
SR-GNN,yoochoose1_64,popular,mdhg,Poisoning-SSL,mrr,10,0.2755115667028452,0.4138449268854057,10
SR-GNN,yoochoose1_64,popular,mdhg,Poisoning-SSL,mrr,20,0.2815883542595862,0.4099673711523399,10
SR-GNN,yoochoose1_64,popular,mdhg,Poisoning-SSL,mrr,30,0.28437315254159173,0.4081279723044749,10
SR-GNN,yoochoose1_64,popular,mdhg,Poisoning-SSL,mrr,40,0.28612960133136484,0.4068973072584966,10
SR-GNN,yoochoose1_64,popular,mdhg,Poisoning-SSL,mrr,50,0.2873772683811283,0.4060226458060482,10
SR-GNN,yoochoose1_64,popular,mdhg,Poisoning-SSL,recall,10,0.36635300010733834,0.4356680840558673,10
SR-GNN,yoochoose1_64,popular,mdhg,Poisoning-SSL,recall,20,0.4555028802461626,0.3878726679458171,10
SR-GNN,yoochoose1_64,popular,mdhg,Poisoning-SSL,recall,30,0.5254588715159756,0.3494005214671988,10
SR-GNN,yoochoose1_64,popular,mdhg,Poisoning-SSL,recall,40,0.5874754016243873,0.3052185071622041,10
SR-GNN,yoochoose1_64,popular,mdhg,Poisoning-SSL,recall,50,0.6435471752119932,0.261784951043208,10
SR-GNN,yoochoose1_64,popular,mdhg,TC-SACP-C,mrr,10,0.061636322990803495,0.1221958593248317,10
SR-GNN,yoochoose1_64,popular,mdhg,TC-SACP-C,mrr,20,0.06943471112958102,0.1226934004732871,10
SR-GNN,yoochoose1_64,popular,mdhg,TC-SACP-C,mrr,30,0.07222759667991183,0.12263489951292685,10
SR-GNN,yoochoose1_64,popular,mdhg,TC-SACP-C,mrr,40,0.07456989238570076,0.12194985324001442,10
SR-GNN,yoochoose1_64,popular,mdhg,TC-SACP-C,mrr,50,0.07691547987669681,0.12101362515866051,10
SR-GNN,yoochoose1_64,popular,mdhg,TC-SACP-C,recall,10,0.13230169236824213,0.23432632145284996,10
SR-GNN,yoochoose1_64,popular,mdhg,TC-SACP-C,recall,20,0.24532899209274034,0.240496853200401,10
SR-GNN,yoochoose1_64,popular,mdhg,TC-SACP-C,recall,30,0.315794840602526,0.23991092325755145,10
SR-GNN,yoochoose1_64,popular,mdhg,TC-SACP-C,recall,40,0.3990822569680489,0.22225246516368422,10
SR-GNN,yoochoose1_64,popular,mdhg,TC-SACP-C,recall,50,0.5052166446026691,0.1856445011314012,10
SR-GNN,yoochoose1_64,popular,mdhg,TC-SACP-G,mrr,10,0.3059363135631965,0.4749793896600248,10
SR-GNN,yoochoose1_64,popular,mdhg,TC-SACP-G,mrr,20,0.31283450090478454,0.4702181693224476,10
SR-GNN,yoochoose1_64,popular,mdhg,TC-SACP-G,mrr,30,0.31467521783386704,0.46894826698765657,10
SR-GNN,yoochoose1_64,popular,mdhg,TC-SACP-G,mrr,40,0.315988455789899,0.4680414445418608,10
SR-GNN,yoochoose1_64,popular,mdhg,TC-SACP-G,mrr,50,0.3172783799670531,0.4671515991139648,10
SR-GNN,yoochoose1_64,popular,mdhg,TC-SACP-G,recall,10,0.34199434684604096,0.4535586525301679,10
SR-GNN,yoochoose1_64,popular,mdhg,TC-SACP-G,recall,20,0.43593509606783776,0.38865892060481155,10
SR-GNN,yoochoose1_64,popular,mdhg,TC-SACP-G,recall,30,0.48184550431142437,0.3570174706265323,10
SR-GNN,yoochoose1_64,popular,mdhg,TC-SACP-G,recall,40,0.5279365988049661,0.32561194349435796,10
SR-GNN,yoochoose1_64,popular,mdhg,TC-SACP-G,recall,50,0.5866793087409209,0.28768132433702037,10
SR-GNN,yoochoose1_64,popular,miasrec,CLEAN,mrr,10,0.0005260417642792301,0.00032316468325484655,10
SR-GNN,yoochoose1_64,popular,miasrec,CLEAN,mrr,20,0.00065021536508704,0.00040980210994280596,10
SR-GNN,yoochoose1_64,popular,miasrec,CLEAN,mrr,30,0.0007633240140538799,0.0006175558919505557,10
SR-GNN,yoochoose1_64,popular,miasrec,CLEAN,mrr,40,0.00089864184102536,0.0009147625639436268,10
SR-GNN,yoochoose1_64,popular,miasrec,CLEAN,mrr,50,0.0010127562202568898,0.0011883625646254342,10
SR-GNN,yoochoose1_64,popular,miasrec,CLEAN,recall,10,0.00177466098965969,0.0011881616794754625,10
SR-GNN,yoochoose1_64,popular,miasrec,CLEAN,recall,20,0.0036799169916633305,0.003426940664291439,10
SR-GNN,yoochoose1_64,popular,miasrec,CLEAN,recall,30,0.006540484453826561,0.009011602771539309,10
SR-GNN,yoochoose1_64,popular,miasrec,CLEAN,recall,40,0.01137965580163864,0.02008941540110891,10
SR-GNN,yoochoose1_64,popular,miasrec,CLEAN,recall,50,0.016542631221152772,0.0327455197821796,10
SR-GNN,yoochoose1_64,popular,miasrec,CREAT,mrr,10,0.05552111215041873,0.010515701987624915,10
SR-GNN,yoochoose1_64,popular,miasrec,CREAT,mrr,20,0.05757568121457148,0.009556271460768411,10
SR-GNN,yoochoose1_64,popular,miasrec,CREAT,mrr,30,0.05789047796604615,0.009401405973621539,10
SR-GNN,yoochoose1_64,popular,miasrec,CREAT,mrr,40,0.05806916417440496,0.009326968085339685,10
SR-GNN,yoochoose1_64,popular,miasrec,CREAT,mrr,50,0.058199883631356905,0.009281110122826525,10
SR-GNN,yoochoose1_64,popular,miasrec,CREAT,recall,10,0.245872839815378,0.029807887969209735,10
SR-GNN,yoochoose1_64,popular,miasrec,CREAT,recall,20,0.27230670149200326,0.02013464672206147,10
SR-GNN,yoochoose1_64,popular,miasrec,CREAT,recall,30,0.2802050162796522,0.020328929992481128,10
SR-GNN,yoochoose1_64,popular,miasrec,CREAT,recall,40,0.286462843035529,0.02366230590373228,10
SR-GNN,yoochoose1_64,popular,miasrec,CREAT,recall,50,0.2923592972914952,0.028912140729101674,10
SR-GNN,yoochoose1_64,popular,miasrec,DPSBR,mrr,10,0.02751947992573729,0.011438652962654878,10
SR-GNN,yoochoose1_64,popular,miasrec,DPSBR,mrr,20,0.04226849390930569,0.012830436510864034,10
SR-GNN,yoochoose1_64,popular,miasrec,DPSBR,mrr,30,0.04773472166404826,0.012987570300764965,10
SR-GNN,yoochoose1_64,popular,miasrec,DPSBR,mrr,40,0.05047720821675539,0.01277357715329991,10
SR-GNN,yoochoose1_64,popular,miasrec,DPSBR,mrr,50,0.052162257098579023,0.012465001979844861,10
SR-GNN,yoochoose1_64,popular,miasrec,DPSBR,recall,10,0.15309313392250162,0.06098890486442005,10
SR-GNN,yoochoose1_64,popular,miasrec,DPSBR,recall,20,0.3690972843393323,0.08066669695962764,10
SR-GNN,yoochoose1_64,popular,miasrec,DPSBR,recall,30,0.5044008730187126,0.08493470030799573,10
SR-GNN,yoochoose1_64,popular,miasrec,DPSBR,recall,40,0.6007012773265591,0.07933919781026849,10
SR-GNN,yoochoose1_64,popular,miasrec,DPSBR,recall,50,0.6767737665032738,0.06638278581294906,10
SR-GNN,yoochoose1_64,popular,miasrec,Poisoning-SSL,mrr,10,0.051745999800089135,0.025480638087249426,10
SR-GNN,yoochoose1_64,popular,miasrec,Poisoning-SSL,mrr,20,0.06250172148928491,0.02646058778518786,10
SR-GNN,yoochoose1_64,popular,miasrec,Poisoning-SSL,mrr,30,0.06691765865008856,0.026637737065508788,10
SR-GNN,yoochoose1_64,popular,miasrec,Poisoning-SSL,mrr,40,0.06940580545340011,0.026448744532695606,10
SR-GNN,yoochoose1_64,popular,miasrec,Poisoning-SSL,mrr,50,0.07094158930998781,0.02621813675047108,10
SR-GNN,yoochoose1_64,popular,miasrec,Poisoning-SSL,recall,10,0.19200865862821564,0.0835466477621791,10
SR-GNN,yoochoose1_64,popular,miasrec,Poisoning-SSL,recall,20,0.35073168986368025,0.10946377716869585,10
SR-GNN,yoochoose1_64,popular,miasrec,Poisoning-SSL,recall,30,0.4608751654799814,0.11971023050810616,10
SR-GNN,yoochoose1_64,popular,miasrec,Poisoning-SSL,recall,40,0.5481215785895739,0.1196910252302776,10
SR-GNN,yoochoose1_64,popular,miasrec,Poisoning-SSL,recall,50,0.6175176213818026,0.11946861640848291,10
SR-GNN,yoochoose1_64,popular,miasrec,TC-SACP-C,mrr,10,0.02885896122018114,0.0102676290599531,10
SR-GNN,yoochoose1_64,popular,miasrec,TC-SACP-C,mrr,20,0.043703670125766605,0.011468448653964321,10
SR-GNN,yoochoose1_64,popular,miasrec,TC-SACP-C,mrr,30,0.049205985767477964,0.011441402271299028,10
SR-GNN,yoochoose1_64,popular,miasrec,TC-SACP-C,mrr,40,0.05208765749354196,0.011148033295984074,10
SR-GNN,yoochoose1_64,popular,miasrec,TC-SACP-C,mrr,50,0.053910147304859636,0.011036489807069042,10
SR-GNN,yoochoose1_64,popular,miasrec,TC-SACP-C,recall,10,0.16509535224873875,0.05428933827589275,10
SR-GNN,yoochoose1_64,popular,miasrec,TC-SACP-C,recall,20,0.38146445311102367,0.0729595856274863,10
SR-GNN,yoochoose1_64,popular,miasrec,TC-SACP-C,recall,30,0.5179988550574259,0.0742197289844088,10
SR-GNN,yoochoose1_64,popular,miasrec,TC-SACP-C,recall,40,0.6190239364556872,0.0679192385641454,10
SR-GNN,yoochoose1_64,popular,miasrec,TC-SACP-C,recall,50,0.7014097105442055,0.06996401290426855,10
SR-GNN,yoochoose1_64,popular,miasrec,TC-SACP-G,mrr,10,0.03153673329028382,0.007164171553894282,10
SR-GNN,yoochoose1_64,popular,miasrec,TC-SACP-G,mrr,20,0.04663333191854494,0.006506520025415404,10
SR-GNN,yoochoose1_64,popular,miasrec,TC-SACP-G,mrr,30,0.05203870442350398,0.006190762479171711,10
SR-GNN,yoochoose1_64,popular,miasrec,TC-SACP-G,mrr,40,0.054607625156392815,0.006177389005648811,10
SR-GNN,yoochoose1_64,popular,miasrec,TC-SACP-G,mrr,50,0.05615716906266607,0.006134128173046178,10
SR-GNN,yoochoose1_64,popular,miasrec,TC-SACP-G,recall,10,0.17471644781566423,0.03815032805706873,10
SR-GNN,yoochoose1_64,popular,miasrec,TC-SACP-G,recall,20,0.3938298329099431,0.03517303067505219,10
SR-GNN,yoochoose1_64,popular,miasrec,TC-SACP-G,recall,30,0.5281494865648144,0.03478220429916111,10
SR-GNN,yoochoose1_64,popular,miasrec,TC-SACP-G,recall,40,0.6181580736341192,0.045605561307219745,10
SR-GNN,yoochoose1_64,popular,miasrec,TC-SACP-G,recall,50,0.6879906257826756,0.048147575822116116,10
SR-GNN,yoochoose1_64,popular,srgnn,CLEAN,mrr,10,0.00048256404664501673,0.00044312681495457573,10
SR-GNN,yoochoose1_64,popular,srgnn,CLEAN,mrr,20,0.00068277626689687,0.0007506361413642913,10
SR-GNN,yoochoose1_64,popular,srgnn,CLEAN,mrr,30,0.0008570767233670401,0.0011383771647510046,10
SR-GNN,yoochoose1_64,popular,srgnn,CLEAN,mrr,40,0.0009440675174585,0.0013206485898155354,10
SR-GNN,yoochoose1_64,popular,srgnn,CLEAN,mrr,50,0.0010045793908056802,0.0014594311583429147,10
SR-GNN,yoochoose1_64,popular,srgnn,CLEAN,recall,10,0.00156356220258323,0.0016001547824646785,10
SR-GNN,yoochoose1_64,popular,srgnn,CLEAN,recall,20,0.00446706501127048,0.00647402225049196,10
SR-GNN,yoochoose1_64,popular,srgnn,CLEAN,recall,30,0.008724820208236391,0.016201205049883705,10
SR-GNN,yoochoose1_64,popular,srgnn,CLEAN,recall,40,0.01180722029410708,0.022739360103875405,10
SR-GNN,yoochoose1_64,popular,srgnn,CLEAN,recall,50,0.01457297219936308,0.0291327234891554,10
SR-GNN,yoochoose1_64,popular,srgnn,CREAT,mrr,10,0.04685801505236008,0.0024513097776300685,10
SR-GNN,yoochoose1_64,popular,srgnn,CREAT,mrr,20,0.0504875497594733,0.0021976503762160997,10
SR-GNN,yoochoose1_64,popular,srgnn,CREAT,mrr,30,0.051028199022903065,0.002244105694751313,10
SR-GNN,yoochoose1_64,popular,srgnn,CREAT,mrr,40,0.051239417654543894,0.0023054840054335946,10
SR-GNN,yoochoose1_64,popular,srgnn,CREAT,mrr,50,0.051388975036239626,0.0023389782496522865,10
SR-GNN,yoochoose1_64,popular,srgnn,CREAT,recall,10,0.2119628609252567,0.007631422492248743,10
SR-GNN,yoochoose1_64,popular,srgnn,CREAT,recall,20,0.2619825396257468,0.005840240676689999,10
SR-GNN,yoochoose1_64,popular,srgnn,CREAT,recall,30,0.27529965293928227,0.014713048955796637,10
SR-GNN,yoochoose1_64,popular,srgnn,CREAT,recall,40,0.2826612758953808,0.022024646608870012,10
SR-GNN,yoochoose1_64,popular,srgnn,CREAT,recall,50,0.28946116140112343,0.027619977152959618,10
SR-GNN,yoochoose1_64,popular,srgnn,DPSBR,mrr,10,0.05003239673509606,0.005840416029735795,10
SR-GNN,yoochoose1_64,popular,srgnn,DPSBR,mrr,20,0.060848949622927175,0.005279136913194037,10
SR-GNN,yoochoose1_64,popular,srgnn,DPSBR,mrr,30,0.06522803332547908,0.00530759383870415,10
SR-GNN,yoochoose1_64,popular,srgnn,DPSBR,mrr,40,0.06762921951346636,0.005313573139113972,10
SR-GNN,yoochoose1_64,popular,srgnn,DPSBR,mrr,50,0.06913884335919425,0.005284081424222545,10
SR-GNN,yoochoose1_64,popular,srgnn,DPSBR,recall,10,0.21226340835092486,0.02246227932126176,10
SR-GNN,yoochoose1_64,popular,srgnn,DPSBR,recall,20,0.3700937421732441,0.017656512257588373,10
SR-GNN,yoochoose1_64,popular,srgnn,DPSBR,recall,30,0.47854306057461804,0.0238311396039754,10
SR-GNN,yoochoose1_64,popular,srgnn,DPSBR,recall,40,0.5629611077319403,0.025849517115248726,10
SR-GNN,yoochoose1_64,popular,srgnn,DPSBR,recall,50,0.6310851908833948,0.027049801000193233,10
SR-GNN,yoochoose1_64,popular,srgnn,Poisoning-SSL,mrr,10,0.08197104618559758,0.030445233749304555,10
SR-GNN,yoochoose1_64,popular,srgnn,Poisoning-SSL,mrr,20,0.09142588149467497,0.031142057669165765,10
SR-GNN,yoochoose1_64,popular,srgnn,Poisoning-SSL,mrr,30,0.09494129671152948,0.03076085435872183,10
SR-GNN,yoochoose1_64,popular,srgnn,Poisoning-SSL,mrr,40,0.09674883528647191,0.03051378583643488,10
SR-GNN,yoochoose1_64,popular,srgnn,Poisoning-SSL,mrr,50,0.0978322005947588,0.03033900900746208,10
SR-GNN,yoochoose1_64,popular,srgnn,Poisoning-SSL,recall,10,0.2350209309814304,0.08003241921825724,10
SR-GNN,yoochoose1_64,popular,srgnn,Poisoning-SSL,recall,20,0.3723299581380371,0.09930266529772087,10
SR-GNN,yoochoose1_64,popular,srgnn,Poisoning-SSL,recall,30,0.4601130630791799,0.09731999060722392,10
SR-GNN,yoochoose1_64,popular,srgnn,Poisoning-SSL,recall,40,0.523270957816022,0.09470963135553354,10
SR-GNN,yoochoose1_64,popular,srgnn,Poisoning-SSL,recall,50,0.5721689505885721,0.09314000866281252,10
SR-GNN,yoochoose1_64,popular,srgnn,TC-SACP-C,mrr,10,0.05449634666203235,0.003379913855693991,10
SR-GNN,yoochoose1_64,popular,srgnn,TC-SACP-C,mrr,20,0.06780933810802839,0.004018343999304865,10
SR-GNN,yoochoose1_64,popular,srgnn,TC-SACP-C,mrr,30,0.07315801635938893,0.003959354054871444,10
SR-GNN,yoochoose1_64,popular,srgnn,TC-SACP-C,mrr,40,0.07600095769945515,0.004072213818906407,10
SR-GNN,yoochoose1_64,popular,srgnn,TC-SACP-C,mrr,50,0.07758880397953424,0.003999446975432624,10
SR-GNN,yoochoose1_64,popular,srgnn,TC-SACP-C,recall,10,0.2437582739990697,0.01045744046952644,10
SR-GNN,yoochoose1_64,popular,srgnn,TC-SACP-C,recall,20,0.43958638949515183,0.021634686789484627,10
SR-GNN,yoochoose1_64,popular,srgnn,TC-SACP-C,recall,30,0.5729077963433397,0.030686460624733333,10
SR-GNN,yoochoose1_64,popular,srgnn,TC-SACP-C,recall,40,0.6726591291280546,0.037036187943667975,10
SR-GNN,yoochoose1_64,popular,srgnn,TC-SACP-C,recall,50,0.7441840495187664,0.03626609125155084,10
SR-GNN,yoochoose1_64,popular,srgnn,TC-SACP-G,mrr,10,0.057329078559757586,0.003707333923998305,10
SR-GNN,yoochoose1_64,popular,srgnn,TC-SACP-G,mrr,20,0.06859594185239185,0.0038143830298278344,10
SR-GNN,yoochoose1_64,popular,srgnn,TC-SACP-G,mrr,30,0.07296556239268812,0.004084060836251664,10
SR-GNN,yoochoose1_64,popular,srgnn,TC-SACP-G,mrr,40,0.0754203472201018,0.004115639365871127,10
SR-GNN,yoochoose1_64,popular,srgnn,TC-SACP-G,mrr,50,0.07688403971922143,0.004070510470419551,10
SR-GNN,yoochoose1_64,popular,srgnn,TC-SACP-G,recall,10,0.24609109449354177,0.008522715018908117,10
SR-GNN,yoochoose1_64,popular,srgnn,TC-SACP-G,recall,20,0.412250885541522,0.011022230834351767,10
SR-GNN,yoochoose1_64,popular,srgnn,TC-SACP-G,recall,30,0.5212494185838492,0.0234816134672088,10
SR-GNN,yoochoose1_64,popular,srgnn,TC-SACP-G,recall,40,0.6073186876095746,0.028717961433630316,10
SR-GNN,yoochoose1_64,popular,srgnn,TC-SACP-G,recall,50,0.67344448817489,0.02994315268385605,10
SR-GNN,yoochoose1_64,popular,tron,CLEAN,mrr,10,0.0005241320604871699,0.0004631168357619409,10
SR-GNN,yoochoose1_64,popular,tron,CLEAN,mrr,20,0.00084638800187497,0.0011374487884758771,10
SR-GNN,yoochoose1_64,popular,tron,CLEAN,mrr,30,0.0009735538048149001,0.0014575302821135938,10
SR-GNN,yoochoose1_64,popular,tron,CLEAN,mrr,40,0.00104044878119549,0.0016166289242208866,10
SR-GNN,yoochoose1_64,popular,tron,CLEAN,mrr,50,0.0010913385215097799,0.0017364274034745424,10
SR-GNN,yoochoose1_64,popular,tron,CLEAN,recall,10,0.0020543893300826,0.0025542771615116714,10
SR-GNN,yoochoose1_64,popular,tron,CLEAN,recall,20,0.00682107452091133,0.013525412578825877,10
SR-GNN,yoochoose1_64,popular,tron,CLEAN,recall,30,0.009999462201746011,0.021633946169319112,10
SR-GNN,yoochoose1_64,popular,tron,CLEAN,recall,40,0.01234426258896076,0.027278151985651544,10
SR-GNN,yoochoose1_64,popular,tron,CLEAN,recall,50,0.01463886847247362,0.032720953691988575,10
SR-GNN,yoochoose1_64,popular,tron,CREAT,mrr,10,0.3293191808450525,0.0714757072461102,10
SR-GNN,yoochoose1_64,popular,tron,CREAT,mrr,20,0.3344044668728938,0.07320456992500345,10
SR-GNN,yoochoose1_64,popular,tron,CREAT,mrr,30,0.3372284293212045,0.07397584484189816,10
SR-GNN,yoochoose1_64,popular,tron,CREAT,mrr,40,0.33895104113672514,0.07415889963478936,10
SR-GNN,yoochoose1_64,popular,tron,CREAT,mrr,50,0.34015094911013116,0.07412811821486501,10
SR-GNN,yoochoose1_64,popular,tron,CREAT,recall,10,0.4201584712188301,0.09689572940873158,10
SR-GNN,yoochoose1_64,popular,tron,CREAT,recall,20,0.4960507681551727,0.12610926376316398,10
SR-GNN,yoochoose1_64,popular,tron,CREAT,recall,30,0.5668501156266246,0.1509042432045917,10
SR-GNN,yoochoose1_64,popular,tron,CREAT,recall,40,0.6273846870910493,0.16359463192204213,10
SR-GNN,yoochoose1_64,popular,tron,CREAT,recall,50,0.6816825914705197,0.16841983958528264,10
SR-GNN,yoochoose1_64,popular,tron,DPSBR,mrr,10,0.13609074022381318,0.06111696412608447,10
SR-GNN,yoochoose1_64,popular,tron,DPSBR,mrr,20,0.14886872896556408,0.06178980179476489,10
SR-GNN,yoochoose1_64,popular,tron,DPSBR,mrr,30,0.15317483466549486,0.061148136788608844,10
SR-GNN,yoochoose1_64,popular,tron,DPSBR,mrr,40,0.15528894208085953,0.06080874355450475,10
SR-GNN,yoochoose1_64,popular,tron,DPSBR,mrr,50,0.15647039518382222,0.06053391291046672,10
SR-GNN,yoochoose1_64,popular,tron,DPSBR,recall,10,0.3699962354122223,0.10443248750828507,10
SR-GNN,yoochoose1_64,popular,tron,DPSBR,recall,20,0.5565727909936719,0.11534603893820647,10
SR-GNN,yoochoose1_64,popular,tron,DPSBR,recall,30,0.6632665865944822,0.10055822428606599,10
SR-GNN,yoochoose1_64,popular,tron,DPSBR,recall,40,0.7372622483552337,0.08968559333274698,10
SR-GNN,yoochoose1_64,popular,tron,DPSBR,recall,50,0.7905670186257462,0.07827688422337105,10
SR-GNN,yoochoose1_64,popular,tron,Poisoning-SSL,mrr,10,0.1549229141608579,0.05795097324917773,10
SR-GNN,yoochoose1_64,popular,tron,Poisoning-SSL,mrr,20,0.164866290775847,0.056190674565536336,10
SR-GNN,yoochoose1_64,popular,tron,Poisoning-SSL,mrr,30,0.16846291122027268,0.05548598968365141,10
SR-GNN,yoochoose1_64,popular,tron,Poisoning-SSL,mrr,40,0.17024774640988577,0.05521765426176633,10
SR-GNN,yoochoose1_64,popular,tron,Poisoning-SSL,mrr,50,0.17125074215515956,0.055061051553361655,10
SR-GNN,yoochoose1_64,popular,tron,Poisoning-SSL,recall,10,0.3643852069626947,0.06049586425433548,10
SR-GNN,yoochoose1_64,popular,tron,Poisoning-SSL,recall,20,0.5097843429001667,0.05594357268203945,10
SR-GNN,yoochoose1_64,popular,tron,Poisoning-SSL,recall,30,0.5989495007439543,0.05655804016180348,10
SR-GNN,yoochoose1_64,popular,tron,Poisoning-SSL,recall,40,0.6614595844612158,0.05876064848244167,10
SR-GNN,yoochoose1_64,popular,tron,Poisoning-SSL,recall,50,0.7066274671494901,0.05951225716049014,10
SR-GNN,yoochoose1_64,popular,tron,TC-SACP-C,mrr,10,0.07497040117758147,0.09061697567253689,10
SR-GNN,yoochoose1_64,popular,tron,TC-SACP-C,mrr,20,0.08706197487997468,0.0908462072632271,10
SR-GNN,yoochoose1_64,popular,tron,TC-SACP-C,mrr,30,0.09236874929869598,0.09004671025749733,10
SR-GNN,yoochoose1_64,popular,tron,TC-SACP-C,mrr,40,0.09503679662905389,0.08943485614152823,10
SR-GNN,yoochoose1_64,popular,tron,TC-SACP-C,mrr,50,0.09660469378605145,0.08907082685130864,10
SR-GNN,yoochoose1_64,popular,tron,TC-SACP-C,recall,10,0.21121667891651574,0.16296467018711752,10
SR-GNN,yoochoose1_64,popular,tron,TC-SACP-C,recall,20,0.39090941684742664,0.1796309903027835,10
SR-GNN,yoochoose1_64,popular,tron,TC-SACP-C,recall,30,0.5227667927504795,0.17080325398441804,10
SR-GNN,yoochoose1_64,popular,tron,TC-SACP-C,recall,40,0.6162199953390818,0.15853640167846608,10
SR-GNN,yoochoose1_64,popular,tron,TC-SACP-C,recall,50,0.686926124446516,0.1497360239261758,10
SR-GNN,yoochoose1_64,popular,tron,TC-SACP-G,mrr,10,0.18042740733723156,0.09687608333120046,10
SR-GNN,yoochoose1_64,popular,tron,TC-SACP-G,mrr,20,0.19292452784426703,0.09489596942635549,10
SR-GNN,yoochoose1_64,popular,tron,TC-SACP-G,mrr,30,0.19644975964812977,0.09380349020831104,10
SR-GNN,yoochoose1_64,popular,tron,TC-SACP-G,mrr,40,0.19811123499097594,0.09319824571216126,10
SR-GNN,yoochoose1_64,popular,tron,TC-SACP-G,mrr,50,0.1989742285199378,0.09286431451985815,10
SR-GNN,yoochoose1_64,popular,tron,TC-SACP-G,recall,10,0.4644031335711597,0.17489163362696195,10
SR-GNN,yoochoose1_64,popular,tron,TC-SACP-G,recall,20,0.6440456769983687,0.15312175172965156,10
SR-GNN,yoochoose1_64,popular,tron,TC-SACP-G,recall,30,0.7314307226215873,0.1326070336625956,10
SR-GNN,yoochoose1_64,popular,tron,TC-SACP-G,recall,40,0.7895541652474768,0.11755162025451689,10
SR-GNN,yoochoose1_64,popular,tron,TC-SACP-G,recall,50,0.828413674416937,0.10600587705761721,10
SR-GNN,yoochoose1_64,popular,wearec,CLEAN,mrr,10,0.0004305681209595,0.0003196506823860419,10
SR-GNN,yoochoose1_64,popular,wearec,CLEAN,mrr,20,0.00053655127688897,0.0004007768976347434,10
SR-GNN,yoochoose1_64,popular,wearec,CLEAN,mrr,30,0.00065260630571752,0.0005955682212855923,10
SR-GNN,yoochoose1_64,popular,wearec,CLEAN,mrr,40,0.00075184412870942,0.0008092116370010692,10
SR-GNN,yoochoose1_64,popular,wearec,CLEAN,mrr,50,0.00082919610582415,0.0009876445118682257,10
SR-GNN,yoochoose1_64,popular,wearec,CLEAN,recall,10,0.0015474614476367302,0.0013715782002838356,10
SR-GNN,yoochoose1_64,popular,wearec,CLEAN,recall,20,0.00302157501162827,0.0031271104181246527,10
SR-GNN,yoochoose1_64,popular,wearec,CLEAN,recall,30,0.00604315002325659,0.009145848287727947,10
SR-GNN,yoochoose1_64,popular,wearec,CLEAN,recall,40,0.00955848151991123,0.017691032352802588,10
SR-GNN,yoochoose1_64,popular,wearec,CLEAN,recall,50,0.01304697842498832,0.02632326989490896,10
SR-GNN,yoochoose1_64,popular,wearec,CREAT,mrr,10,0.008678983460236791,0.0014068633515613275,10
SR-GNN,yoochoose1_64,popular,wearec,CREAT,mrr,20,0.017654549513911398,0.0028294848326118394,10
SR-GNN,yoochoose1_64,popular,wearec,CREAT,mrr,30,0.02225609810784199,0.003221442564581514,10
SR-GNN,yoochoose1_64,popular,wearec,CREAT,mrr,40,0.025234005548843568,0.0032606537190908377,10
SR-GNN,yoochoose1_64,popular,wearec,CREAT,mrr,50,0.027363439712862446,0.0034121806259585575,10
SR-GNN,yoochoose1_64,popular,wearec,CREAT,recall,10,0.0272746788793874,0.008068768309344032,10
SR-GNN,yoochoose1_64,popular,wearec,CREAT,recall,20,0.16309170274428417,0.03385491287194831,10
SR-GNN,yoochoose1_64,popular,wearec,CREAT,recall,30,0.2788310851908834,0.0452037422631265,10
SR-GNN,yoochoose1_64,popular,wearec,CREAT,recall,40,0.3836040645461376,0.05146295894878021,10
SR-GNN,yoochoose1_64,popular,wearec,CREAT,recall,50,0.4794303910694479,0.05921220070177367,10
SR-GNN,yoochoose1_64,popular,wearec,DPSBR,mrr,10,0.006622733186921489,0.0031716941907300004,10
SR-GNN,yoochoose1_64,popular,wearec,DPSBR,mrr,20,0.01814210472079675,0.004282144631124255,10
SR-GNN,yoochoose1_64,popular,wearec,DPSBR,mrr,30,0.02438757909546318,0.003961451325744621,10
SR-GNN,yoochoose1_64,popular,wearec,DPSBR,mrr,40,0.02802781131127771,0.003824881223652509,10
SR-GNN,yoochoose1_64,popular,wearec,DPSBR,mrr,50,0.030595383445670744,0.0037559250883385975,10
SR-GNN,yoochoose1_64,popular,wearec,DPSBR,recall,10,0.03335539733085258,0.012488406059244499,10
SR-GNN,yoochoose1_64,popular,wearec,DPSBR,recall,20,0.21161937815306447,0.036229859206659845,10
SR-GNN,yoochoose1_64,popular,wearec,DPSBR,recall,30,0.3667215284983362,0.03515010964075395,10
SR-GNN,yoochoose1_64,popular,wearec,DPSBR,recall,40,0.49494078500125227,0.04621697335216914,10
SR-GNN,yoochoose1_64,popular,wearec,DPSBR,recall,50,0.6111148878314072,0.06463989497052526,10
SR-GNN,yoochoose1_64,popular,wearec,Poisoning-SSL,mrr,10,0.03982632410961687,0.03191513637930193,10
SR-GNN,yoochoose1_64,popular,wearec,Poisoning-SSL,mrr,20,0.0505331972987967,0.032292713013661815,10
SR-GNN,yoochoose1_64,popular,wearec,Poisoning-SSL,mrr,30,0.05588547541916537,0.03177762210947002,10
SR-GNN,yoochoose1_64,popular,wearec,Poisoning-SSL,mrr,40,0.05868588635626145,0.03116558940358085,10
SR-GNN,yoochoose1_64,popular,wearec,Poisoning-SSL,mrr,50,0.06018074670571492,0.030698861943435254,10
SR-GNN,yoochoose1_64,popular,wearec,Poisoning-SSL,recall,10,0.15911123832695262,0.09736204173064048,10
SR-GNN,yoochoose1_64,popular,wearec,Poisoning-SSL,recall,20,0.3186750867651794,0.11698371569222572,10
SR-GNN,yoochoose1_64,popular,wearec,Poisoning-SSL,recall,30,0.45201975025940105,0.12152867768167627,10
SR-GNN,yoochoose1_64,popular,wearec,Poisoning-SSL,recall,40,0.5501914200865863,0.11341242210636612,10
SR-GNN,yoochoose1_64,popular,wearec,Poisoning-SSL,recall,50,0.617589180292676,0.10791280160027403,10
SR-GNN,yoochoose1_64,popular,wearec,TC-SACP-C,mrr,10,0.00529594791987896,0.0024241302560803163,10
SR-GNN,yoochoose1_64,popular,wearec,TC-SACP-C,mrr,20,0.01644586425113535,0.004222264422237638,10
SR-GNN,yoochoose1_64,popular,wearec,TC-SACP-C,mrr,30,0.02276155245170796,0.00410900879868669,10
SR-GNN,yoochoose1_64,popular,wearec,TC-SACP-C,mrr,40,0.02687486014788667,0.004088353947414708,10
SR-GNN,yoochoose1_64,popular,wearec,TC-SACP-C,mrr,50,0.029809001827226976,0.003965843650230932,10
SR-GNN,yoochoose1_64,popular,wearec,TC-SACP-C,recall,10,0.02534437725857807,0.008311036231264814,10
SR-GNN,yoochoose1_64,popular,wearec,TC-SACP-C,recall,20,0.19841318115138282,0.041542971604883475,10
SR-GNN,yoochoose1_64,popular,wearec,TC-SACP-C,recall,30,0.3553275609145229,0.04179468253626574,10
SR-GNN,yoochoose1_64,popular,wearec,TC-SACP-C,recall,40,0.5002629789974596,0.04741846761727237,10
SR-GNN,yoochoose1_64,popular,wearec,TC-SACP-C,recall,50,0.6329600343482772,0.058126399057487003,10
SR-GNN,yoochoose1_64,popular,wearec,TC-SACP-G,mrr,10,0.007365470667377689,0.003102118158340658,10
SR-GNN,yoochoose1_64,popular,wearec,TC-SACP-G,mrr,20,0.019189928071527328,0.004262660530337434,10
SR-GNN,yoochoose1_64,popular,wearec,TC-SACP-G,mrr,30,0.0248789702878575,0.004642591554201439,10
SR-GNN,yoochoose1_64,popular,wearec,TC-SACP-G,mrr,40,0.02839148693008665,0.0049215183268598445,10
SR-GNN,yoochoose1_64,popular,wearec,TC-SACP-G,mrr,50,0.03109483174658942,0.005029090986806466,10
SR-GNN,yoochoose1_64,popular,wearec,TC-SACP-G,recall,10,0.035344735053132445,0.010387051270511798,10
SR-GNN,yoochoose1_64,popular,wearec,TC-SACP-G,recall,20,0.21856238148055382,0.03970530463237973,10
SR-GNN,yoochoose1_64,popular,wearec,TC-SACP-G,recall,30,0.36057640702708504,0.05317566830342726,10
SR-GNN,yoochoose1_64,popular,wearec,TC-SACP-G,recall,40,0.48453254141471963,0.07083783627262293,10
SR-GNN,yoochoose1_64,popular,wearec,TC-SACP-G,recall,50,0.6066603456295395,0.08467037950911467,10
SR-GNN,yoochoose1_64,unpopular,freqrec,CLEAN,mrr,10,0.000013937659694216277,0.000015210955662500957,10
SR-GNN,yoochoose1_64,unpopular,freqrec,CLEAN,mrr,20,0.000024477244283537852,0.000028988259812942547,10
SR-GNN,yoochoose1_64,unpopular,freqrec,CLEAN,mrr,30,0.000029025152028652153,0.00003546503262650582,10
SR-GNN,yoochoose1_64,unpopular,freqrec,CLEAN,mrr,40,0.00003130889796224925,0.000038433150219880205,10
SR-GNN,yoochoose1_64,unpopular,freqrec,CLEAN,mrr,50,0.000033169604600115504,0.00003990644315745254,10
SR-GNN,yoochoose1_64,unpopular,freqrec,CLEAN,recall,10,0.0000697699381015153,0.00006392084246713498,10
SR-GNN,yoochoose1_64,unpopular,freqrec,CLEAN,recall,20,0.00022362159647927325,0.00031500938249565217,10
SR-GNN,yoochoose1_64,unpopular,freqrec,CLEAN,recall,30,0.0003363268811048288,0.0004809051048024424,10
SR-GNN,yoochoose1_64,unpopular,freqrec,CLEAN,recall,40,0.00041504168306554765,0.0005842030215574059,10
SR-GNN,yoochoose1_64,unpopular,freqrec,CLEAN,recall,50,0.0004991234033417621,0.0006584159762599151,10
SR-GNN,yoochoose1_64,unpopular,freqrec,CREAT,mrr,10,0.0015865171369393,0.0004380967521039279,10
SR-GNN,yoochoose1_64,unpopular,freqrec,CREAT,mrr,20,0.007769206091010281,0.0014371240645372357,10
SR-GNN,yoochoose1_64,unpopular,freqrec,CREAT,mrr,30,0.01175808715710875,0.0015166215903594557,10
SR-GNN,yoochoose1_64,unpopular,freqrec,CREAT,mrr,40,0.014603866995321079,0.001617441156999678,10
SR-GNN,yoochoose1_64,unpopular,freqrec,CREAT,mrr,50,0.01670241848770336,0.0015762770978645622,10
SR-GNN,yoochoose1_64,unpopular,freqrec,CREAT,recall,10,0.01030269419299432,0.0029926977105915733,10
SR-GNN,yoochoose1_64,unpopular,freqrec,CREAT,recall,20,0.10757987763426238,0.01825107502555401,10
SR-GNN,yoochoose1_64,unpopular,freqrec,CREAT,recall,30,0.20747611721349596,0.02113015452336378,10
SR-GNN,yoochoose1_64,unpopular,freqrec,CREAT,recall,40,0.30779634333965433,0.025300530585853475,10
SR-GNN,yoochoose1_64,unpopular,freqrec,CREAT,recall,50,0.40295538301907047,0.027586724808022055,10
SR-GNN,yoochoose1_64,unpopular,freqrec,DPSBR,mrr,10,0.00153302330151228,0.00024947818500412527,10
SR-GNN,yoochoose1_64,unpopular,freqrec,DPSBR,mrr,20,0.00896508386592274,0.0015693758044921478,10
SR-GNN,yoochoose1_64,unpopular,freqrec,DPSBR,mrr,30,0.01413594460479815,0.0014848794202878361,10
SR-GNN,yoochoose1_64,unpopular,freqrec,DPSBR,mrr,40,0.01707943026889263,0.0013927483278192861,10
SR-GNN,yoochoose1_64,unpopular,freqrec,DPSBR,mrr,50,0.019204918295335792,0.0015192688901425196,10
SR-GNN,yoochoose1_64,unpopular,freqrec,DPSBR,recall,10,0.01024186911875197,0.0019237026806480063,10
SR-GNN,yoochoose1_64,unpopular,freqrec,DPSBR,recall,20,0.13135532577194173,0.022439034836487768,10
SR-GNN,yoochoose1_64,unpopular,freqrec,DPSBR,recall,30,0.2596819206411678,0.02163832729199984,10
SR-GNN,yoochoose1_64,unpopular,freqrec,DPSBR,recall,40,0.3633940391427242,0.02231369514195186,10
SR-GNN,yoochoose1_64,unpopular,freqrec,DPSBR,recall,50,0.4595978389208916,0.031796236653614286,10
SR-GNN,yoochoose1_64,unpopular,freqrec,Poisoning-SSL,mrr,10,0.006076556250131279,0.003749819794763185,10
SR-GNN,yoochoose1_64,unpopular,freqrec,Poisoning-SSL,mrr,20,0.009488809238045718,0.006397951905572128,10
SR-GNN,yoochoose1_64,unpopular,freqrec,Poisoning-SSL,mrr,30,0.01195126182858094,0.008200824865434405,10
SR-GNN,yoochoose1_64,unpopular,freqrec,Poisoning-SSL,mrr,40,0.01358811242094025,0.009069534360842147,10
SR-GNN,yoochoose1_64,unpopular,freqrec,Poisoning-SSL,mrr,50,0.014684360211309842,0.009585132994959741,10
SR-GNN,yoochoose1_64,unpopular,freqrec,Poisoning-SSL,recall,10,0.027752334609467206,0.017387940159143644,10
SR-GNN,yoochoose1_64,unpopular,freqrec,Poisoning-SSL,recall,20,0.08055923288847538,0.062301701853269845,10
SR-GNN,yoochoose1_64,unpopular,freqrec,Poisoning-SSL,recall,30,0.14288346631364268,0.10912547105573546,10
SR-GNN,yoochoose1_64,unpopular,freqrec,Poisoning-SSL,recall,40,0.20054384772263764,0.1401634138034014,10
SR-GNN,yoochoose1_64,unpopular,freqrec,Poisoning-SSL,recall,50,0.2501431178217467,0.16619599335390645,10
SR-GNN,yoochoose1_64,unpopular,freqrec,TC-SACP-C,mrr,10,0.0016211628663773201,0.0006093578996340038,10
SR-GNN,yoochoose1_64,unpopular,freqrec,TC-SACP-C,mrr,20,0.00859010000432393,0.002151193781676174,10
SR-GNN,yoochoose1_64,unpopular,freqrec,TC-SACP-C,mrr,30,0.01361659053180854,0.0027288532583971455,10
SR-GNN,yoochoose1_64,unpopular,freqrec,TC-SACP-C,mrr,40,0.01674503087479189,0.002781586003894108,10
SR-GNN,yoochoose1_64,unpopular,freqrec,TC-SACP-C,mrr,50,0.019129468002069848,0.0029815294215883325,10
SR-GNN,yoochoose1_64,unpopular,freqrec,TC-SACP-C,recall,10,0.010927045690364559,0.0043226376848832584,10
SR-GNN,yoochoose1_64,unpopular,freqrec,TC-SACP-C,recall,20,0.12200794303910692,0.02778806543011944,10
SR-GNN,yoochoose1_64,unpopular,freqrec,TC-SACP-C,recall,30,0.2472145693942538,0.042943128512927024,10
SR-GNN,yoochoose1_64,unpopular,freqrec,TC-SACP-C,recall,40,0.357497584886758,0.045453956790682676,10
SR-GNN,yoochoose1_64,unpopular,freqrec,TC-SACP-C,recall,50,0.465438835020931,0.059989586876962875,10
SR-GNN,yoochoose1_64,unpopular,freqrec,TC-SACP-G,mrr,10,0.00156297581706358,0.00027674919834929143,10
SR-GNN,yoochoose1_64,unpopular,freqrec,TC-SACP-G,mrr,20,0.008461297739389851,0.00192395750613046,10
SR-GNN,yoochoose1_64,unpopular,freqrec,TC-SACP-G,mrr,30,0.01352391635960502,0.0019229306969989546,10
SR-GNN,yoochoose1_64,unpopular,freqrec,TC-SACP-G,mrr,40,0.0165395615911374,0.0019452009490850259,10
SR-GNN,yoochoose1_64,unpopular,freqrec,TC-SACP-G,mrr,50,0.0186900747599133,0.002076054729759667,10
SR-GNN,yoochoose1_64,unpopular,freqrec,TC-SACP-G,recall,10,0.01054957243550749,0.0022267908764176387,10
SR-GNN,yoochoose1_64,unpopular,freqrec,TC-SACP-G,recall,20,0.12178074349708394,0.028135068923857413,10
SR-GNN,yoochoose1_64,unpopular,freqrec,TC-SACP-G,recall,30,0.24792836953021574,0.028400453521134236,10
SR-GNN,yoochoose1_64,unpopular,freqrec,TC-SACP-G,recall,40,0.3538749150237933,0.02947774235341485,10
SR-GNN,yoochoose1_64,unpopular,freqrec,TC-SACP-G,recall,50,0.4513560413610505,0.039401855745726695,10
SR-GNN,yoochoose1_64,unpopular,mdhg,CLEAN,mrr,10,0.000014585097459261114,0.000020522179612227327,10
SR-GNN,yoochoose1_64,unpopular,mdhg,CLEAN,mrr,20,0.00002328347538897726,0.000025284361567980333,10
SR-GNN,yoochoose1_64,unpopular,mdhg,CLEAN,mrr,30,0.000029175333008974526,0.00003091215999152381,10
SR-GNN,yoochoose1_64,unpopular,mdhg,CLEAN,mrr,40,0.000033102265297578484,0.00003445405437980334,10
SR-GNN,yoochoose1_64,unpopular,mdhg,CLEAN,mrr,50,0.000035050223836798446,0.000036604853827252137,10
SR-GNN,yoochoose1_64,unpopular,mdhg,CLEAN,recall,10,0.00004472431929585412,0.0000514707637173297,10
SR-GNN,yoochoose1_64,unpopular,mdhg,CLEAN,recall,20,0.0001860531682707453,0.00022075276446715508,10
SR-GNN,yoochoose1_64,unpopular,mdhg,CLEAN,recall,30,0.0003327489355611697,0.0003989761355462865,10
SR-GNN,yoochoose1_64,unpopular,mdhg,CLEAN,recall,40,0.00047049983899242,0.0005506272329655505,10
SR-GNN,yoochoose1_64,unpopular,mdhg,CLEAN,recall,50,0.0005581595048123088,0.0006595680563678996,10
SR-GNN,yoochoose1_64,unpopular,mdhg,CREAT,mrr,10,0.30118011718623544,0.4795946690537464,10
SR-GNN,yoochoose1_64,unpopular,mdhg,CREAT,mrr,20,0.3066810522709181,0.47580644356596147,10
SR-GNN,yoochoose1_64,unpopular,mdhg,CREAT,mrr,30,0.30823145375805944,0.4747382910694853,10
SR-GNN,yoochoose1_64,unpopular,mdhg,CREAT,mrr,40,0.3106266194163157,0.4730869094196548,10
SR-GNN,yoochoose1_64,unpopular,mdhg,CREAT,mrr,50,0.3126056452816425,0.4717216198310412,10
SR-GNN,yoochoose1_64,unpopular,mdhg,CREAT,recall,10,0.3117463952198647,0.47285405793389923,10
SR-GNN,yoochoose1_64,unpopular,mdhg,CREAT,recall,20,0.3915864610540627,0.41795780771369806,10
SR-GNN,yoochoose1_64,unpopular,mdhg,CREAT,recall,30,0.4310243658091523,0.39096303577645153,10
SR-GNN,yoochoose1_64,unpopular,mdhg,CREAT,recall,40,0.5161329564564027,0.3337764848408537,10
SR-GNN,yoochoose1_64,unpopular,mdhg,CREAT,recall,50,0.6054170095531146,0.27199450312401874,10
SR-GNN,yoochoose1_64,unpopular,mdhg,DPSBR,mrr,10,0.20532228273493622,0.4045897729744167,10
SR-GNN,yoochoose1_64,unpopular,mdhg,DPSBR,mrr,20,0.2128816025869534,0.40061121176099723,10
SR-GNN,yoochoose1_64,unpopular,mdhg,DPSBR,mrr,30,0.21488429807048073,0.39955688933576455,10
SR-GNN,yoochoose1_64,unpopular,mdhg,DPSBR,mrr,40,0.21630531958598082,0.39880861368353676,10
SR-GNN,yoochoose1_64,unpopular,mdhg,DPSBR,mrr,50,0.21795403237666408,0.39794012635086723,10
SR-GNN,yoochoose1_64,unpopular,mdhg,DPSBR,recall,10,0.26096282514580127,0.38289318301234165,10
SR-GNN,yoochoose1_64,unpopular,mdhg,DPSBR,recall,20,0.3641883430534187,0.3285622269367348,10
SR-GNN,yoochoose1_64,unpopular,mdhg,DPSBR,recall,30,0.41414182976135105,0.30232280265284495,10
SR-GNN,yoochoose1_64,unpopular,mdhg,DPSBR,recall,40,0.46439228594940785,0.2759272367666608,10
SR-GNN,yoochoose1_64,unpopular,mdhg,DPSBR,recall,50,0.5397849654728255,0.23697557824672194,10
SR-GNN,yoochoose1_64,unpopular,mdhg,Poisoning-SSL,mrr,10,0.4461967319159027,0.4694575307204268,10
SR-GNN,yoochoose1_64,unpopular,mdhg,Poisoning-SSL,mrr,20,0.4472076293306054,0.46853454822264595,10
SR-GNN,yoochoose1_64,unpopular,mdhg,Poisoning-SSL,mrr,30,0.44816632504948817,0.46759360150817436,10
SR-GNN,yoochoose1_64,unpopular,mdhg,Poisoning-SSL,mrr,40,0.4487711463252048,0.4669819913710295,10
SR-GNN,yoochoose1_64,unpopular,mdhg,Poisoning-SSL,mrr,50,0.4492204708945981,0.46651455474272374,10
SR-GNN,yoochoose1_64,unpopular,mdhg,Poisoning-SSL,recall,10,0.5044974775483917,0.516969434066011,10
SR-GNN,yoochoose1_64,unpopular,mdhg,Poisoning-SSL,recall,20,0.5197735160470858,0.5038609070250019,10
SR-GNN,yoochoose1_64,unpopular,mdhg,Poisoning-SSL,recall,30,0.5439675838133743,0.4839092225297574,10
SR-GNN,yoochoose1_64,unpopular,mdhg,Poisoning-SSL,recall,40,0.5651955347239614,0.4661859136204503,10
SR-GNN,yoochoose1_64,unpopular,mdhg,Poisoning-SSL,recall,50,0.5855128984936849,0.44792845566609235,10
SR-GNN,yoochoose1_64,unpopular,mdhg,TC-SACP-C,mrr,10,0.11304896120314785,0.18596019049327264,10
SR-GNN,yoochoose1_64,unpopular,mdhg,TC-SACP-C,mrr,20,0.12050345046876956,0.18571994486703872,10
SR-GNN,yoochoose1_64,unpopular,mdhg,TC-SACP-C,mrr,30,0.12251367308489251,0.18563043212617708,10
SR-GNN,yoochoose1_64,unpopular,mdhg,TC-SACP-C,mrr,40,0.12382245279816877,0.18530510644071493,10
SR-GNN,yoochoose1_64,unpopular,mdhg,TC-SACP-C,mrr,50,0.1256199648638506,0.18443731376880304,10
SR-GNN,yoochoose1_64,unpopular,mdhg,TC-SACP-C,recall,10,0.2084296397008837,0.31393188450651166,10
SR-GNN,yoochoose1_64,unpopular,mdhg,TC-SACP-C,recall,20,0.3170775340799313,0.3103206076865234,10
SR-GNN,yoochoose1_64,unpopular,mdhg,TC-SACP-C,recall,30,0.36711331353536797,0.3098355368541178,10
SR-GNN,yoochoose1_64,unpopular,mdhg,TC-SACP-C,recall,40,0.4135085334001216,0.2995609125020785,10
SR-GNN,yoochoose1_64,unpopular,mdhg,TC-SACP-C,recall,50,0.49554724677090417,0.26500129002332096,10
SR-GNN,yoochoose1_64,unpopular,mdhg,TC-SACP-G,mrr,10,0.40364038069340574,0.5105633007829302,10
SR-GNN,yoochoose1_64,unpopular,mdhg,TC-SACP-G,mrr,20,0.40967105137770554,0.5053757575316102,10
SR-GNN,yoochoose1_64,unpopular,mdhg,TC-SACP-G,mrr,30,0.4111599489440604,0.5040941647636509,10
SR-GNN,yoochoose1_64,unpopular,mdhg,TC-SACP-G,mrr,40,0.4120950972398368,0.503289869083836,10
SR-GNN,yoochoose1_64,unpopular,mdhg,TC-SACP-G,mrr,50,0.41297422469114,0.5025342765368929,10
SR-GNN,yoochoose1_64,unpopular,mdhg,TC-SACP-G,recall,10,0.42668610683745384,0.49261304816371926,10
SR-GNN,yoochoose1_64,unpopular,mdhg,TC-SACP-G,recall,20,0.5100468710866221,0.4209897244335701,10
SR-GNN,yoochoose1_64,unpopular,mdhg,TC-SACP-G,recall,30,0.5474203012630148,0.3887695349158868,10
SR-GNN,yoochoose1_64,unpopular,mdhg,TC-SACP-G,recall,40,0.5805252424058105,0.3603561125017831,10
SR-GNN,yoochoose1_64,unpopular,mdhg,TC-SACP-G,recall,50,0.6204658485097856,0.3266464281067151,10
SR-GNN,yoochoose1_64,unpopular,miasrec,CLEAN,mrr,10,0.000015915468480855437,0.000022195418717045903,10
SR-GNN,yoochoose1_64,unpopular,miasrec,CLEAN,mrr,20,0.000023352889727858303,0.00003484360723008724,10
SR-GNN,yoochoose1_64,unpopular,miasrec,CLEAN,mrr,30,0.00002828281800079853,0.000042311539739513624,10
SR-GNN,yoochoose1_64,unpopular,miasrec,CLEAN,mrr,40,0.00003023400279402133,0.000045737210884305806,10
SR-GNN,yoochoose1_64,unpopular,miasrec,CLEAN,mrr,50,0.00003211033329420105,0.00004884060021341366,10
SR-GNN,yoochoose1_64,unpopular,miasrec,CLEAN,recall,10,0.00006261404701418206,0.00008733656848707215,10
SR-GNN,yoochoose1_64,unpopular,miasrec,CLEAN,recall,20,0.00017531933163974204,0.0002800566261082068,10
SR-GNN,yoochoose1_64,unpopular,miasrec,CLEAN,recall,30,0.00029696948012448326,0.0004761790151832931,10
SR-GNN,yoochoose1_64,unpopular,miasrec,CLEAN,recall,40,0.00036495044545418207,0.0005992509904850403,10
SR-GNN,yoochoose1_64,unpopular,miasrec,CLEAN,recall,50,0.0004490321657304097,0.0007441615441668836,10
SR-GNN,yoochoose1_64,unpopular,miasrec,CREAT,mrr,10,0.04542206624083414,0.010697908571976033,10
SR-GNN,yoochoose1_64,unpopular,miasrec,CREAT,mrr,20,0.050205004870420254,0.009461874990661716,10
SR-GNN,yoochoose1_64,unpopular,miasrec,CREAT,mrr,30,0.05065118899276037,0.009381093143281317,10
SR-GNN,yoochoose1_64,unpopular,miasrec,CREAT,mrr,40,0.05078541121128708,0.009345929906311487,10
SR-GNN,yoochoose1_64,unpopular,miasrec,CREAT,mrr,50,0.050883830024203235,0.00933568882706805,10
SR-GNN,yoochoose1_64,unpopular,miasrec,CREAT,recall,10,0.21850155640631144,0.03752618356379205,10
SR-GNN,yoochoose1_64,unpopular,miasrec,CREAT,recall,20,0.28407993130344555,0.05102688531589828,10
SR-GNN,yoochoose1_64,unpopular,miasrec,CREAT,recall,30,0.29484596944434505,0.06050053064871842,10
SR-GNN,yoochoose1_64,unpopular,miasrec,CREAT,recall,40,0.299524133242692,0.06301305735233179,10
SR-GNN,yoochoose1_64,unpopular,miasrec,CREAT,recall,50,0.30399298722673435,0.06582121111368569,10
SR-GNN,yoochoose1_64,unpopular,miasrec,DPSBR,mrr,10,0.02384520316767408,0.00981364891036004,10
SR-GNN,yoochoose1_64,unpopular,miasrec,DPSBR,mrr,20,0.036705334411693755,0.011979037505512012,10
SR-GNN,yoochoose1_64,unpopular,miasrec,DPSBR,mrr,30,0.041841537647578406,0.012036492572491642,10
SR-GNN,yoochoose1_64,unpopular,miasrec,DPSBR,mrr,40,0.04441489469663879,0.011957568137116098,10
SR-GNN,yoochoose1_64,unpopular,miasrec,DPSBR,mrr,50,0.04604592862684057,0.011758715781828353,10
SR-GNN,yoochoose1_64,unpopular,miasrec,DPSBR,recall,10,0.13717306522594724,0.050539096157955515,10
SR-GNN,yoochoose1_64,unpopular,miasrec,DPSBR,recall,20,0.3246395219864754,0.08454580045384719,10
SR-GNN,yoochoose1_64,unpopular,miasrec,DPSBR,recall,30,0.4520537407420659,0.09028845539700507,10
SR-GNN,yoochoose1_64,unpopular,miasrec,DPSBR,recall,40,0.5422573258435006,0.08964142341505557,10
SR-GNN,yoochoose1_64,unpopular,miasrec,DPSBR,recall,50,0.6159397473970446,0.08293984064628063,10
SR-GNN,yoochoose1_64,unpopular,miasrec,Poisoning-SSL,mrr,10,0.020887774188473485,0.01359987322129971,10
SR-GNN,yoochoose1_64,unpopular,miasrec,Poisoning-SSL,mrr,20,0.024869904419011567,0.015863988583775038,10
SR-GNN,yoochoose1_64,unpopular,miasrec,Poisoning-SSL,mrr,30,0.026980977608761926,0.016896511314601036,10
SR-GNN,yoochoose1_64,unpopular,miasrec,Poisoning-SSL,mrr,40,0.02830461382644544,0.01751342921276702,10
SR-GNN,yoochoose1_64,unpopular,miasrec,Poisoning-SSL,mrr,50,0.029239838993667576,0.01796372597401238,10
SR-GNN,yoochoose1_64,unpopular,miasrec,Poisoning-SSL,recall,10,0.07265912912805464,0.04624243833087916,10
SR-GNN,yoochoose1_64,unpopular,miasrec,Poisoning-SSL,recall,20,0.131298078643243,0.08104634185636468,10
SR-GNN,yoochoose1_64,unpopular,miasrec,Poisoning-SSL,recall,30,0.18394039142724244,0.10915018127072675,10
SR-GNN,yoochoose1_64,unpopular,miasrec,Poisoning-SSL,recall,40,0.23062542488103324,0.13452897964759328,10
SR-GNN,yoochoose1_64,unpopular,miasrec,Poisoning-SSL,recall,50,0.27307417081112023,0.15944920279646274,10
SR-GNN,yoochoose1_64,unpopular,miasrec,TC-SACP-C,mrr,10,0.03055807786518123,0.008608892039789559,10
SR-GNN,yoochoose1_64,unpopular,miasrec,TC-SACP-C,mrr,20,0.04607492753248179,0.009506297252315209,10
SR-GNN,yoochoose1_64,unpopular,miasrec,TC-SACP-C,mrr,30,0.051821029408601685,0.00933996862194185,10
SR-GNN,yoochoose1_64,unpopular,miasrec,TC-SACP-C,mrr,40,0.05475576662858219,0.009527660686608092,10
SR-GNN,yoochoose1_64,unpopular,miasrec,TC-SACP-C,mrr,50,0.05667410160545009,0.009667098028919123,10
SR-GNN,yoochoose1_64,unpopular,miasrec,TC-SACP-C,recall,10,0.16812229417868257,0.04652437094990651,10
SR-GNN,yoochoose1_64,unpopular,miasrec,TC-SACP-C,recall,20,0.39360442234069193,0.058470551034148326,10
SR-GNN,yoochoose1_64,unpopular,miasrec,TC-SACP-C,recall,30,0.5360567462163226,0.05519535657889226,10
SR-GNN,yoochoose1_64,unpopular,miasrec,TC-SACP-C,recall,40,0.6390532756091452,0.06318103813851794,10
SR-GNN,yoochoose1_64,unpopular,miasrec,TC-SACP-C,recall,50,0.7257236394862071,0.07202842857928517,10
SR-GNN,yoochoose1_64,unpopular,miasrec,TC-SACP-G,mrr,10,0.02801744546614617,0.012766818928230676,10
SR-GNN,yoochoose1_64,unpopular,miasrec,TC-SACP-G,mrr,20,0.04301442740507738,0.01446600770645923,10
SR-GNN,yoochoose1_64,unpopular,miasrec,TC-SACP-G,mrr,30,0.04830867866760888,0.014345333537596802,10
SR-GNN,yoochoose1_64,unpopular,miasrec,TC-SACP-G,mrr,40,0.05094236487991592,0.014103987310178439,10
SR-GNN,yoochoose1_64,unpopular,miasrec,TC-SACP-G,mrr,50,0.052481523330549354,0.013902507386108038,10
SR-GNN,yoochoose1_64,unpopular,miasrec,TC-SACP-G,recall,10,0.1607892947869333,0.0696052759330182,10
SR-GNN,yoochoose1_64,unpopular,miasrec,TC-SACP-G,recall,20,0.3791656230992164,0.09493302085732411,10
SR-GNN,yoochoose1_64,unpopular,miasrec,TC-SACP-G,recall,30,0.5099860460123796,0.09455775140834456,10
SR-GNN,yoochoose1_64,unpopular,miasrec,TC-SACP-G,recall,40,0.6022773623385451,0.0907778466323523,10
SR-GNN,yoochoose1_64,unpopular,miasrec,TC-SACP-G,recall,50,0.671607213138216,0.08630156914165901,10
SR-GNN,yoochoose1_64,unpopular,srgnn,CLEAN,mrr,10,0.00000568708764887519,0.000008967586200270424,10
SR-GNN,yoochoose1_64,unpopular,srgnn,CLEAN,mrr,20,0.000008637873190507593,0.000011777908142578403,10
SR-GNN,yoochoose1_64,unpopular,srgnn,CLEAN,mrr,30,0.000011789545003823398,0.000013124862159511217,10
SR-GNN,yoochoose1_64,unpopular,srgnn,CLEAN,mrr,40,0.000013559719895853004,0.000014989377640999909,10
SR-GNN,yoochoose1_64,unpopular,srgnn,CLEAN,mrr,50,0.00001536986347210938,0.000016653753830562477,10
SR-GNN,yoochoose1_64,unpopular,srgnn,CLEAN,recall,10,0.000021467673262006475,0.00003352169862379685,10
SR-GNN,yoochoose1_64,unpopular,srgnn,CLEAN,recall,20,0.00006440301978602647,0.00008525560127688707,10
SR-GNN,yoochoose1_64,unpopular,srgnn,CLEAN,recall,30,0.00014132884897488207,0.00013996481102684734,10
SR-GNN,yoochoose1_64,unpopular,srgnn,CLEAN,recall,40,0.00020394289598910648,0.00020591759610856194,10
SR-GNN,yoochoose1_64,unpopular,srgnn,CLEAN,recall,50,0.0002862356434934788,0.0002931102061479501,10
SR-GNN,yoochoose1_64,unpopular,srgnn,CREAT,mrr,10,0.04998287129561961,0.0028516001358013915,10
SR-GNN,yoochoose1_64,unpopular,srgnn,CREAT,mrr,20,0.054108319353890356,0.003161992041176832,10
SR-GNN,yoochoose1_64,unpopular,srgnn,CREAT,mrr,30,0.05493097990886968,0.004357645819403216,10
SR-GNN,yoochoose1_64,unpopular,srgnn,CREAT,mrr,40,0.05527814510008504,0.004991189658397277,10
SR-GNN,yoochoose1_64,unpopular,srgnn,CREAT,mrr,50,0.05546548951904116,0.005284954395630968,10
SR-GNN,yoochoose1_64,unpopular,srgnn,CREAT,recall,10,0.222158216751941,0.008346391706372806,10
SR-GNN,yoochoose1_64,unpopular,srgnn,CREAT,recall,20,0.27913699953486704,0.05428020370120148,10
SR-GNN,yoochoose1_64,unpopular,srgnn,CREAT,recall,30,0.2993649146659988,0.09273124729435199,10
SR-GNN,yoochoose1_64,unpopular,srgnn,CREAT,recall,40,0.31155318616050665,0.11790005017883211,10
SR-GNN,yoochoose1_64,unpopular,srgnn,CREAT,recall,50,0.32003470607177353,0.13268123065733484,10
SR-GNN,yoochoose1_64,unpopular,srgnn,DPSBR,mrr,10,0.04707391495961725,0.00493850670974012,10
SR-GNN,yoochoose1_64,unpopular,srgnn,DPSBR,mrr,20,0.05793440450549557,0.004744448118657749,10
SR-GNN,yoochoose1_64,unpopular,srgnn,DPSBR,mrr,30,0.062242614040587806,0.0048986393331239084,10
SR-GNN,yoochoose1_64,unpopular,srgnn,DPSBR,mrr,40,0.06463084174060237,0.004882189415920223,10
SR-GNN,yoochoose1_64,unpopular,srgnn,DPSBR,mrr,50,0.06614912313251431,0.0049015677505346794,10
SR-GNN,yoochoose1_64,unpopular,srgnn,DPSBR,recall,10,0.20684103187949474,0.019188068985019596,10
SR-GNN,yoochoose1_64,unpopular,srgnn,DPSBR,recall,20,0.36507567354824855,0.018735984332374916,10
SR-GNN,yoochoose1_64,unpopular,srgnn,DPSBR,recall,30,0.47245518623206556,0.02233799315151338,10
SR-GNN,yoochoose1_64,unpopular,srgnn,DPSBR,recall,40,0.5561987906544062,0.024740390590891673,10
SR-GNN,yoochoose1_64,unpopular,srgnn,DPSBR,recall,50,0.6247558052166446,0.028987261667342435,10
SR-GNN,yoochoose1_64,unpopular,srgnn,Poisoning-SSL,mrr,10,0.029188791006521414,0.015234469934011877,10
SR-GNN,yoochoose1_64,unpopular,srgnn,Poisoning-SSL,mrr,20,0.03327338703411255,0.017615607176654974,10
SR-GNN,yoochoose1_64,unpopular,srgnn,Poisoning-SSL,mrr,30,0.03531035836162084,0.01869557667067135,10
SR-GNN,yoochoose1_64,unpopular,srgnn,Poisoning-SSL,mrr,40,0.036561534546108894,0.019288887849590697,10
SR-GNN,yoochoose1_64,unpopular,srgnn,Poisoning-SSL,mrr,50,0.037409116294054454,0.01964742017417686,10
SR-GNN,yoochoose1_64,unpopular,srgnn,Poisoning-SSL,recall,10,0.0811424380120934,0.047341681439130465,10
SR-GNN,yoochoose1_64,unpopular,srgnn,Poisoning-SSL,recall,20,0.14218218898708357,0.08463642559169092,10
SR-GNN,yoochoose1_64,unpopular,srgnn,Poisoning-SSL,recall,30,0.19329314107839277,0.11247601117948892,10
SR-GNN,yoochoose1_64,unpopular,srgnn,Poisoning-SSL,recall,40,0.23713907474328239,0.13403136541194183,10
SR-GNN,yoochoose1_64,unpopular,srgnn,Poisoning-SSL,recall,50,0.27536942287738375,0.15082617523826666,10
SR-GNN,yoochoose1_64,unpopular,srgnn,TC-SACP-C,mrr,10,0.053775679568283954,0.0019401619753650148,10
SR-GNN,yoochoose1_64,unpopular,srgnn,TC-SACP-C,mrr,20,0.06779353683118478,0.0020371511063663112,10
SR-GNN,yoochoose1_64,unpopular,srgnn,TC-SACP-C,mrr,30,0.0734494695640053,0.0020834711809020494,10
SR-GNN,yoochoose1_64,unpopular,srgnn,TC-SACP-C,mrr,40,0.07627423775924475,0.0020361387918240163,10
SR-GNN,yoochoose1_64,unpopular,srgnn,TC-SACP-C,mrr,50,0.07784112506697373,0.0019936013628482096,10
SR-GNN,yoochoose1_64,unpopular,srgnn,TC-SACP-C,recall,10,0.24196214533614796,0.00747891806200082,10
SR-GNN,yoochoose1_64,unpopular,srgnn,TC-SACP-C,recall,20,0.44739704461698093,0.013876282750061761,10
SR-GNN,yoochoose1_64,unpopular,srgnn,TC-SACP-C,recall,30,0.5883180077999213,0.018692776280811917,10
SR-GNN,yoochoose1_64,unpopular,srgnn,TC-SACP-C,recall,40,0.6872965043472038,0.019249923851021002,10
SR-GNN,yoochoose1_64,unpopular,srgnn,TC-SACP-C,recall,50,0.7578303338223192,0.01810039079880685,10
SR-GNN,yoochoose1_64,unpopular,srgnn,TC-SACP-G,mrr,10,0.056225361159527254,0.0028771377558922165,10
SR-GNN,yoochoose1_64,unpopular,srgnn,TC-SACP-G,mrr,20,0.06713669483261597,0.002833427203405127,10
SR-GNN,yoochoose1_64,unpopular,srgnn,TC-SACP-G,mrr,30,0.07153103220671883,0.0028240370006571438,10
SR-GNN,yoochoose1_64,unpopular,srgnn,TC-SACP-G,mrr,40,0.07391565914950594,0.0028134004864306082,10
SR-GNN,yoochoose1_64,unpopular,srgnn,TC-SACP-G,mrr,50,0.07540040015028945,0.0028148695131586985,10
SR-GNN,yoochoose1_64,unpopular,srgnn,TC-SACP-G,recall,10,0.24194067766288593,0.010653619498628659,10
SR-GNN,yoochoose1_64,unpopular,srgnn,TC-SACP-G,recall,20,0.4022451608286522,0.01723187889157805,10
SR-GNN,yoochoose1_64,unpopular,srgnn,TC-SACP-G,recall,30,0.5117410283015492,0.017053956415802103,10
SR-GNN,yoochoose1_64,unpopular,srgnn,TC-SACP-G,recall,40,0.595506100397152,0.02170856061125596,10
SR-GNN,yoochoose1_64,unpopular,srgnn,TC-SACP-G,recall,50,0.6625550109127338,0.025275901644703353,10
SR-GNN,yoochoose1_64,unpopular,tron,CLEAN,mrr,10,0.000013223719236303716,0.00001613860943407999,10
SR-GNN,yoochoose1_64,unpopular,tron,CLEAN,mrr,20,0.000021661882983096777,0.0000269953664417606,10
SR-GNN,yoochoose1_64,unpopular,tron,CLEAN,mrr,30,0.000024785069829898758,0.00003126342911388733,10
SR-GNN,yoochoose1_64,unpopular,tron,CLEAN,mrr,40,0.00002644031869729292,0.00003373364010646523,10
SR-GNN,yoochoose1_64,unpopular,tron,CLEAN,mrr,50,0.000027582126584327592,0.00003449156664927769,10
SR-GNN,yoochoose1_64,unpopular,tron,CLEAN,recall,10,0.00006453579047377445,0.00006556772600656002,10
SR-GNN,yoochoose1_64,unpopular,tron,CLEAN,recall,20,0.0001900220497283778,0.00022536566464233438,10
SR-GNN,yoochoose1_64,unpopular,tron,CLEAN,recall,30,0.0002671064661276467,0.00033891879902550864,10
SR-GNN,yoochoose1_64,unpopular,tron,CLEAN,recall,40,0.00032447161321547564,0.0004252676193837032,10
SR-GNN,yoochoose1_64,unpopular,tron,CLEAN,recall,50,0.00037645877776380115,0.00046409570033753697,10
SR-GNN,yoochoose1_64,unpopular,tron,CREAT,mrr,10,0.32253999910082776,0.06138847668768528,10
SR-GNN,yoochoose1_64,unpopular,tron,CREAT,mrr,20,0.3271408098021832,0.06138914868838053,10
SR-GNN,yoochoose1_64,unpopular,tron,CREAT,mrr,30,0.32961708492990754,0.061148762145097006,10
SR-GNN,yoochoose1_64,unpopular,tron,CREAT,mrr,40,0.3311793071887944,0.060970740300788834,10
SR-GNN,yoochoose1_64,unpopular,tron,CREAT,mrr,50,0.3323035555034456,0.06083726630349137,10
SR-GNN,yoochoose1_64,unpopular,tron,CREAT,recall,10,0.3946650413208325,0.08535172465459002,10
SR-GNN,yoochoose1_64,unpopular,tron,CREAT,recall,20,0.4636824839108689,0.10904838074938333,10
SR-GNN,yoochoose1_64,unpopular,tron,CREAT,recall,30,0.5256422207482566,0.1272159031187573,10
SR-GNN,yoochoose1_64,unpopular,tron,CREAT,recall,40,0.5806213362493949,0.14065161729427572,10
SR-GNN,yoochoose1_64,unpopular,tron,CREAT,recall,50,0.6315095996988329,0.15198111821069016,10
SR-GNN,yoochoose1_64,unpopular,tron,DPSBR,mrr,10,0.08962972376803628,0.025695604454693155,10
SR-GNN,yoochoose1_64,unpopular,tron,DPSBR,mrr,20,0.09979977108368207,0.026419761613715127,10
SR-GNN,yoochoose1_64,unpopular,tron,DPSBR,mrr,30,0.10452517946545745,0.026368062370514495,10
SR-GNN,yoochoose1_64,unpopular,tron,DPSBR,mrr,40,0.10702844065788808,0.02610747797036265,10
SR-GNN,yoochoose1_64,unpopular,tron,DPSBR,mrr,50,0.10860743172646789,0.025834457876516732,10
SR-GNN,yoochoose1_64,unpopular,tron,DPSBR,recall,10,0.26814083143610057,0.050337254780259584,10
SR-GNN,yoochoose1_64,unpopular,tron,DPSBR,recall,20,0.4184733700231253,0.06020952960737707,10
SR-GNN,yoochoose1_64,unpopular,tron,DPSBR,recall,30,0.5362709069071222,0.059342334905335185,10
SR-GNN,yoochoose1_64,unpopular,tron,DPSBR,recall,40,0.6240575085599556,0.05093333958565843,10
SR-GNN,yoochoose1_64,unpopular,tron,DPSBR,recall,50,0.6953946542853557,0.03891437321734558,10
SR-GNN,yoochoose1_64,unpopular,tron,Poisoning-SSL,mrr,10,0.055199265635061966,0.05501949253468613,10
SR-GNN,yoochoose1_64,unpopular,tron,Poisoning-SSL,mrr,20,0.062367687171827134,0.05689072417056383,10
SR-GNN,yoochoose1_64,unpopular,tron,Poisoning-SSL,mrr,30,0.06585938560017866,0.0572935413954198,10
SR-GNN,yoochoose1_64,unpopular,tron,Poisoning-SSL,mrr,40,0.0678080020085889,0.05745448879330997,10
SR-GNN,yoochoose1_64,unpopular,tron,Poisoning-SSL,mrr,50,0.0690652785930704,0.05751540523574649,10
SR-GNN,yoochoose1_64,unpopular,tron,Poisoning-SSL,recall,10,0.1590233583708298,0.11790385817925231,10
SR-GNN,yoochoose1_64,unpopular,tron,Poisoning-SSL,recall,20,0.26518114837853823,0.15837645057608163,10
SR-GNN,yoochoose1_64,unpopular,tron,Poisoning-SSL,recall,30,0.3521323700769051,0.19140860674277424,10
SR-GNN,yoochoose1_64,unpopular,tron,Poisoning-SSL,recall,40,0.4204524675976552,0.21973355194005137,10
SR-GNN,yoochoose1_64,unpopular,tron,Poisoning-SSL,recall,50,0.47724396321459944,0.2425962635921623,10
SR-GNN,yoochoose1_64,unpopular,tron,TC-SACP-C,mrr,10,0.03977384658636061,0.034970087458468524,10
SR-GNN,yoochoose1_64,unpopular,tron,TC-SACP-C,mrr,20,0.04917877896289145,0.03537697287947465,10
SR-GNN,yoochoose1_64,unpopular,tron,TC-SACP-C,mrr,30,0.0542214862805553,0.03493748879568961,10
SR-GNN,yoochoose1_64,unpopular,tron,TC-SACP-C,mrr,40,0.057058660589439036,0.034517739166981365,10
SR-GNN,yoochoose1_64,unpopular,tron,TC-SACP-C,mrr,50,0.05875460905826926,0.034200406190490126,10
SR-GNN,yoochoose1_64,unpopular,tron,TC-SACP-C,recall,10,0.14417295591846974,0.09175854674379783,10
SR-GNN,yoochoose1_64,unpopular,tron,TC-SACP-C,recall,20,0.28532527831059634,0.10198742478656378,10
SR-GNN,yoochoose1_64,unpopular,tron,TC-SACP-C,recall,30,0.41089399996414677,0.10014649129530101,10
SR-GNN,yoochoose1_64,unpopular,tron,TC-SACP-C,recall,40,0.5102486420594088,0.09631064490841916,10
SR-GNN,yoochoose1_64,unpopular,tron,TC-SACP-C,recall,50,0.5868293207608053,0.0901744652090292,10
SR-GNN,yoochoose1_64,unpopular,tron,TC-SACP-G,mrr,10,0.12831635214005777,0.08023147608711155,10
SR-GNN,yoochoose1_64,unpopular,tron,TC-SACP-G,mrr,20,0.14070962620207053,0.07907221317079226,10
SR-GNN,yoochoose1_64,unpopular,tron,TC-SACP-G,mrr,30,0.1450643417718958,0.0776685701604344,10
SR-GNN,yoochoose1_64,unpopular,tron,TC-SACP-G,mrr,40,0.14707286802826786,0.0769430447363385,10
SR-GNN,yoochoose1_64,unpopular,tron,TC-SACP-G,mrr,50,0.14819994073211018,0.07649697202313842,10
SR-GNN,yoochoose1_64,unpopular,tron,TC-SACP-G,recall,10,0.3705358263270172,0.1636815633219632,10
SR-GNN,yoochoose1_64,unpopular,tron,TC-SACP-G,recall,20,0.551167918541491,0.15056394109115243,10
SR-GNN,yoochoose1_64,unpopular,tron,TC-SACP-G,recall,30,0.6591058207697686,0.12431846367267947,10
SR-GNN,yoochoose1_64,unpopular,tron,TC-SACP-G,recall,40,0.7293494433788072,0.10725242269286815,10
SR-GNN,yoochoose1_64,unpopular,tron,TC-SACP-G,recall,50,0.7801193912123765,0.09759222678403888,10
SR-GNN,yoochoose1_64,unpopular,wearec,CLEAN,mrr,10,0.000029348382285867625,0.00004675798776778792,10
SR-GNN,yoochoose1_64,unpopular,wearec,CLEAN,mrr,20,0.00004237554198557429,0.00007414837930941584,10
SR-GNN,yoochoose1_64,unpopular,wearec,CLEAN,mrr,30,0.00004548547799745625,0.00007931003603524843,10
SR-GNN,yoochoose1_64,unpopular,wearec,CLEAN,mrr,40,0.00004833223720739835,0.00008237309199563639,10
SR-GNN,yoochoose1_64,unpopular,wearec,CLEAN,mrr,50,0.00005022518882361275,0.00008359950285787287,10
SR-GNN,yoochoose1_64,unpopular,wearec,CLEAN,recall,10,0.00012343912125655648,0.00017271798915154878,10
SR-GNN,yoochoose1_64,unpopular,wearec,CLEAN,recall,20,0.00030770331675549205,0.000599049196490439,10
SR-GNN,yoochoose1_64,unpopular,wearec,CLEAN,recall,30,0.00038820709148804084,0.0007295680621917601,10
SR-GNN,yoochoose1_64,unpopular,wearec,CLEAN,recall,40,0.00048481162116708004,0.0008358522065119147,10
SR-GNN,yoochoose1_64,unpopular,wearec,CLEAN,recall,50,0.00057068231421514,0.0008949414643375231,10
SR-GNN,yoochoose1_64,unpopular,wearec,CREAT,mrr,10,0.00871178342411657,0.0023314989688861254,10
SR-GNN,yoochoose1_64,unpopular,wearec,CREAT,mrr,20,0.01800266459768382,0.0028524623858730467,10
SR-GNN,yoochoose1_64,unpopular,wearec,CREAT,mrr,30,0.02304816892086598,0.003232599611297787,10
SR-GNN,yoochoose1_64,unpopular,wearec,CREAT,mrr,40,0.026160513028025974,0.0033079491878904447,10
SR-GNN,yoochoose1_64,unpopular,wearec,CREAT,mrr,50,0.02817370379885939,0.003308008256538173,10
SR-GNN,yoochoose1_64,unpopular,wearec,CREAT,recall,10,0.02904755089627532,0.008446410751926871,10
SR-GNN,yoochoose1_64,unpopular,wearec,CREAT,recall,20,0.16869297649289774,0.030469134327005046,10
SR-GNN,yoochoose1_64,unpopular,wearec,CREAT,recall,30,0.29565279616444234,0.046282105330983835,10
SR-GNN,yoochoose1_64,unpopular,wearec,CREAT,recall,40,0.4050162796522237,0.05196767513662658,10
SR-GNN,yoochoose1_64,unpopular,wearec,CREAT,recall,50,0.4965061361766073,0.05876867986521783,10
SR-GNN,yoochoose1_64,unpopular,wearec,DPSBR,mrr,10,0.00679027900592175,0.003721503832234699,10
SR-GNN,yoochoose1_64,unpopular,wearec,DPSBR,mrr,20,0.01956910428937434,0.004300067552034658,10
SR-GNN,yoochoose1_64,unpopular,wearec,DPSBR,mrr,30,0.02568470254332907,0.003992026249633086,10
SR-GNN,yoochoose1_64,unpopular,wearec,DPSBR,mrr,40,0.02952419233855442,0.003809542771671568,10
SR-GNN,yoochoose1_64,unpopular,wearec,DPSBR,mrr,50,0.03237209007735694,0.0036976243961928225,10
SR-GNN,yoochoose1_64,unpopular,wearec,DPSBR,recall,10,0.03155747969515899,0.013222330984323719,10
SR-GNN,yoochoose1_64,unpopular,wearec,DPSBR,recall,20,0.22668431786468207,0.030228647480312332,10
SR-GNN,yoochoose1_64,unpopular,wearec,DPSBR,recall,30,0.3787291137428888,0.030858653672850463,10
SR-GNN,yoochoose1_64,unpopular,wearec,DPSBR,recall,40,0.5142777916920105,0.037653044516417086,10
SR-GNN,yoochoose1_64,unpopular,wearec,DPSBR,recall,50,0.6434362589001396,0.05746060967611311,10
SR-GNN,yoochoose1_64,unpopular,wearec,Poisoning-SSL,mrr,10,0.01197277268630439,0.012988019495741012,10
SR-GNN,yoochoose1_64,unpopular,wearec,Poisoning-SSL,mrr,20,0.016586591938386724,0.016473500344913797,10
SR-GNN,yoochoose1_64,unpopular,wearec,Poisoning-SSL,mrr,30,0.019369673845532596,0.01746639726731114,10
SR-GNN,yoochoose1_64,unpopular,wearec,Poisoning-SSL,mrr,40,0.020933995522229857,0.017797011864499748,10
SR-GNN,yoochoose1_64,unpopular,wearec,Poisoning-SSL,mrr,50,0.022183603364690725,0.01799791034020443,10
SR-GNN,yoochoose1_64,unpopular,wearec,Poisoning-SSL,recall,10,0.05010376042076634,0.049439264451277734,10
SR-GNN,yoochoose1_64,unpopular,wearec,Poisoning-SSL,recall,20,0.12003828401731723,0.10423823869186702,10
SR-GNN,yoochoose1_64,unpopular,wearec,Poisoning-SSL,recall,30,0.1897044616980929,0.1355494658169772,10
SR-GNN,yoochoose1_64,unpopular,wearec,Poisoning-SSL,recall,40,0.24478872231564636,0.1577876456594434,10
SR-GNN,yoochoose1_64,unpopular,wearec,Poisoning-SSL,recall,50,0.3011968227843572,0.17994982584334535,10
SR-GNN,yoochoose1_64,unpopular,wearec,TC-SACP-C,mrr,10,0.00473019166997481,0.002484466946756998,10
SR-GNN,yoochoose1_64,unpopular,wearec,TC-SACP-C,mrr,20,0.016055581136751353,0.00362158441076847,10
SR-GNN,yoochoose1_64,unpopular,wearec,TC-SACP-C,mrr,30,0.02274081314954175,0.003807696713472522,10
SR-GNN,yoochoose1_64,unpopular,wearec,TC-SACP-C,mrr,40,0.027280900519924926,0.004185762126387928,10
SR-GNN,yoochoose1_64,unpopular,wearec,TC-SACP-C,mrr,50,0.030689284952833053,0.004283183722915959,10
SR-GNN,yoochoose1_64,unpopular,wearec,TC-SACP-C,recall,10,0.0224301406132598,0.006058265891625404,10
SR-GNN,yoochoose1_64,unpopular,wearec,TC-SACP-C,recall,20,0.2000805037747325,0.035327203721108334,10
SR-GNN,yoochoose1_64,unpopular,wearec,TC-SACP-C,recall,30,0.36736376972342477,0.05386779610383346,10
SR-GNN,yoochoose1_64,unpopular,wearec,TC-SACP-C,recall,40,0.5274249525922216,0.08143568726110109,10
SR-GNN,yoochoose1_64,unpopular,wearec,TC-SACP-C,recall,50,0.6812605102150345,0.08916587045132007,10
SR-GNN,yoochoose1_64,unpopular,wearec,TC-SACP-G,mrr,10,0.00977332011197264,0.003145972608409211,10
SR-GNN,yoochoose1_64,unpopular,wearec,TC-SACP-G,mrr,20,0.02253498500906084,0.00505691608655814,10
SR-GNN,yoochoose1_64,unpopular,wearec,TC-SACP-G,mrr,30,0.02827731795737241,0.004924248797424633,10
SR-GNN,yoochoose1_64,unpopular,wearec,TC-SACP-G,mrr,40,0.032237194702935255,0.004942069305888317,10
SR-GNN,yoochoose1_64,unpopular,wearec,TC-SACP-G,mrr,50,0.03486898558154854,0.004923665998976076,10
SR-GNN,yoochoose1_64,unpopular,wearec,TC-SACP-G,recall,10,0.04296039214283155,0.018784409470430606,10
SR-GNN,yoochoose1_64,unpopular,wearec,TC-SACP-G,recall,20,0.23537693656302547,0.05688603266868225,10
SR-GNN,yoochoose1_64,unpopular,wearec,TC-SACP-G,recall,30,0.3785609503023364,0.05570992564691885,10
SR-GNN,yoochoose1_64,unpopular,wearec,TC-SACP-G,recall,40,0.5173870263694587,0.06329634576949623,10
SR-GNN,yoochoose1_64,unpopular,wearec,TC-SACP-G,recall,50,0.6362571111667681,0.06888958353796668,10
MDHG,diginetica,popular,freqrec,CREAT,mrr,10,0.00074755989352257,0.00012039357192940603,10
MDHG,diginetica,popular,freqrec,CREAT,mrr,20,0.00145574286428851,0.00021292811974422455,10
MDHG,diginetica,popular,freqrec,CREAT,mrr,30,0.0021627264099022903,0.000285612763557885,10
MDHG,diginetica,popular,freqrec,CREAT,mrr,40,0.00296655535800273,0.00038927492354783077,10
MDHG,diginetica,popular,freqrec,CREAT,mrr,50,0.0038586646036418695,0.0005189145592412984,10
MDHG,diginetica,popular,freqrec,CREAT,recall,10,0.00432646488547107,0.0007001456976359338,10
MDHG,diginetica,popular,freqrec,CREAT,recall,20,0.015230536659108049,0.0022019620501877537,10
MDHG,diginetica,popular,freqrec,CREAT,recall,30,0.03329061093036242,0.0040831353075194005,10
MDHG,diginetica,popular,freqrec,CREAT,recall,40,0.06193433895297244,0.007915134587393052,10
MDHG,diginetica,popular,freqrec,CREAT,recall,50,0.10258141904104634,0.013916012403996083,10
MDHG,diginetica,popular,freqrec,DPSBR,mrr,10,0.0008398323289134301,0.00013470307565860266,10
MDHG,diginetica,popular,freqrec,DPSBR,mrr,20,0.00155849302129853,0.00023553758693607235,10
MDHG,diginetica,popular,freqrec,DPSBR,mrr,30,0.0023455551268398,0.00031713190444644873,10
MDHG,diginetica,popular,freqrec,DPSBR,mrr,40,0.0033400789405951302,0.00044289202016432893,10
MDHG,diginetica,popular,freqrec,DPSBR,mrr,50,0.00447898291668998,0.0005722350166835691,10
MDHG,diginetica,popular,freqrec,DPSBR,recall,10,0.00475204574583451,0.0007004348640255892,10
MDHG,diginetica,popular,freqrec,DPSBR,recall,20,0.01582372079266483,0.0022461857160351673,10
MDHG,diginetica,popular,freqrec,DPSBR,recall,30,0.03597719280949089,0.004437120133524316,10
MDHG,diginetica,popular,freqrec,DPSBR,recall,40,0.07143514410595153,0.009066219682355606,10
MDHG,diginetica,popular,freqrec,DPSBR,recall,50,0.12329028229649344,0.015068841038742177,10
MDHG,diginetica,popular,freqrec,Poisoning-SSL,mrr,10,0.00618810794005505,0.005091088894403008,10
MDHG,diginetica,popular,freqrec,Poisoning-SSL,mrr,20,0.00730832984846711,0.005410169384586798,10
MDHG,diginetica,popular,freqrec,Poisoning-SSL,mrr,30,0.00804234832021306,0.005599883119166128,10
MDHG,diginetica,popular,freqrec,Poisoning-SSL,mrr,40,0.00860805050146328,0.005678048717129003,10
MDHG,diginetica,popular,freqrec,Poisoning-SSL,mrr,50,0.00906964053315831,0.005707668689211062,10
MDHG,diginetica,popular,freqrec,Poisoning-SSL,recall,10,0.02107200368069929,0.014223271910117463,10
MDHG,diginetica,popular,freqrec,Poisoning-SSL,recall,20,0.03785533537086328,0.02109002544963413,10
MDHG,diginetica,popular,freqrec,Poisoning-SSL,recall,30,0.05636235170396657,0.02732031636824087,10
MDHG,diginetica,popular,freqrec,Poisoning-SSL,recall,40,0.07638601334253504,0.03209245985649769,10
MDHG,diginetica,popular,freqrec,Poisoning-SSL,recall,50,0.0973429951690821,0.0357516482000103,10
MDHG,diginetica,popular,freqrec,TC-SACP-C,mrr,10,0.0008023087311758799,0.00011434109896028369,10
MDHG,diginetica,popular,freqrec,TC-SACP-C,mrr,20,0.00161835201055881,0.0002325205863387886,10
MDHG,diginetica,popular,freqrec,TC-SACP-C,mrr,30,0.0024409994790881,0.00033326450856880165,10
MDHG,diginetica,popular,freqrec,TC-SACP-C,mrr,40,0.00341699184140747,0.00046245760640339803,10
MDHG,diginetica,popular,freqrec,TC-SACP-C,mrr,50,0.004537887952272559,0.0005896553974506399,10
MDHG,diginetica,popular,freqrec,TC-SACP-C,recall,10,0.0046205921982319,0.0006910781231072356,10
MDHG,diginetica,popular,freqrec,TC-SACP-C,recall,20,0.01729928686450421,0.0025861441597837646,10
MDHG,diginetica,popular,freqrec,TC-SACP-C,recall,30,0.03833678398895784,0.0051586821160624725,10
MDHG,diginetica,popular,freqrec,TC-SACP-C,recall,40,0.07308488612836436,0.009891075126665566,10
MDHG,diginetica,popular,freqrec,TC-SACP-C,recall,50,0.12421867297643692,0.015813958773674856,10
MDHG,diginetica,popular,freqrec,TC-SACP-G,mrr,10,0.004965103517060481,0.001718875657682639,10
MDHG,diginetica,popular,freqrec,TC-SACP-G,mrr,20,0.0060845734810153805,0.001885313074047303,10
MDHG,diginetica,popular,freqrec,TC-SACP-G,mrr,30,0.0069257610230234095,0.0019955002614906446,10
MDHG,diginetica,popular,freqrec,TC-SACP-G,mrr,40,0.007717487418089081,0.002066968771557258,10
MDHG,diginetica,popular,freqrec,TC-SACP-G,mrr,50,0.00844740139894687,0.00211607123536114,10
MDHG,diginetica,popular,freqrec,TC-SACP-G,recall,10,0.01680962239968447,0.003978121694492192,10
MDHG,diginetica,popular,freqrec,TC-SACP-G,recall,20,0.03375398468566166,0.006553894677317536,10
MDHG,diginetica,popular,freqrec,TC-SACP-G,recall,30,0.054965657760688756,0.009608576114456787,10
MDHG,diginetica,popular,freqrec,TC-SACP-G,recall,40,0.08306385356074793,0.01290513642058819,10
MDHG,diginetica,popular,freqrec,TC-SACP-G,recall,50,0.11626901968516871,0.0158289221698564,10
MDHG,diginetica,popular,mdhg,CREAT,mrr,10,0.2396572459594987,0.40340108287084087,10
MDHG,diginetica,popular,mdhg,CREAT,mrr,20,0.23977550130141306,0.4035039338873431,10
MDHG,diginetica,popular,mdhg,CREAT,mrr,30,0.23982217910437034,0.403514785386164,10
MDHG,diginetica,popular,mdhg,CREAT,mrr,40,0.2398561686001761,0.4035120361813029,10
MDHG,diginetica,popular,mdhg,CREAT,mrr,50,0.2398935544728443,0.40349831389840646,10
MDHG,diginetica,popular,mdhg,CREAT,recall,10,0.2464146044891386,0.41104319725686567,10
MDHG,diginetica,popular,mdhg,CREAT,recall,20,0.2480758486969667,0.4125842950768566,10
MDHG,diginetica,popular,mdhg,CREAT,recall,30,0.24924578527062993,0.4128870747708946,10
MDHG,diginetica,popular,mdhg,CREAT,recall,40,0.250453514739229,0.4128025355369885,10
MDHG,diginetica,popular,mdhg,CREAT,recall,50,0.252162410858063,0.4121876313198473,10
MDHG,diginetica,popular,mdhg,DPSBR,mrr,10,0.39908994304722883,0.5149584226216127,10
MDHG,diginetica,popular,mdhg,DPSBR,mrr,20,0.39917674122224245,0.5148866274417399,10
MDHG,diginetica,popular,mdhg,DPSBR,mrr,30,0.39926373589505415,0.5148124206738176,10
MDHG,diginetica,popular,mdhg,DPSBR,mrr,40,0.39934927188913855,0.514739410447423,10
MDHG,diginetica,popular,mdhg,DPSBR,mrr,50,0.399447001323047,0.5146555509030003,10
MDHG,diginetica,popular,mdhg,DPSBR,recall,10,0.3996894409937888,0.5146762698320718,10
MDHG,diginetica,popular,mdhg,DPSBR,recall,20,0.40103191034868046,0.5135596711658644,10
MDHG,diginetica,popular,mdhg,DPSBR,recall,30,0.4032551184725097,0.5116653258697111,10
MDHG,diginetica,popular,mdhg,DPSBR,recall,40,0.4063064839462355,0.5090634866379132,10
MDHG,diginetica,popular,mdhg,DPSBR,recall,50,0.410756186532584,0.5052512376671486,10
MDHG,diginetica,popular,mdhg,Poisoning-SSL,mrr,10,0.49885909144732976,0.524932209390317,10
MDHG,diginetica,popular,mdhg,Poisoning-SSL,mrr,20,0.49904902120892436,0.5247416741951042,10
MDHG,diginetica,popular,mdhg,Poisoning-SSL,mrr,30,0.4991580527313103,0.5246275053837337,10
MDHG,diginetica,popular,mdhg,Poisoning-SSL,mrr,40,0.49922939183672577,0.524552709082031,10
MDHG,diginetica,popular,mdhg,Poisoning-SSL,mrr,50,0.49927896801618166,0.5245005650076499,10
MDHG,diginetica,popular,mdhg,Poisoning-SSL,recall,10,0.5019257944723783,0.524526806152294,10
MDHG,diginetica,popular,mdhg,Poisoning-SSL,recall,20,0.5047783364553551,0.5216968349578148,10
MDHG,diginetica,popular,mdhg,Poisoning-SSL,recall,30,0.5075109270761444,0.5188854640945133,10
MDHG,diginetica,popular,mdhg,Poisoning-SSL,recall,40,0.5100184034966644,0.5162905237908081,10
MDHG,diginetica,popular,mdhg,Poisoning-SSL,recall,50,0.5122679023300141,0.513949313760622,10
MDHG,diginetica,popular,mdhg,TC-SACP-C,mrr,10,0.4738677382999773,0.33574715338754285,10
MDHG,diginetica,popular,mdhg,TC-SACP-C,mrr,20,0.4752530065685835,0.33624777454523774,10
MDHG,diginetica,popular,mdhg,TC-SACP-C,mrr,30,0.4756921058158392,0.33623932669263135,10
MDHG,diginetica,popular,mdhg,TC-SACP-C,mrr,40,0.4759201360114381,0.3361703679711822,10
MDHG,diginetica,popular,mdhg,TC-SACP-C,mrr,50,0.47608533683466375,0.3360773226670836,10
MDHG,diginetica,popular,mdhg,TC-SACP-C,recall,10,0.5605573630418351,0.3894996664838897,10
MDHG,diginetica,popular,mdhg,TC-SACP-C,recall,20,0.5801439416346248,0.39691403590810376,10
MDHG,diginetica,popular,mdhg,TC-SACP-C,recall,30,0.591052942916297,0.396859475461649,10
MDHG,diginetica,popular,mdhg,TC-SACP-C,recall,40,0.5990584639652963,0.39447033179563934,10
MDHG,diginetica,popular,mdhg,TC-SACP-C,recall,50,0.6065283118078149,0.3902857638883742,10
MDHG,diginetica,popular,mdhg,TC-SACP-G,mrr,10,0.5771702159124513,0.4896377609758194,10
MDHG,diginetica,popular,mdhg,TC-SACP-G,mrr,20,0.5788398636811455,0.4879876253522176,10
MDHG,diginetica,popular,mdhg,TC-SACP-G,mrr,30,0.5796472588181454,0.4870695353025078,10
MDHG,diginetica,popular,mdhg,TC-SACP-G,mrr,40,0.580121152924093,0.48650724300228537,10
MDHG,diginetica,popular,mdhg,TC-SACP-G,mrr,50,0.5804385520589198,0.4861333395975229,10
MDHG,diginetica,popular,mdhg,TC-SACP-G,recall,10,0.6075092839067995,0.4874853316362119,10
MDHG,diginetica,popular,mdhg,TC-SACP-G,recall,20,0.6323310000328635,0.4626063969138387,10
MDHG,diginetica,popular,mdhg,TC-SACP-G,recall,30,0.6525140490979,0.4397343975432516,10
MDHG,diginetica,popular,mdhg,TC-SACP-G,recall,40,0.6691790725952217,0.42000342188351214,10
MDHG,diginetica,popular,mdhg,TC-SACP-G,recall,50,0.683517368299977,0.4031999596012165,10
MDHG,diginetica,popular,miasrec,CREAT,mrr,10,0.09378350239719883,0.015912553613710547,10
MDHG,diginetica,popular,miasrec,CREAT,mrr,20,0.09823063744215305,0.014899202725822834,10
MDHG,diginetica,popular,miasrec,CREAT,mrr,30,0.09884530338760067,0.01472845581861575,10
MDHG,diginetica,popular,miasrec,CREAT,mrr,40,0.09899789471756706,0.014691695443412756,10
MDHG,diginetica,popular,miasrec,CREAT,mrr,50,0.09905034863230318,0.014695546500606175,10
MDHG,diginetica,popular,miasrec,CREAT,recall,10,0.2954944296559203,0.042233204934020184,10
MDHG,diginetica,popular,miasrec,CREAT,recall,20,0.35775082980051925,0.08425060789024795,10
MDHG,diginetica,popular,miasrec,CREAT,recall,30,0.3726034375102698,0.09566762241483741,10
MDHG,diginetica,popular,miasrec,CREAT,recall,40,0.37783857504354396,0.09983146579931663,10
MDHG,diginetica,popular,miasrec,CREAT,recall,50,0.3802096684084261,0.10161045323275618,10
MDHG,diginetica,popular,miasrec,DPSBR,mrr,10,0.03607711706720812,0.011144134469833736,10
MDHG,diginetica,popular,miasrec,DPSBR,mrr,20,0.0545499883905808,0.01381963169417753,10
MDHG,diginetica,popular,miasrec,DPSBR,mrr,30,0.06241384083298325,0.013533125243911875,10
MDHG,diginetica,popular,miasrec,DPSBR,mrr,40,0.06551500495935031,0.013056661314732968,10
MDHG,diginetica,popular,miasrec,DPSBR,mrr,50,0.06693237700454373,0.012754638224089381,10
MDHG,diginetica,popular,miasrec,DPSBR,recall,10,0.18001248808702222,0.05519971531499315,10
MDHG,diginetica,popular,miasrec,DPSBR,recall,20,0.45448420914259424,0.0953136581707581,10
MDHG,diginetica,popular,miasrec,DPSBR,recall,30,0.6489763054980446,0.09401478322732086,10
MDHG,diginetica,popular,miasrec,DPSBR,recall,40,0.7568060074271254,0.08227530117384614,10
MDHG,diginetica,popular,miasrec,DPSBR,recall,50,0.8204689605310722,0.07017390605953851,10
MDHG,diginetica,popular,miasrec,Poisoning-SSL,mrr,10,0.04733236738449687,0.023573239932049798,10
MDHG,diginetica,popular,miasrec,Poisoning-SSL,mrr,20,0.05304122577414311,0.025606559233048075,10
MDHG,diginetica,popular,miasrec,Poisoning-SSL,mrr,30,0.05603640790285802,0.026436700050387264,10
MDHG,diginetica,popular,miasrec,Poisoning-SSL,mrr,40,0.058046244408942085,0.02679912622837013,10
MDHG,diginetica,popular,miasrec,Poisoning-SSL,mrr,50,0.05950907306630955,0.02694951453970877,10
MDHG,diginetica,popular,miasrec,Poisoning-SSL,recall,10,0.13678563212724698,0.06648449994748107,10
MDHG,diginetica,popular,miasrec,Poisoning-SSL,recall,20,0.221308620066384,0.09799143227668683,10
MDHG,diginetica,popular,miasrec,Poisoning-SSL,recall,30,0.2965427716980512,0.12095766426367416,10
MDHG,diginetica,popular,miasrec,Poisoning-SSL,recall,40,0.3673436524368201,0.1363349502012332,10
MDHG,diginetica,popular,miasrec,Poisoning-SSL,recall,50,0.433517368299977,0.14529656113022607,10
MDHG,diginetica,popular,miasrec,TC-SACP-C,mrr,10,0.06505554108001735,0.011315606164026071,10
MDHG,diginetica,popular,miasrec,TC-SACP-C,mrr,20,0.08631651912996602,0.012588327692576787,10
MDHG,diginetica,popular,miasrec,TC-SACP-C,mrr,30,0.09448732692693498,0.011818180251409825,10
MDHG,diginetica,popular,miasrec,TC-SACP-C,mrr,40,0.09759459876684788,0.011209060036735751,10
MDHG,diginetica,popular,miasrec,TC-SACP-C,mrr,50,0.09865140085868832,0.010949509657028308,10
MDHG,diginetica,popular,miasrec,TC-SACP-C,recall,10,0.269749252357948,0.04797473165492445,10
MDHG,diginetica,popular,miasrec,TC-SACP-C,recall,20,0.5827943737881627,0.06872284741888243,10
MDHG,diginetica,popular,miasrec,TC-SACP-C,recall,30,0.7847875382036873,0.05640411694627707,10
MDHG,diginetica,popular,miasrec,TC-SACP-C,recall,40,0.8925679450524171,0.03561437166473103,10
MDHG,diginetica,popular,miasrec,TC-SACP-C,recall,50,0.9397104735614052,0.020094865240431043,10
MDHG,diginetica,popular,miasrec,TC-SACP-G,mrr,10,0.06772182916568241,0.010547871883328537,10
MDHG,diginetica,popular,miasrec,TC-SACP-G,mrr,20,0.07290260488142689,0.009796334700635775,10
MDHG,diginetica,popular,miasrec,TC-SACP-G,mrr,30,0.07403097685253371,0.009767761478335343,10
MDHG,diginetica,popular,miasrec,TC-SACP-G,mrr,40,0.07486334596596711,0.00974267491418645,10
MDHG,diginetica,popular,miasrec,TC-SACP-G,mrr,50,0.07551086984799762,0.009726015962462491,10
MDHG,diginetica,popular,miasrec,TC-SACP-G,recall,10,0.23411055243353376,0.02242876097932206,10
MDHG,diginetica,popular,miasrec,TC-SACP-G,recall,20,0.30472411186696896,0.017158430765658036,10
MDHG,diginetica,popular,miasrec,TC-SACP-G,recall,30,0.3330967169476486,0.02318853092851856,10
MDHG,diginetica,popular,miasrec,TC-SACP-G,recall,40,0.362465082651418,0.0305745444773376,10
MDHG,diginetica,popular,miasrec,TC-SACP-G,recall,50,0.3917825101054914,0.03842732586409076,10
MDHG,diginetica,popular,srgnn,CREAT,mrr,10,0.0481522906302311,0.006532944793025124,10
MDHG,diginetica,popular,srgnn,CREAT,mrr,20,0.05306536495344718,0.006128974640428279,10
MDHG,diginetica,popular,srgnn,CREAT,mrr,30,0.055018511671524925,0.00557773683889371,10
MDHG,diginetica,popular,srgnn,CREAT,mrr,40,0.0560765861954979,0.005232922245519032,10
MDHG,diginetica,popular,srgnn,CREAT,mrr,50,0.056716486203472416,0.00500903999590837,10
MDHG,diginetica,popular,srgnn,CREAT,recall,10,0.13249203062867654,0.023042082996992,10
MDHG,diginetica,popular,srgnn,CREAT,recall,20,0.20413092773341215,0.01632193010421272,10
MDHG,diginetica,popular,srgnn,CREAT,recall,30,0.2528311807814913,0.01878951640417213,10
MDHG,diginetica,popular,srgnn,CREAT,recall,40,0.2898895790200138,0.037032813002065214,10
MDHG,diginetica,popular,srgnn,CREAT,recall,50,0.31878471195241376,0.054200810440355476,10
MDHG,diginetica,popular,srgnn,DPSBR,mrr,10,0.05462106232723922,0.002683472152398538,10
MDHG,diginetica,popular,srgnn,DPSBR,mrr,20,0.06175139341271278,0.003086848683340879,10
MDHG,diginetica,popular,srgnn,DPSBR,mrr,30,0.06508416880446974,0.0032347909610700217,10
MDHG,diginetica,popular,srgnn,DPSBR,mrr,40,0.06698018659506352,0.0032775102545212036,10
MDHG,diginetica,popular,srgnn,DPSBR,mrr,50,0.0681856556611859,0.003301712634151293,10
MDHG,diginetica,popular,srgnn,DPSBR,recall,10,0.15184363600512665,0.007749228945263144,10
MDHG,diginetica,popular,srgnn,DPSBR,recall,20,0.2565546025173354,0.013517975588032641,10
MDHG,diginetica,popular,srgnn,DPSBR,recall,30,0.33990929705215417,0.0177438786328336,10
MDHG,diginetica,popular,srgnn,DPSBR,recall,40,0.40643793749383816,0.020059630583609593,10
MDHG,diginetica,popular,srgnn,DPSBR,recall,50,0.46082848598376547,0.02188069106839992,10
MDHG,diginetica,popular,srgnn,Poisoning-SSL,mrr,10,0.0424302350723281,0.014149238175138884,10
MDHG,diginetica,popular,srgnn,Poisoning-SSL,mrr,20,0.04472323191914264,0.014548204213995391,10
MDHG,diginetica,popular,srgnn,Poisoning-SSL,mrr,30,0.04587336538935356,0.014704152504824465,10
MDHG,diginetica,popular,srgnn,Poisoning-SSL,mrr,40,0.046611683609229806,0.014795091655058091,10
MDHG,diginetica,popular,srgnn,Poisoning-SSL,mrr,50,0.04713044126984319,0.014846832159731054,10
MDHG,diginetica,popular,srgnn,Poisoning-SSL,recall,10,0.08145354760261589,0.02445404351760783,10
MDHG,diginetica,popular,srgnn,Poisoning-SSL,recall,20,0.11525518419928356,0.030601975988699955,10
MDHG,diginetica,popular,srgnn,Poisoning-SSL,recall,30,0.1440977357126425,0.03525673929161114,10
MDHG,diginetica,popular,srgnn,Poisoning-SSL,recall,40,0.1700861020736797,0.039504618008213296,10
MDHG,diginetica,popular,srgnn,Poisoning-SSL,recall,50,0.1935637056755069,0.04285962559928375,10
MDHG,diginetica,popular,srgnn,TC-SACP-C,mrr,10,0.05669016985676293,0.006305489729843863,10
MDHG,diginetica,popular,srgnn,TC-SACP-C,mrr,20,0.06556006325573145,0.0067547933922196,10
MDHG,diginetica,popular,srgnn,TC-SACP-C,mrr,30,0.06965824747620399,0.006922990736263774,10
MDHG,diginetica,popular,srgnn,TC-SACP-C,mrr,40,0.07197893966250682,0.00699283802305856,10
MDHG,diginetica,popular,srgnn,TC-SACP-C,mrr,50,0.07341060557544597,0.007018241709579565,10
MDHG,diginetica,popular,srgnn,TC-SACP-C,recall,10,0.16747181964573266,0.016108820821442715,10
MDHG,diginetica,popular,srgnn,TC-SACP-C,recall,20,0.29797561536691963,0.023123212935594172,10
MDHG,diginetica,popular,srgnn,TC-SACP-C,recall,30,0.4003401360544217,0.0277089149912656,10
MDHG,diginetica,popular,srgnn,TC-SACP-C,recall,40,0.48176739294751714,0.030659389517292517,10
MDHG,diginetica,popular,srgnn,TC-SACP-C,recall,50,0.5463455913766473,0.03213179012727205,10
MDHG,diginetica,popular,srgnn,TC-SACP-G,mrr,10,0.04373078078712501,0.0031281467053219064,10
MDHG,diginetica,popular,srgnn,TC-SACP-G,mrr,20,0.04884896460657954,0.0030887432910195797,10
MDHG,diginetica,popular,srgnn,TC-SACP-G,mrr,30,0.050962828225177226,0.0030689584064973628,10
MDHG,diginetica,popular,srgnn,TC-SACP-G,mrr,40,0.05202635271596177,0.0030452465102521428,10
MDHG,diginetica,popular,srgnn,TC-SACP-G,mrr,50,0.052676187001621834,0.0030496207501175174,10
MDHG,diginetica,popular,srgnn,TC-SACP-G,recall,10,0.11710539288179037,0.007744428325879788,10
MDHG,diginetica,popular,srgnn,TC-SACP-G,recall,20,0.19195668605606492,0.007454797122196145,10
MDHG,diginetica,popular,srgnn,TC-SACP-G,recall,30,0.24449045318610535,0.007446407246357085,10
MDHG,diginetica,popular,srgnn,TC-SACP-G,recall,40,0.28177067928620725,0.0066655540239538135,10
MDHG,diginetica,popular,srgnn,TC-SACP-G,recall,50,0.3111324723125965,0.0065855565663253705,10
MDHG,diginetica,popular,tron,CREAT,mrr,10,0.0035012300296239397,0.0083891547733713,10
MDHG,diginetica,popular,tron,CREAT,mrr,20,0.003956349710448383,0.009096321998526365,10
MDHG,diginetica,popular,tron,CREAT,mrr,30,0.004235107879875322,0.009414062889682882,10
MDHG,diginetica,popular,tron,CREAT,mrr,40,0.004443291507934653,0.009605278094681409,10
MDHG,diginetica,popular,tron,CREAT,mrr,50,0.004610263558135187,0.009732614135680074,10
MDHG,diginetica,popular,tron,CREAT,recall,10,0.00966347891813726,0.021214457409566397,10
MDHG,diginetica,popular,tron,CREAT,recall,20,0.01648427486936798,0.03183196523531291,10
MDHG,diginetica,popular,tron,CREAT,recall,30,0.02355154622235362,0.04031903734362793,10
MDHG,diginetica,popular,tron,CREAT,recall,40,0.030911301718755103,0.04774840635308173,10
MDHG,diginetica,popular,tron,CREAT,recall,50,0.03848795556870086,0.054427371363058176,10
MDHG,diginetica,popular,tron,DPSBR,mrr,10,0.06648460806759629,0.00959373954655132,10
MDHG,diginetica,popular,tron,DPSBR,mrr,20,0.07534016225037102,0.010127329628099537,10
MDHG,diginetica,popular,tron,DPSBR,mrr,30,0.07922112014527494,0.010324719882473962,10
MDHG,diginetica,popular,tron,DPSBR,mrr,40,0.08143554389689983,0.010364325069886049,10
MDHG,diginetica,popular,tron,DPSBR,mrr,50,0.0827878133666694,0.010343079488234295,10
MDHG,diginetica,popular,tron,DPSBR,recall,10,0.21985934470406518,0.03144016158158479,10
MDHG,diginetica,popular,tron,DPSBR,recall,20,0.34958592132505173,0.04908924497875637,10
MDHG,diginetica,popular,tron,DPSBR,recall,30,0.44651483781918566,0.062055973116560754,10
MDHG,diginetica,popular,tron,DPSBR,recall,40,0.5241578757106706,0.06967498568793325,10
MDHG,diginetica,popular,tron,DPSBR,recall,50,0.5851687534917349,0.07340906850160868,10
MDHG,diginetica,popular,tron,Poisoning-SSL,mrr,10,0.04095119487101661,0.02934931944889653,10
MDHG,diginetica,popular,tron,Poisoning-SSL,mrr,20,0.04917298204706103,0.03226877698989453,10
MDHG,diginetica,popular,tron,Poisoning-SSL,mrr,30,0.052976290467331176,0.032990553672912946,10
MDHG,diginetica,popular,tron,Poisoning-SSL,mrr,40,0.05511550470821623,0.033133872104180895,10
MDHG,diginetica,popular,tron,Poisoning-SSL,mrr,50,0.05645248987573098,0.03308277219909016,10
MDHG,diginetica,popular,tron,Poisoning-SSL,recall,10,0.15389266817838243,0.09783392017518767,10
MDHG,diginetica,popular,tron,Poisoning-SSL,recall,20,0.2749876762299122,0.14199089707088774,10
MDHG,diginetica,popular,tron,Poisoning-SSL,recall,30,0.3699661507114923,0.16268394957555843,10
MDHG,diginetica,popular,tron,Poisoning-SSL,recall,40,0.44499983568306545,0.17052962102653446,10
MDHG,diginetica,popular,tron,Poisoning-SSL,recall,50,0.5053452298793915,0.17128103510111828,10
MDHG,diginetica,popular,tron,TC-SACP-C,mrr,10,0.011235412959754809,0.016710085088088637,10
MDHG,diginetica,popular,tron,TC-SACP-C,mrr,20,0.015541348567468711,0.017875877439601357,10
MDHG,diginetica,popular,tron,TC-SACP-C,mrr,30,0.018695420723895777,0.01824646272659245,10
MDHG,diginetica,popular,tron,TC-SACP-C,mrr,40,0.02110985616967816,0.018254155825155546,10
MDHG,diginetica,popular,tron,TC-SACP-C,mrr,50,0.02290613122937781,0.018129453637705985,10
MDHG,diginetica,popular,tron,TC-SACP-C,recall,10,0.042832495316967326,0.046727836114842956,10
MDHG,diginetica,popular,tron,TC-SACP-C,recall,20,0.1083029347004502,0.08032234546383929,10
MDHG,diginetica,popular,tron,TC-SACP-C,recall,30,0.18796871405567056,0.11368316806531116,10
MDHG,diginetica,popular,tron,TC-SACP-C,recall,40,0.2731867626277564,0.13834288913112333,10
MDHG,diginetica,popular,tron,TC-SACP-C,recall,50,0.35443984357027836,0.15396496007912946,10
MDHG,diginetica,popular,tron,TC-SACP-G,mrr,10,0.03155727071136709,0.04478929749570055,10
MDHG,diginetica,popular,tron,TC-SACP-G,mrr,20,0.039442014413404766,0.0491530633706188,10
MDHG,diginetica,popular,tron,TC-SACP-G,mrr,30,0.04417890569079711,0.05082540803031726,10
MDHG,diginetica,popular,tron,TC-SACP-G,mrr,40,0.046908798210435795,0.05142865808174177,10
MDHG,diginetica,popular,tron,TC-SACP-G,mrr,50,0.04902782874061564,0.05115422270811266,10
MDHG,diginetica,popular,tron,TC-SACP-G,recall,10,0.10424266324887439,0.13772002349369541,10
MDHG,diginetica,popular,tron,TC-SACP-G,recall,20,0.22459167241775937,0.23067402742765206,10
MDHG,diginetica,popular,tron,TC-SACP-G,recall,30,0.3426468171809786,0.3235363171245459,10
MDHG,diginetica,popular,tron,TC-SACP-G,recall,40,0.4386489861645141,0.37119531653381704,10
MDHG,diginetica,popular,tron,TC-SACP-G,recall,50,0.5349518551381905,0.3722416035374367,10
MDHG,diginetica,popular,wearec,CREAT,mrr,10,0.004577807850384931,0.0009018186995245451,10
MDHG,diginetica,popular,wearec,CREAT,mrr,20,0.00718607093855636,0.0008174764171047109,10
MDHG,diginetica,popular,wearec,CREAT,mrr,30,0.0101837905589754,0.0014701598486161192,10
MDHG,diginetica,popular,wearec,CREAT,mrr,40,0.013220756841760089,0.0022810078347414403,10
MDHG,diginetica,popular,wearec,CREAT,mrr,50,0.01578093026972616,0.002925223886074038,10
MDHG,diginetica,popular,wearec,CREAT,recall,10,0.01780045351473917,0.0030855829889550124,10
MDHG,diginetica,popular,wearec,CREAT,recall,20,0.05808603634690586,0.014045427782545892,10
MDHG,diginetica,popular,wearec,CREAT,recall,30,0.13508495185513816,0.037870384993561004,10
MDHG,diginetica,popular,wearec,CREAT,recall,40,0.24255151335896677,0.0703585955338066,10
MDHG,diginetica,popular,wearec,CREAT,recall,50,0.35849518551381904,0.102415684421923,10
MDHG,diginetica,popular,wearec,DPSBR,mrr,10,0.00393225225831451,0.0009892884741836468,10
MDHG,diginetica,popular,wearec,DPSBR,mrr,20,0.005968828171327311,0.0009643233072321722,10
MDHG,diginetica,popular,wearec,DPSBR,mrr,30,0.00824898345467503,0.0011310022461940255,10
MDHG,diginetica,popular,wearec,DPSBR,mrr,40,0.01103526374913317,0.0016291438111435198,10
MDHG,diginetica,popular,wearec,DPSBR,mrr,50,0.013945239536959392,0.002062073932238885,10
MDHG,diginetica,popular,wearec,DPSBR,recall,10,0.014712938315422742,0.0021812477359606525,10
MDHG,diginetica,popular,wearec,DPSBR,recall,20,0.04615005422458835,0.007953841888482397,10
MDHG,diginetica,popular,wearec,DPSBR,recall,30,0.10475861842321466,0.022946344891448586,10
MDHG,diginetica,popular,wearec,DPSBR,recall,40,0.20403726708074532,0.047725458822299206,10
MDHG,diginetica,popular,wearec,DPSBR,recall,50,0.3362976108317723,0.0693021874773239,10
MDHG,diginetica,popular,wearec,Poisoning-SSL,mrr,10,0.010342647104083471,0.009070529095101296,10
MDHG,diginetica,popular,wearec,Poisoning-SSL,mrr,20,0.01202967649516023,0.00943223288484185,10
MDHG,diginetica,popular,wearec,Poisoning-SSL,mrr,30,0.01309512145732769,0.009573390941791418,10
MDHG,diginetica,popular,wearec,Poisoning-SSL,mrr,40,0.013897627741858482,0.009625395318793466,10
MDHG,diginetica,popular,wearec,Poisoning-SSL,mrr,50,0.014539141550175012,0.009632243303792384,10
MDHG,diginetica,popular,wearec,Poisoning-SSL,recall,10,0.030903085872029928,0.019506171268923168,10
MDHG,diginetica,popular,wearec,Poisoning-SSL,recall,20,0.05621610963225866,0.026254807774047647,10
MDHG,diginetica,popular,wearec,Poisoning-SSL,recall,30,0.08306713989943798,0.03134872762312719,10
MDHG,diginetica,popular,wearec,Poisoning-SSL,recall,40,0.11137566137566135,0.03534529572948143,10
MDHG,diginetica,popular,wearec,Poisoning-SSL,recall,50,0.14043675441190967,0.03788507786485888,10
MDHG,diginetica,popular,wearec,TC-SACP-C,mrr,10,0.0025841713496992597,0.0011769869089742534,10
MDHG,diginetica,popular,wearec,TC-SACP-C,mrr,20,0.004636219420445399,0.001217984350873654,10
MDHG,diginetica,popular,wearec,TC-SACP-C,mrr,30,0.00674993073477669,0.001248687077602897,10
MDHG,diginetica,popular,wearec,TC-SACP-C,mrr,40,0.00945064150093762,0.0014647723463222793,10
MDHG,diginetica,popular,wearec,TC-SACP-C,mrr,50,0.012292053374524211,0.0016904841568314507,10
MDHG,diginetica,popular,wearec,TC-SACP-C,recall,10,0.0128265799073252,0.002165165477125564,10
MDHG,diginetica,popular,wearec,TC-SACP-C,recall,20,0.04449209635545036,0.005561663956866398,10
MDHG,diginetica,popular,wearec,TC-SACP-C,recall,30,0.09863781261296785,0.014059437734001756,10
MDHG,diginetica,popular,wearec,TC-SACP-C,recall,40,0.19490781819974362,0.03068992766995349,10
MDHG,diginetica,popular,wearec,TC-SACP-C,recall,50,0.32412008281573496,0.04374792314070899,10
MDHG,diginetica,popular,wearec,TC-SACP-G,mrr,10,0.010096041292063141,0.003891816580239852,10
MDHG,diginetica,popular,wearec,TC-SACP-G,mrr,20,0.012481925672042201,0.0037527770287113025,10
MDHG,diginetica,popular,wearec,TC-SACP-G,mrr,30,0.01441174149152733,0.0035982212721116947,10
MDHG,diginetica,popular,wearec,TC-SACP-G,mrr,40,0.01613010110182318,0.003493945830126169,10
MDHG,diginetica,popular,wearec,TC-SACP-G,mrr,50,0.01749332081406815,0.0034181828294068115,10
MDHG,diginetica,popular,wearec,TC-SACP-G,recall,10,0.030163659666765208,0.005247685114415946,10
MDHG,diginetica,popular,wearec,TC-SACP-G,recall,20,0.06658122186072493,0.007752416548837883,10
MDHG,diginetica,popular,wearec,TC-SACP-G,recall,30,0.1155542410200795,0.015236732084298548,10
MDHG,diginetica,popular,wearec,TC-SACP-G,recall,40,0.17635972263301453,0.025326530215926867,10
MDHG,diginetica,popular,wearec,TC-SACP-G,recall,50,0.23812317197410363,0.03530766546788601,10
MDHG,diginetica,unpopular,freqrec,CREAT,mrr,10,0.00072261371383915,0.00009519949505002888,10
MDHG,diginetica,unpopular,freqrec,CREAT,mrr,20,0.00138758245482833,0.0001595500085436754,10
MDHG,diginetica,unpopular,freqrec,CREAT,mrr,30,0.0020732682193333298,0.00020023951320636334,10
MDHG,diginetica,unpopular,freqrec,CREAT,mrr,40,0.00284797792250215,0.0002703366325017946,10
MDHG,diginetica,unpopular,freqrec,CREAT,mrr,50,0.00369675486732313,0.0003442229203132438,10
MDHG,diginetica,unpopular,freqrec,CREAT,recall,10,0.004176936475073089,0.00056486161981007,10
MDHG,diginetica,unpopular,freqrec,CREAT,recall,20,0.01445496072825261,0.0016771966868728988,10
MDHG,diginetica,unpopular,freqrec,CREAT,recall,30,0.03193663939005549,0.002841022427072255,10
MDHG,diginetica,unpopular,freqrec,CREAT,recall,40,0.05953859804791477,0.005591151548526787,10
MDHG,diginetica,unpopular,freqrec,CREAT,recall,50,0.09821880442998451,0.009226711510897734,10
MDHG,diginetica,unpopular,freqrec,DPSBR,mrr,10,0.00075002464754011,0.00021558906905964754,10
MDHG,diginetica,unpopular,freqrec,DPSBR,mrr,20,0.00141065187054918,0.0003447158205323503,10
MDHG,diginetica,unpopular,freqrec,DPSBR,mrr,30,0.0021638239468334797,0.0005068391022492727,10
MDHG,diginetica,unpopular,freqrec,DPSBR,mrr,40,0.00309143072733735,0.0007318410202617181,10
MDHG,diginetica,unpopular,freqrec,DPSBR,mrr,50,0.0041866516270200205,0.0009635027252520149,10
MDHG,diginetica,unpopular,freqrec,DPSBR,recall,10,0.00425745177297968,0.0010949106997746863,10
MDHG,diginetica,unpopular,freqrec,DPSBR,recall,20,0.0144352426961122,0.0031272471774197587,10
MDHG,diginetica,unpopular,freqrec,DPSBR,recall,30,0.03373755299221135,0.0072675646210840165,10
MDHG,diginetica,unpopular,freqrec,DPSBR,recall,40,0.06680797923033943,0.01534093892482843,10
MDHG,diginetica,unpopular,freqrec,DPSBR,recall,50,0.11679812021426925,0.02593878402458724,10
MDHG,diginetica,unpopular,freqrec,Poisoning-SSL,mrr,10,0.00461868625220193,0.0007532247089168198,10
MDHG,diginetica,unpopular,freqrec,Poisoning-SSL,mrr,20,0.00554286726206631,0.0007640150613368581,10
MDHG,diginetica,unpopular,freqrec,Poisoning-SSL,mrr,30,0.00615215186322756,0.0007830522885946433,10
MDHG,diginetica,unpopular,freqrec,Poisoning-SSL,mrr,40,0.006629661636779941,0.00078296123435756,10
MDHG,diginetica,unpopular,freqrec,Poisoning-SSL,mrr,50,0.00703295598251623,0.0007712001749331996,10
MDHG,diginetica,unpopular,freqrec,Poisoning-SSL,recall,10,0.01657957869137989,0.002075285225567028,10
MDHG,diginetica,unpopular,freqrec,Poisoning-SSL,recall,20,0.030438068947385676,0.0036626765226524683,10
MDHG,diginetica,unpopular,freqrec,Poisoning-SSL,recall,30,0.045854283742482446,0.005871281135767741,10
MDHG,diginetica,unpopular,freqrec,Poisoning-SSL,recall,40,0.06273620559334842,0.007908067229664587,10
MDHG,diginetica,unpopular,freqrec,Poisoning-SSL,recall,50,0.08103453941963254,0.010352321003969699,10
MDHG,diginetica,unpopular,freqrec,TC-SACP-C,mrr,10,0.00063594435550459,0.000127176906766244,10
MDHG,diginetica,unpopular,freqrec,TC-SACP-C,mrr,20,0.0012992235190694601,0.00023503704935667064,10
MDHG,diginetica,unpopular,freqrec,TC-SACP-C,mrr,30,0.00201362253691237,0.00032749668958520625,10
MDHG,diginetica,unpopular,freqrec,TC-SACP-C,mrr,40,0.0028110578907664203,0.00044167122511476936,10
MDHG,diginetica,unpopular,freqrec,TC-SACP-C,mrr,50,0.0037532815757707803,0.0005495843146576926,10
MDHG,diginetica,unpopular,freqrec,TC-SACP-C,recall,10,0.00367248348614801,0.000632009345769086,10
MDHG,diginetica,unpopular,freqrec,TC-SACP-C,recall,20,0.013892996812251429,0.0024449718136012304,10
MDHG,diginetica,unpopular,freqrec,TC-SACP-C,recall,30,0.0321995464852607,0.004867931823677152,10
MDHG,diginetica,unpopular,freqrec,TC-SACP-C,recall,40,0.0606099444608761,0.008952350258558617,10
MDHG,diginetica,unpopular,freqrec,TC-SACP-C,recall,50,0.10354102993854544,0.013870970935025942,10
MDHG,diginetica,unpopular,freqrec,TC-SACP-G,mrr,10,0.0053377175960484,0.0010892082306834959,10
MDHG,diginetica,unpopular,freqrec,TC-SACP-G,mrr,20,0.006371839211707151,0.001160920961403938,10
MDHG,diginetica,unpopular,freqrec,TC-SACP-G,mrr,30,0.00718605238156029,0.0012277213931893452,10
MDHG,diginetica,unpopular,freqrec,TC-SACP-G,mrr,40,0.00792819453577193,0.0012834039910062925,10
MDHG,diginetica,unpopular,freqrec,TC-SACP-G,mrr,50,0.00862774615612471,0.0013385688633025042,10
MDHG,diginetica,unpopular,freqrec,TC-SACP-G,recall,10,0.01719576719576714,0.002207347937868296,10
MDHG,diginetica,unpopular,freqrec,TC-SACP-G,recall,20,0.03281409182030294,0.003579302457244364,10
MDHG,diginetica,unpopular,freqrec,TC-SACP-G,recall,30,0.05345558513260372,0.0058690559821866425,10
MDHG,diginetica,unpopular,freqrec,TC-SACP-G,recall,40,0.07968878372605076,0.008577004882694634,10
MDHG,diginetica,unpopular,freqrec,TC-SACP-G,recall,50,0.11149889907653879,0.012364330277620437,10
MDHG,diginetica,unpopular,mdhg,CREAT,mrr,10,0.14987068257254604,0.33591010268291216,10
MDHG,diginetica,unpopular,mdhg,CREAT,mrr,20,0.14999068697377024,0.33600816107249354,10
MDHG,diginetica,unpopular,mdhg,CREAT,mrr,30,0.15004753476858218,0.33601977268781685,10
MDHG,diginetica,unpopular,mdhg,CREAT,mrr,40,0.1500943655152312,0.33601383132153784,10
MDHG,diginetica,unpopular,mdhg,CREAT,mrr,50,0.15014951916344135,0.33599633431392983,10
MDHG,diginetica,unpopular,mdhg,CREAT,recall,10,0.15572151565940381,0.34399997660745435,10
MDHG,diginetica,unpopular,mdhg,CREAT,recall,20,0.15745341614906833,0.3455236608116581,10
MDHG,diginetica,unpopular,mdhg,CREAT,recall,30,0.15887475763252157,0.3458681801070949,10
MDHG,diginetica,unpopular,mdhg,CREAT,recall,40,0.1605360018403496,0.34570003484650147,10
MDHG,diginetica,unpopular,mdhg,CREAT,recall,50,0.16305169410759468,0.344920988562022,10
MDHG,diginetica,unpopular,mdhg,DPSBR,mrr,10,0.2999593217779405,0.48265563672565254,10
MDHG,diginetica,unpopular,mdhg,DPSBR,mrr,20,0.30004823749092446,0.48259485165038496,10
MDHG,diginetica,unpopular,mdhg,DPSBR,mrr,30,0.3001410877167873,0.4825312787435191,10
MDHG,diginetica,unpopular,mdhg,DPSBR,mrr,40,0.30024148482613916,0.4824621298822998,10
MDHG,diginetica,unpopular,mdhg,DPSBR,mrr,50,0.3003560098362443,0.4823831208924009,10
MDHG,diginetica,unpopular,mdhg,DPSBR,recall,10,0.3005323868677906,0.48235746982542355,10
MDHG,diginetica,unpopular,mdhg,DPSBR,recall,20,0.3019257944723783,0.4814046534372164,10
MDHG,diginetica,unpopular,mdhg,DPSBR,recall,30,0.30429853100660553,0.47978264360562956,10
MDHG,diginetica,unpopular,mdhg,DPSBR,recall,40,0.3078789970094318,0.4773282638290643,10
MDHG,diginetica,unpopular,mdhg,DPSBR,recall,50,0.3131124913733609,0.47373997379126614,10
MDHG,diginetica,unpopular,mdhg,Poisoning-SSL,mrr,10,0.5979165212592207,0.5142350321012179,10
MDHG,diginetica,unpopular,mdhg,Poisoning-SSL,mrr,20,0.5979996080178716,0.5141357351839402,10
MDHG,diginetica,unpopular,mdhg,Poisoning-SSL,mrr,30,0.5980661873937158,0.5140518998904078,10
MDHG,diginetica,unpopular,mdhg,Poisoning-SSL,mrr,40,0.5981309324009411,0.513968441854605,10
MDHG,diginetica,unpopular,mdhg,Poisoning-SSL,mrr,50,0.5981826886078514,0.5139016349404563,10
MDHG,diginetica,unpopular,mdhg,Poisoning-SSL,recall,10,0.6004107923362583,0.5148673557274198,10
MDHG,diginetica,unpopular,mdhg,Poisoning-SSL,recall,20,0.6017039666107988,0.5133047781680591,10
MDHG,diginetica,unpopular,mdhg,Poisoning-SSL,recall,30,0.6033997173748726,0.51117103113159,10
MDHG,diginetica,unpopular,mdhg,Poisoning-SSL,recall,40,0.6057001544579184,0.5082112099766992,10
MDHG,diginetica,unpopular,mdhg,Poisoning-SSL,recall,50,0.6080285254198298,0.5052135057087944,10
MDHG,diginetica,unpopular,mdhg,TC-SACP-C,mrr,10,0.3996162286707436,0.3497589825335742,10
MDHG,diginetica,unpopular,mdhg,TC-SACP-C,mrr,20,0.4011162130728442,0.3505696809433836,10
MDHG,diginetica,unpopular,mdhg,TC-SACP-C,mrr,30,0.40154417851018936,0.3506233877870308,10
MDHG,diginetica,unpopular,mdhg,TC-SACP-C,mrr,40,0.4017724576034425,0.35059064129402834,10
MDHG,diginetica,unpopular,mdhg,TC-SACP-C,mrr,50,0.40193180045276655,0.35051375249391736,10
MDHG,diginetica,unpopular,mdhg,TC-SACP-C,recall,10,0.4903085872029971,0.4239822987237106,10
MDHG,diginetica,unpopular,mdhg,TC-SACP-C,recall,20,0.5115498373262348,0.43521341171220607,10
MDHG,diginetica,unpopular,mdhg,TC-SACP-C,recall,30,0.5222304380689473,0.43660091836445236,10
MDHG,diginetica,unpopular,mdhg,TC-SACP-C,recall,40,0.5302786815209175,0.43551668304181596,10
MDHG,diginetica,unpopular,mdhg,TC-SACP-C,recall,50,0.5375020539616813,0.4320656509752761,10
MDHG,diginetica,unpopular,mdhg,TC-SACP-G,mrr,10,0.4834969056252193,0.5026448763439765,10
MDHG,diginetica,unpopular,mdhg,TC-SACP-G,mrr,20,0.4850690249756765,0.5013453443463546,10
MDHG,diginetica,unpopular,mdhg,TC-SACP-G,mrr,30,0.4859676730651509,0.5004681355977489,10
MDHG,diginetica,unpopular,mdhg,TC-SACP-G,mrr,40,0.4865690593196087,0.49987429861327987,10
MDHG,diginetica,unpopular,mdhg,TC-SACP-G,mrr,50,0.4869806291593993,0.4994645663908359,10
MDHG,diginetica,unpopular,mdhg,TC-SACP-G,recall,10,0.5108580630319761,0.5028325473560821,10
MDHG,diginetica,unpopular,mdhg,TC-SACP-G,recall,20,0.5344013934076045,0.48325064233387266,10
MDHG,diginetica,unpopular,mdhg,TC-SACP-G,recall,30,0.5568963817411022,0.4614451892492156,10
MDHG,diginetica,unpopular,mdhg,TC-SACP-G,recall,40,0.5780751914292288,0.44060117406572036,10
MDHG,diginetica,unpopular,mdhg,TC-SACP-G,recall,50,0.5967038022938644,0.42218618006409914,10
MDHG,diginetica,unpopular,miasrec,CREAT,mrr,10,0.10276729670473675,0.018325233793012385,10
MDHG,diginetica,unpopular,miasrec,CREAT,mrr,20,0.10493795942812074,0.0179535224406559,10
MDHG,diginetica,unpopular,miasrec,CREAT,mrr,30,0.10522546057630185,0.017858942339043924,10
MDHG,diginetica,unpopular,miasrec,CREAT,mrr,40,0.1053209506347419,0.017878123448148816,10
MDHG,diginetica,unpopular,miasrec,CREAT,mrr,50,0.10538926013017003,0.01792410518745511,10
MDHG,diginetica,unpopular,miasrec,CREAT,recall,10,0.28991751289887935,0.05138937384389195,10
MDHG,diginetica,unpopular,miasrec,CREAT,recall,20,0.3195044201255381,0.08105405940600964,10
MDHG,diginetica,unpopular,miasrec,CREAT,recall,30,0.32653225541424297,0.08959137998123165,10
MDHG,diginetica,unpopular,miasrec,CREAT,recall,40,0.32987939137007455,0.093908268328896,10
MDHG,diginetica,unpopular,miasrec,CREAT,recall,50,0.3329784087548063,0.09818296591632701,10
MDHG,diginetica,unpopular,miasrec,DPSBR,mrr,10,0.05013798775395438,0.014200095503404299,10
MDHG,diginetica,unpopular,miasrec,DPSBR,mrr,20,0.07007653776248338,0.015334212363685339,10
MDHG,diginetica,unpopular,miasrec,DPSBR,mrr,30,0.07759542081387606,0.015074784098288023,10
MDHG,diginetica,unpopular,miasrec,DPSBR,mrr,40,0.08054328231652805,0.014922589394509017,10
MDHG,diginetica,unpopular,miasrec,DPSBR,mrr,50,0.0818338816263074,0.014800257685364762,10
MDHG,diginetica,unpopular,miasrec,DPSBR,recall,10,0.2279864602845969,0.052719545578270806,10
MDHG,diginetica,unpopular,miasrec,DPSBR,recall,20,0.5214137829044662,0.07431339563110112,10
MDHG,diginetica,unpopular,miasrec,DPSBR,recall,30,0.7072332314568339,0.08649257665922395,10
MDHG,diginetica,unpopular,miasrec,DPSBR,recall,40,0.809691412797003,0.08564420143747122,10
MDHG,diginetica,unpopular,miasrec,DPSBR,recall,50,0.867637779749581,0.07619687908515559,10
MDHG,diginetica,unpopular,miasrec,Poisoning-SSL,mrr,10,0.04108419573641892,0.010189764164609297,10
MDHG,diginetica,unpopular,miasrec,Poisoning-SSL,mrr,20,0.04601741428196879,0.010713889877210394,10
MDHG,diginetica,unpopular,miasrec,Poisoning-SSL,mrr,30,0.04867004106663841,0.010874342090277904,10
MDHG,diginetica,unpopular,miasrec,Poisoning-SSL,mrr,40,0.05050110911475001,0.010942964139627974,10
MDHG,diginetica,unpopular,miasrec,Poisoning-SSL,mrr,50,0.051863811540949524,0.01098150039279175,10
MDHG,diginetica,unpopular,miasrec,Poisoning-SSL,recall,10,0.1201682605409313,0.026006636169433713,10
MDHG,diginetica,unpopular,miasrec,Poisoning-SSL,recall,20,0.19333694830589238,0.040125255196480684,10
MDHG,diginetica,unpopular,miasrec,Poisoning-SSL,recall,30,0.26006934174636037,0.05171908804565565,10
MDHG,diginetica,unpopular,miasrec,Poisoning-SSL,recall,40,0.3245440205067534,0.06327823621355187,10
MDHG,diginetica,unpopular,miasrec,Poisoning-SSL,recall,50,0.3862729632915968,0.07309536007649768,10
MDHG,diginetica,unpopular,miasrec,TC-SACP-C,mrr,10,0.05570662150298382,0.009164404904959834,10
MDHG,diginetica,unpopular,miasrec,TC-SACP-C,mrr,20,0.0773266688014295,0.010302211504121953,10
MDHG,diginetica,unpopular,miasrec,TC-SACP-C,mrr,30,0.08609137320708973,0.009574301278961271,10
MDHG,diginetica,unpopular,miasrec,TC-SACP-C,mrr,40,0.08928251376652786,0.009173795607688452,10
MDHG,diginetica,unpopular,miasrec,TC-SACP-C,mrr,50,0.09041268174938732,0.00898535308862631,10
MDHG,diginetica,unpopular,miasrec,TC-SACP-C,recall,10,0.22972164711295145,0.039075388677687777,10
MDHG,diginetica,unpopular,miasrec,TC-SACP-C,recall,20,0.5501906076440238,0.05912621086871272,10
MDHG,diginetica,unpopular,miasrec,TC-SACP-C,recall,30,0.7667866180288541,0.04900026402802733,10
MDHG,diginetica,unpopular,miasrec,TC-SACP-C,recall,40,0.8773784876269348,0.036590699372700305,10
MDHG,diginetica,unpopular,miasrec,TC-SACP-C,recall,50,0.9278763679384797,0.02432817765188548,10
MDHG,diginetica,unpopular,miasrec,TC-SACP-G,mrr,10,0.06606428339298362,0.011663277374865309,10
MDHG,diginetica,unpopular,miasrec,TC-SACP-G,mrr,20,0.07260133016682399,0.01147500734233105,10
MDHG,diginetica,unpopular,miasrec,TC-SACP-G,mrr,30,0.0740026844383681,0.01166389633928211,10
MDHG,diginetica,unpopular,miasrec,TC-SACP-G,mrr,40,0.07476721753008836,0.011804306297968957,10
MDHG,diginetica,unpopular,miasrec,TC-SACP-G,mrr,50,0.07529454964577656,0.011886007902283505,10
MDHG,diginetica,unpopular,miasrec,TC-SACP-G,recall,10,0.23819875776397512,0.04163635781497088,10
MDHG,diginetica,unpopular,miasrec,TC-SACP-G,recall,20,0.32839232311281996,0.04588795102882508,10
MDHG,diginetica,unpopular,miasrec,TC-SACP-G,recall,30,0.36322258371947813,0.05547365504971625,10
MDHG,diginetica,unpopular,miasrec,TC-SACP-G,recall,40,0.39009333201879787,0.06337629588088196,10
MDHG,diginetica,unpopular,miasrec,TC-SACP-G,recall,50,0.41394886456998253,0.06832139466785067,10
MDHG,diginetica,unpopular,srgnn,CREAT,mrr,10,0.05088093047202793,0.00825562038634438,10
MDHG,diginetica,unpopular,srgnn,CREAT,mrr,20,0.05517808731156028,0.007744729487896769,10
MDHG,diginetica,unpopular,srgnn,CREAT,mrr,30,0.056628749084526496,0.007196790073767385,10
MDHG,diginetica,unpopular,srgnn,CREAT,mrr,40,0.05732956742604363,0.006793337028390729,10
MDHG,diginetica,unpopular,srgnn,CREAT,mrr,50,0.05772434688165516,0.006535807300597078,10
MDHG,diginetica,unpopular,srgnn,CREAT,recall,10,0.14199119261231058,0.026765563722448423,10
MDHG,diginetica,unpopular,srgnn,CREAT,recall,20,0.20409806434651148,0.017768122655176345,10
MDHG,diginetica,unpopular,srgnn,CREAT,recall,30,0.2400374642610667,0.010344846342710823,10
MDHG,diginetica,unpopular,srgnn,CREAT,recall,40,0.26453054651812413,0.0243811115027708,10
MDHG,diginetica,unpopular,srgnn,CREAT,recall,50,0.282311282000723,0.040807261816340284,10
MDHG,diginetica,unpopular,srgnn,DPSBR,mrr,10,0.05240958134653288,0.005213158096665001,10
MDHG,diginetica,unpopular,srgnn,DPSBR,mrr,20,0.05938961036324538,0.005544672836111767,10
MDHG,diginetica,unpopular,srgnn,DPSBR,mrr,30,0.06269372372759854,0.005664446763132667,10
MDHG,diginetica,unpopular,srgnn,DPSBR,mrr,40,0.06462488912987127,0.005700384212836042,10
MDHG,diginetica,unpopular,srgnn,DPSBR,mrr,50,0.06582939045561767,0.005721777313634919,10
MDHG,diginetica,unpopular,srgnn,DPSBR,recall,10,0.14466134279798873,0.012743810992420338,10
MDHG,diginetica,unpopular,srgnn,DPSBR,recall,20,0.24754181865983105,0.017781819667307366,10
MDHG,diginetica,unpopular,srgnn,DPSBR,recall,30,0.33020145256170097,0.020829143410223728,10
MDHG,diginetica,unpopular,srgnn,DPSBR,recall,40,0.3980495579874462,0.02267347881416653,10
MDHG,diginetica,unpopular,srgnn,DPSBR,recall,50,0.4524220316145782,0.023756916970479543,10
MDHG,diginetica,unpopular,srgnn,Poisoning-SSL,mrr,10,0.03476466293901949,0.00426113327690049,10
MDHG,diginetica,unpopular,srgnn,Poisoning-SSL,mrr,20,0.03673091898388025,0.004494983170424511,10
MDHG,diginetica,unpopular,srgnn,Poisoning-SSL,mrr,30,0.03771352163909565,0.0045993539872767894,10
MDHG,diginetica,unpopular,srgnn,Poisoning-SSL,mrr,40,0.03834736136161563,0.004659835295985822,10
MDHG,diginetica,unpopular,srgnn,Poisoning-SSL,mrr,50,0.03879214343287899,0.004703317139675536,10
MDHG,diginetica,unpopular,srgnn,Poisoning-SSL,recall,10,0.06666009398928649,0.008161680195000558,10
MDHG,diginetica,unpopular,srgnn,Poisoning-SSL,recall,20,0.09567024877583881,0.011777626474794491,10
MDHG,diginetica,unpopular,srgnn,Poisoning-SSL,recall,30,0.1204130927733412,0.014702119814013726,10
MDHG,diginetica,unpopular,srgnn,Poisoning-SSL,recall,40,0.14271418712412495,0.017090212918032584,10
MDHG,diginetica,unpopular,srgnn,Poisoning-SSL,recall,50,0.16281179138321994,0.019358608805845123,10
MDHG,diginetica,unpopular,srgnn,TC-SACP-C,mrr,10,0.05472554246758153,0.0063138389328059085,10
MDHG,diginetica,unpopular,srgnn,TC-SACP-C,mrr,20,0.06324775128965192,0.00681314347695421,10
MDHG,diginetica,unpopular,srgnn,TC-SACP-C,mrr,30,0.0671786570397115,0.006930222064384005,10
MDHG,diginetica,unpopular,srgnn,TC-SACP-C,mrr,40,0.06946364411225756,0.006959157852772698,10
MDHG,diginetica,unpopular,srgnn,TC-SACP-C,mrr,50,0.0708904465599477,0.006977923343505225,10
MDHG,diginetica,unpopular,srgnn,TC-SACP-C,recall,10,0.15962239968451147,0.01578306529506661,10
MDHG,diginetica,unpopular,srgnn,TC-SACP-C,recall,20,0.2853429294423083,0.022752828524698704,10
MDHG,diginetica,unpopular,srgnn,TC-SACP-C,recall,30,0.3836258174767491,0.025816584975541568,10
MDHG,diginetica,unpopular,srgnn,TC-SACP-C,recall,40,0.46375661375661376,0.027184088127900637,10
MDHG,diginetica,unpopular,srgnn,TC-SACP-C,recall,50,0.5281294160176148,0.028455198388327132,10
MDHG,diginetica,unpopular,srgnn,TC-SACP-G,mrr,10,0.042948036203976095,0.002707448575187677,10
MDHG,diginetica,unpopular,srgnn,TC-SACP-G,mrr,20,0.04801813068274213,0.002820955344580841,10
MDHG,diginetica,unpopular,srgnn,TC-SACP-G,mrr,30,0.05010467358872667,0.002820742613625969,10
MDHG,diginetica,unpopular,srgnn,TC-SACP-G,mrr,40,0.05119827549906493,0.00281449638246835,10
MDHG,diginetica,unpopular,srgnn,TC-SACP-G,mrr,50,0.051841131329098976,0.0028018224353591,10
MDHG,diginetica,unpopular,srgnn,TC-SACP-G,recall,10,0.11357586512866011,0.006430204053681501,10
MDHG,diginetica,unpopular,srgnn,TC-SACP-G,recall,20,0.18796871405567056,0.008269487965500298,10
MDHG,diginetica,unpopular,srgnn,TC-SACP-G,recall,30,0.23991094022149917,0.008322256664744105,10
MDHG,diginetica,unpopular,srgnn,TC-SACP-G,recall,40,0.2782559400571823,0.008360897637587218,10
MDHG,diginetica,unpopular,srgnn,TC-SACP-G,recall,50,0.30723651779552397,0.008163833883479051,10
MDHG,diginetica,unpopular,tron,CREAT,mrr,10,0.013383200914749722,0.011925059043484629,10
MDHG,diginetica,unpopular,tron,CREAT,mrr,20,0.01544751485442373,0.012461247677119803,10
MDHG,diginetica,unpopular,tron,CREAT,mrr,30,0.01687068024611673,0.012547373892841916,10
MDHG,diginetica,unpopular,tron,CREAT,mrr,40,0.01795942822938337,0.012456062616997828,10
MDHG,diginetica,unpopular,tron,CREAT,mrr,50,0.01881445756052464,0.012312185670104241,10
MDHG,diginetica,unpopular,tron,CREAT,recall,10,0.03797200039436059,0.028336584861374668,10
MDHG,diginetica,unpopular,tron,CREAT,recall,20,0.0691232048374905,0.03695057377714081,10
MDHG,diginetica,unpopular,tron,CREAT,recall,30,0.10503302770383509,0.0428319430061457,10
MDHG,diginetica,unpopular,tron,CREAT,recall,40,0.14349633573236054,0.047851902871265624,10
MDHG,diginetica,unpopular,tron,CREAT,recall,50,0.18223569621085145,0.0526378648451914,10
MDHG,diginetica,unpopular,tron,DPSBR,mrr,10,0.1180022797018508,0.015364939047005961,10
MDHG,diginetica,unpopular,tron,DPSBR,mrr,20,0.12727727907290537,0.015407377087828807,10
MDHG,diginetica,unpopular,tron,DPSBR,mrr,30,0.1309920122282378,0.01534397318928143,10
MDHG,diginetica,unpopular,tron,DPSBR,mrr,40,0.13300380135574327,0.015282329978343983,10
MDHG,diginetica,unpopular,tron,DPSBR,mrr,50,0.1342219815430245,0.015233310457986577,10
MDHG,diginetica,unpopular,tron,DPSBR,recall,10,0.34072430904729034,0.029917047481827504,10
MDHG,diginetica,unpopular,tron,DPSBR,recall,20,0.47583226527325906,0.03304421206267873,10
MDHG,diginetica,unpopular,tron,DPSBR,recall,30,0.5683936376482961,0.0326284806612819,10
MDHG,diginetica,unpopular,tron,DPSBR,recall,40,0.6389086069210294,0.03062403650994704,10
MDHG,diginetica,unpopular,tron,DPSBR,recall,50,0.6938808373590982,0.028398179338116187,10
MDHG,diginetica,unpopular,tron,Poisoning-SSL,mrr,10,0.06251549730389863,0.017219126560277503,10
MDHG,diginetica,unpopular,tron,Poisoning-SSL,mrr,20,0.07162255724517994,0.017267681787220688,10
MDHG,diginetica,unpopular,tron,Poisoning-SSL,mrr,30,0.07534247991853349,0.01708597505929352,10
MDHG,diginetica,unpopular,tron,Poisoning-SSL,mrr,40,0.0773233579161292,0.016942366497698726,10
MDHG,diginetica,unpopular,tron,Poisoning-SSL,mrr,50,0.07850191369329165,0.016824133851151342,10
MDHG,diginetica,unpopular,tron,Poisoning-SSL,recall,10,0.22237503697131028,0.04691920379181422,10
MDHG,diginetica,unpopular,tron,Poisoning-SSL,recall,20,0.3553386572020112,0.05547581160345463,10
MDHG,diginetica,unpopular,tron,Poisoning-SSL,recall,30,0.4481054257451772,0.061954113194595845,10
MDHG,diginetica,unpopular,tron,Poisoning-SSL,recall,40,0.5175671234677446,0.06654629623053317,10
MDHG,diginetica,unpopular,tron,Poisoning-SSL,recall,50,0.5707384403036577,0.06914432957699239,10
MDHG,diginetica,unpopular,tron,TC-SACP-C,mrr,10,0.00561111293685478,0.0021478510940676574,10
MDHG,diginetica,unpopular,tron,TC-SACP-C,mrr,20,0.0093082669676561,0.0030866263949041787,10
MDHG,diginetica,unpopular,tron,TC-SACP-C,mrr,30,0.01218059220956778,0.00442369592127727,10
MDHG,diginetica,unpopular,tron,TC-SACP-C,mrr,40,0.01430088205505122,0.005447210391718124,10
MDHG,diginetica,unpopular,tron,TC-SACP-C,mrr,50,0.01580133268081759,0.00602273857036835,10
MDHG,diginetica,unpopular,tron,TC-SACP-C,recall,10,0.02543133195307102,0.009259897275576611,10
MDHG,diginetica,unpopular,tron,TC-SACP-C,recall,20,0.08212396069538923,0.04121536151836873,10
MDHG,diginetica,unpopular,tron,TC-SACP-C,recall,30,0.15468138946399812,0.08604196419702546,10
MDHG,diginetica,unpopular,tron,TC-SACP-C,recall,40,0.22935522034900915,0.1290353319908,10
MDHG,diginetica,unpopular,tron,TC-SACP-C,recall,50,0.29719839626671923,0.1594935322576615,10
MDHG,diginetica,unpopular,tron,TC-SACP-G,mrr,10,0.10636416505870952,0.22491007262208018,10
MDHG,diginetica,unpopular,tron,TC-SACP-G,mrr,20,0.10976915969602982,0.2252776240614506,10
MDHG,diginetica,unpopular,tron,TC-SACP-G,mrr,30,0.11148896916210249,0.22477710314589552,10
MDHG,diginetica,unpopular,tron,TC-SACP-G,mrr,40,0.11305609429307965,0.22412115077769354,10
MDHG,diginetica,unpopular,tron,TC-SACP-G,mrr,50,0.11545196118060048,0.22291354521381407,10
MDHG,diginetica,unpopular,tron,TC-SACP-G,recall,10,0.20352624141444017,0.3822557693565056,10
MDHG,diginetica,unpopular,tron,TC-SACP-G,recall,20,0.25362976108317714,0.40281331684170085,10
MDHG,diginetica,unpopular,tron,TC-SACP-G,recall,30,0.29691248480068355,0.4157491547361546,10
MDHG,diginetica,unpopular,tron,TC-SACP-G,recall,40,0.3529609911597489,0.41493050586750824,10
MDHG,diginetica,unpopular,tron,TC-SACP-G,recall,50,0.46274606460941864,0.3731835826701836,10
MDHG,diginetica,unpopular,wearec,CREAT,mrr,10,0.00369407029739273,0.0017028132401330203,10
MDHG,diginetica,unpopular,wearec,CREAT,mrr,20,0.00587047702807977,0.0020103833331127923,10
MDHG,diginetica,unpopular,wearec,CREAT,mrr,30,0.00817794193401982,0.002275596665310086,10
MDHG,diginetica,unpopular,wearec,CREAT,mrr,40,0.010612949172471981,0.0024089514315168495,10
MDHG,diginetica,unpopular,wearec,CREAT,mrr,50,0.01273930884255838,0.002367837978785528,10
MDHG,diginetica,unpopular,wearec,CREAT,recall,10,0.01578428472838404,0.004492292630967022,10
MDHG,diginetica,unpopular,wearec,CREAT,recall,20,0.04947747214827955,0.012232459753092843,10
MDHG,diginetica,unpopular,wearec,CREAT,recall,30,0.10849682868316404,0.02365514925169302,10
MDHG,diginetica,unpopular,wearec,CREAT,recall,40,0.19477636465214102,0.033226029109296146,10
MDHG,diginetica,unpopular,wearec,CREAT,recall,50,0.29129613197936177,0.04104664143185844,10
MDHG,diginetica,unpopular,wearec,DPSBR,mrr,10,0.00353089836502036,0.0012704300361468584,10
MDHG,diginetica,unpopular,wearec,DPSBR,mrr,20,0.00543395882231048,0.001264434357587437,10
MDHG,diginetica,unpopular,wearec,DPSBR,mrr,30,0.00753822455705144,0.0012624464941282533,10
MDHG,diginetica,unpopular,wearec,DPSBR,mrr,40,0.01018516428373167,0.0015757453391653945,10
MDHG,diginetica,unpopular,wearec,DPSBR,mrr,50,0.013053701439380968,0.0019677772791288563,10
MDHG,diginetica,unpopular,wearec,DPSBR,recall,10,0.01348384764533827,0.0023285023164079295,10
MDHG,diginetica,unpopular,wearec,DPSBR,recall,20,0.042814420454171956,0.006451811895787867,10
MDHG,diginetica,unpopular,wearec,DPSBR,recall,30,0.09701436130007554,0.015897511172799018,10
MDHG,diginetica,unpopular,wearec,DPSBR,recall,40,0.19149166913142066,0.03510966928652849,10
MDHG,diginetica,unpopular,wearec,DPSBR,recall,50,0.32179335502316864,0.05418443207949668,10
MDHG,diginetica,unpopular,wearec,Poisoning-SSL,mrr,10,0.0072898379887189405,0.0026500119922250377,10
MDHG,diginetica,unpopular,wearec,Poisoning-SSL,mrr,20,0.00869716203508463,0.0027823808229303446,10
MDHG,diginetica,unpopular,wearec,Poisoning-SSL,mrr,30,0.00957100517020834,0.002846656381192965,10
MDHG,diginetica,unpopular,wearec,Poisoning-SSL,mrr,40,0.010256763177054071,0.0028900600883805575,10
MDHG,diginetica,unpopular,wearec,Poisoning-SSL,mrr,50,0.01081851597548108,0.0029405297347420744,10
MDHG,diginetica,unpopular,wearec,Poisoning-SSL,recall,10,0.02430576095172361,0.00590046937748928,10
MDHG,diginetica,unpopular,wearec,Poisoning-SSL,recall,20,0.04535311709224748,0.011472814604647458,10
MDHG,diginetica,unpopular,wearec,Poisoning-SSL,recall,30,0.06743074041210682,0.016822585981576592,10
MDHG,diginetica,unpopular,wearec,Poisoning-SSL,recall,40,0.09164941338854378,0.023308198942645842,10
MDHG,diginetica,unpopular,wearec,Poisoning-SSL,recall,50,0.11713332676065591,0.030035582756070683,10
MDHG,diginetica,unpopular,wearec,TC-SACP-C,mrr,10,0.00312061984520818,0.0012714840944496367,10
MDHG,diginetica,unpopular,wearec,TC-SACP-C,mrr,20,0.00524461512864589,0.0014059391866975974,10
MDHG,diginetica,unpopular,wearec,TC-SACP-C,mrr,30,0.007369307296822609,0.0016956243460242394,10
MDHG,diginetica,unpopular,wearec,TC-SACP-C,mrr,40,0.00996153966376882,0.0021947130294357746,10
MDHG,diginetica,unpopular,wearec,TC-SACP-C,mrr,50,0.012549742741159789,0.0026704090784737673,10
MDHG,diginetica,unpopular,wearec,TC-SACP-C,recall,10,0.014308718656544681,0.0027638023717440566,10
MDHG,diginetica,unpopular,wearec,TC-SACP-C,recall,20,0.04706529954977156,0.0077247138765047145,10
MDHG,diginetica,unpopular,wearec,TC-SACP-C,recall,30,0.10139998028196784,0.019160765313105697,10
MDHG,diginetica,unpopular,wearec,TC-SACP-C,recall,40,0.19371980676328499,0.03939908795929162,10
MDHG,diginetica,unpopular,wearec,TC-SACP-C,recall,50,0.3113937362384567,0.061716556303165054,10
MDHG,diginetica,unpopular,wearec,TC-SACP-G,mrr,10,0.009445794190692119,0.004014409703755842,10
MDHG,diginetica,unpopular,wearec,TC-SACP-G,mrr,20,0.01206287540254716,0.00421618438498504,10
MDHG,diginetica,unpopular,wearec,TC-SACP-G,mrr,30,0.014159841918019788,0.004272047592376834,10
MDHG,diginetica,unpopular,wearec,TC-SACP-G,mrr,40,0.01597118392392714,0.004262322644219364,10
MDHG,diginetica,unpopular,wearec,TC-SACP-G,mrr,50,0.01740685102830198,0.004208777261227782,10
MDHG,diginetica,unpopular,wearec,TC-SACP-G,recall,10,0.030319760754543318,0.008064976156880245,10
MDHG,diginetica,unpopular,wearec,TC-SACP-G,recall,20,0.07027670971770347,0.013296807395974846,10
MDHG,diginetica,unpopular,wearec,TC-SACP-G,recall,30,0.12359591179466951,0.02111161328086612,10
MDHG,diginetica,unpopular,wearec,TC-SACP-G,recall,40,0.18767130040421962,0.029862336451991038,10
MDHG,diginetica,unpopular,wearec,TC-SACP-G,recall,50,0.25265700483091785,0.03710368702086518,10
MDHG,yoochoose1_64,popular,freqrec,CREAT,mrr,10,0.00178598405144968,0.00036950202174051413,10
MDHG,yoochoose1_64,popular,freqrec,CREAT,mrr,20,0.00827035462242747,0.0011547261480207736,10
MDHG,yoochoose1_64,popular,freqrec,CREAT,mrr,30,0.0127628185147982,0.001320965278174832,10
MDHG,yoochoose1_64,popular,freqrec,CREAT,mrr,40,0.01562627826574469,0.0015862442241944652,10
MDHG,yoochoose1_64,popular,freqrec,CREAT,mrr,50,0.01781672919569673,0.0016443247410905248,10
MDHG,yoochoose1_64,popular,freqrec,CREAT,recall,10,0.01119181366059603,0.0026116170455762174,10
MDHG,yoochoose1_64,popular,freqrec,CREAT,recall,20,0.11190024687824247,0.015603240974950423,10
MDHG,yoochoose1_64,popular,freqrec,CREAT,recall,30,0.2245196608107624,0.021065081250931116,10
MDHG,yoochoose1_64,popular,freqrec,CREAT,recall,40,0.32559125550109125,0.03140949111818462,10
MDHG,yoochoose1_64,popular,freqrec,CREAT,recall,50,0.42475938316218825,0.03521427160107292,10
MDHG,yoochoose1_64,popular,freqrec,DPSBR,mrr,10,0.00162835141331686,0.0004098470156953049,10
MDHG,yoochoose1_64,popular,freqrec,DPSBR,mrr,20,0.00802056095736222,0.0022917461562248728,10
MDHG,yoochoose1_64,popular,freqrec,DPSBR,mrr,30,0.01341020333868476,0.002344073336946219,10
MDHG,yoochoose1_64,popular,freqrec,DPSBR,mrr,40,0.01646211672544694,0.0022961993947513736,10
MDHG,yoochoose1_64,popular,freqrec,DPSBR,mrr,50,0.018648812867695038,0.002255339838833321,10
MDHG,yoochoose1_64,popular,freqrec,DPSBR,recall,10,0.0101345307524419,0.002238230633247523,10
MDHG,yoochoose1_64,popular,freqrec,DPSBR,recall,20,0.11503810512004002,0.03332983527884182,10
MDHG,yoochoose1_64,popular,freqrec,DPSBR,recall,30,0.24849010698057175,0.03499627501465405,10
MDHG,yoochoose1_64,popular,freqrec,DPSBR,recall,40,0.35587856452824784,0.034775902047581415,10
MDHG,yoochoose1_64,popular,freqrec,DPSBR,recall,50,0.4547926580557443,0.04026191231640264,10
MDHG,yoochoose1_64,popular,freqrec,Poisoning-SSL,mrr,10,0.02470396121166249,0.01641695367221704,10
MDHG,yoochoose1_64,popular,freqrec,Poisoning-SSL,mrr,20,0.034490735147848915,0.01917587484985166,10
MDHG,yoochoose1_64,popular,freqrec,Poisoning-SSL,mrr,30,0.03924374833791271,0.019405730287736647,10
MDHG,yoochoose1_64,popular,freqrec,Poisoning-SSL,mrr,40,0.04169109332500745,0.019055381300540863,10
MDHG,yoochoose1_64,popular,freqrec,Poisoning-SSL,mrr,50,0.043258508628142664,0.018646368246322608,10
MDHG,yoochoose1_64,popular,freqrec,Poisoning-SSL,recall,10,0.12026190561379653,0.07898972706928685,10
MDHG,yoochoose1_64,popular,freqrec,Poisoning-SSL,recall,20,0.266043507817811,0.12640598632717182,10
MDHG,yoochoose1_64,popular,freqrec,Poisoning-SSL,recall,30,0.38426419549894447,0.13915252653031324,10
MDHG,yoochoose1_64,popular,freqrec,Poisoning-SSL,recall,40,0.4703280976063544,0.13329852255048788,10
MDHG,yoochoose1_64,popular,freqrec,Poisoning-SSL,recall,50,0.5411177501878421,0.12141751106059347,10
MDHG,yoochoose1_64,popular,freqrec,TC-SACP-C,mrr,10,0.00173409958160749,0.0005394144511245202,10
MDHG,yoochoose1_64,popular,freqrec,TC-SACP-C,mrr,20,0.009315687031459149,0.00260692262079521,10
MDHG,yoochoose1_64,popular,freqrec,TC-SACP-C,mrr,30,0.014280938994484899,0.0029959886670012327,10
MDHG,yoochoose1_64,popular,freqrec,TC-SACP-C,mrr,40,0.01738375736296753,0.0032457327397711175,10
MDHG,yoochoose1_64,popular,freqrec,TC-SACP-C,mrr,50,0.019852118494218397,0.0036189190430923274,10
MDHG,yoochoose1_64,popular,freqrec,TC-SACP-C,recall,10,0.01117034598733402,0.002693870659067571,10
MDHG,yoochoose1_64,popular,freqrec,TC-SACP-C,recall,20,0.13320333464524664,0.034102811726848405,10
MDHG,yoochoose1_64,popular,freqrec,TC-SACP-C,recall,30,0.2572972199363125,0.04407593358601128,10
MDHG,yoochoose1_64,popular,freqrec,TC-SACP-C,recall,40,0.36661776807756985,0.05314713559132055,10
MDHG,yoochoose1_64,popular,freqrec,TC-SACP-C,recall,50,0.4785144370102687,0.0718941528243188,10
MDHG,yoochoose1_64,popular,freqrec,TC-SACP-G,mrr,10,0.00522515429180244,0.002653957212020766,10
MDHG,yoochoose1_64,popular,freqrec,TC-SACP-G,mrr,20,0.01719958983586329,0.004370099899407012,10
MDHG,yoochoose1_64,popular,freqrec,TC-SACP-G,mrr,30,0.02582412596072467,0.004822081895177736,10
MDHG,yoochoose1_64,popular,freqrec,TC-SACP-G,mrr,40,0.030512093532502498,0.004355435094912203,10
MDHG,yoochoose1_64,popular,freqrec,TC-SACP-G,mrr,50,0.032809772091785774,0.003977254186562833,10
MDHG,yoochoose1_64,popular,freqrec,TC-SACP-G,recall,10,0.03365773372929259,0.016827915954051018,10
MDHG,yoochoose1_64,popular,freqrec,TC-SACP-G,recall,20,0.22366632079859744,0.041145928883248244,10
MDHG,yoochoose1_64,popular,freqrec,TC-SACP-G,recall,30,0.4393413002254105,0.05418248802797769,10
MDHG,yoochoose1_64,popular,freqrec,TC-SACP-G,recall,40,0.6029732727467888,0.04109560214758509,10
MDHG,yoochoose1_64,popular,freqrec,TC-SACP-G,recall,50,0.7062184693548964,0.022623449609917103,10
MDHG,yoochoose1_64,popular,mdhg,CREAT,mrr,10,0.6006487468387715,0.5135026729414746,10
MDHG,yoochoose1_64,popular,mdhg,CREAT,mrr,20,0.6039230698617988,0.5092788351673847,10
MDHG,yoochoose1_64,popular,mdhg,CREAT,mrr,30,0.6045680088950977,0.5084483601356174,10
MDHG,yoochoose1_64,popular,mdhg,CREAT,mrr,40,0.6057923814543911,0.5068694337020916,10
MDHG,yoochoose1_64,popular,mdhg,CREAT,mrr,50,0.606940234924224,0.5053878169319568,10
MDHG,yoochoose1_64,popular,mdhg,CREAT,recall,10,0.6080145980178182,0.5045897081110962,10
MDHG,yoochoose1_64,popular,mdhg,CREAT,recall,20,0.6542810118429998,0.444914019531408,10
MDHG,yoochoose1_64,popular,mdhg,CREAT,recall,30,0.6705964435221297,0.4239004396098919,10
MDHG,yoochoose1_64,popular,mdhg,CREAT,recall,40,0.7142259114816272,0.3677304517567678,10
MDHG,yoochoose1_64,popular,mdhg,CREAT,recall,50,0.7658502987584529,0.3010673741588339,10
MDHG,yoochoose1_64,popular,mdhg,DPSBR,mrr,10,0.2964486050839799,0.45728950802736135,10
MDHG,yoochoose1_64,popular,mdhg,DPSBR,mrr,20,0.30363064682552193,0.45233936357287496,10
MDHG,yoochoose1_64,popular,mdhg,DPSBR,mrr,30,0.3055271409587125,0.4510347378390301,10
MDHG,yoochoose1_64,popular,mdhg,DPSBR,mrr,40,0.3067100480140902,0.45021851952005365,10
MDHG,yoochoose1_64,popular,mdhg,DPSBR,mrr,50,0.30776221253281505,0.4494926018883934,10
MDHG,yoochoose1_64,popular,mdhg,DPSBR,recall,10,0.34816809188164155,0.4492538491907358,10
MDHG,yoochoose1_64,popular,mdhg,DPSBR,recall,20,0.4460105907188092,0.3817835765205187,10
MDHG,yoochoose1_64,popular,mdhg,DPSBR,recall,30,0.49319474757594184,0.3493381411905802,10
MDHG,yoochoose1_64,popular,mdhg,DPSBR,recall,40,0.534960105907188,0.32054655762275763,10
MDHG,yoochoose1_64,popular,mdhg,DPSBR,recall,50,0.5827775591255501,0.2877023569868127,10
MDHG,yoochoose1_64,popular,mdhg,Poisoning-SSL,mrr,10,0.4629221400714605,0.4707225599154882,10
MDHG,yoochoose1_64,popular,mdhg,Poisoning-SSL,mrr,20,0.46715569366824033,0.46656575609573964,10
MDHG,yoochoose1_64,popular,mdhg,Poisoning-SSL,mrr,30,0.4686891438196385,0.46496882488783847,10
MDHG,yoochoose1_64,popular,mdhg,Poisoning-SSL,mrr,40,0.469594439929342,0.46402337275882566,10
MDHG,yoochoose1_64,popular,mdhg,Poisoning-SSL,mrr,50,0.4703208551851475,0.4632567765300873,10
MDHG,yoochoose1_64,popular,mdhg,Poisoning-SSL,recall,10,0.5409138072918529,0.4795162871247417,10
MDHG,yoochoose1_64,popular,mdhg,Poisoning-SSL,recall,20,0.6026065333285627,0.4226805699427051,10
MDHG,yoochoose1_64,popular,mdhg,Poisoning-SSL,recall,30,0.6409048624279938,0.3829507268783219,10
MDHG,yoochoose1_64,popular,mdhg,Poisoning-SSL,recall,40,0.6726430283731082,0.34983081499535446,10
MDHG,yoochoose1_64,popular,mdhg,Poisoning-SSL,recall,50,0.7055511825110021,0.3163550273959266,10
MDHG,yoochoose1_64,popular,mdhg,TC-SACP-C,mrr,10,0.14734978237004487,0.21881326233030596,10
MDHG,yoochoose1_64,popular,mdhg,TC-SACP-C,mrr,20,0.15983650812786745,0.2145369387526511,10
MDHG,yoochoose1_64,popular,mdhg,TC-SACP-C,mrr,30,0.166156993467224,0.21118921458067816,10
MDHG,yoochoose1_64,popular,mdhg,TC-SACP-C,mrr,40,0.16792137268001686,0.21032712831071046,10
MDHG,yoochoose1_64,popular,mdhg,TC-SACP-C,mrr,50,0.16879697998983903,0.20999718973586007,10
MDHG,yoochoose1_64,popular,mdhg,TC-SACP-C,recall,10,0.2759150595727933,0.32965124574579063,10
MDHG,yoochoose1_64,popular,mdhg,TC-SACP-C,recall,20,0.46585745464954026,0.2616446219335906,10
MDHG,yoochoose1_64,popular,mdhg,TC-SACP-C,recall,30,0.6210955669254714,0.1789028924820697,10
MDHG,yoochoose1_64,popular,mdhg,TC-SACP-C,recall,40,0.6821245840638306,0.14846972610957815,10
MDHG,yoochoose1_64,popular,mdhg,TC-SACP-C,recall,50,0.7215374432001145,0.1336903184645491,10
MDHG,yoochoose1_64,popular,mdhg,TC-SACP-G,mrr,10,0.3599781468456992,0.40467418092933244,10
MDHG,yoochoose1_64,popular,mdhg,TC-SACP-G,mrr,20,0.37292477483834313,0.3948855488405572,10
MDHG,yoochoose1_64,popular,mdhg,TC-SACP-G,mrr,30,0.37579429790118757,0.3928741595435878,10
MDHG,yoochoose1_64,popular,mdhg,TC-SACP-G,mrr,40,0.3768275659244577,0.39210811760366154,10
MDHG,yoochoose1_64,popular,mdhg,TC-SACP-G,mrr,50,0.37731885723393604,0.3917605010033699,10
MDHG,yoochoose1_64,popular,mdhg,TC-SACP-G,recall,10,0.5299241475544741,0.35630230965328047,10
MDHG,yoochoose1_64,popular,mdhg,TC-SACP-G,recall,20,0.7161973594761888,0.21510978150507054,10
MDHG,yoochoose1_64,popular,mdhg,TC-SACP-G,recall,30,0.7863107803499231,0.1655721572949177,10
MDHG,yoochoose1_64,popular,mdhg,TC-SACP-G,recall,40,0.8222458764177609,0.1390227369701806,10
MDHG,yoochoose1_64,popular,mdhg,TC-SACP-G,recall,50,0.8443718916598089,0.12321327276389492,10
MDHG,yoochoose1_64,popular,miasrec,CREAT,mrr,10,0.05552111215041873,0.010515701987624915,10
MDHG,yoochoose1_64,popular,miasrec,CREAT,mrr,20,0.05757568121457148,0.009556271460768411,10
MDHG,yoochoose1_64,popular,miasrec,CREAT,mrr,30,0.05789047796604615,0.009401405973621539,10
MDHG,yoochoose1_64,popular,miasrec,CREAT,mrr,40,0.05806916417440496,0.009326968085339685,10
MDHG,yoochoose1_64,popular,miasrec,CREAT,mrr,50,0.058199883631356905,0.009281110122826525,10
MDHG,yoochoose1_64,popular,miasrec,CREAT,recall,10,0.245872839815378,0.029807887969209735,10
MDHG,yoochoose1_64,popular,miasrec,CREAT,recall,20,0.27230670149200326,0.02013464672206147,10
MDHG,yoochoose1_64,popular,miasrec,CREAT,recall,30,0.2802050162796522,0.020328929992481128,10
MDHG,yoochoose1_64,popular,miasrec,CREAT,recall,40,0.286462843035529,0.02366230590373228,10
MDHG,yoochoose1_64,popular,miasrec,CREAT,recall,50,0.2923592972914952,0.028912140729101674,10
MDHG,yoochoose1_64,popular,miasrec,DPSBR,mrr,10,0.02751947992573729,0.011438652962654878,10
MDHG,yoochoose1_64,popular,miasrec,DPSBR,mrr,20,0.04226849390930569,0.012830436510864034,10
MDHG,yoochoose1_64,popular,miasrec,DPSBR,mrr,30,0.04773472166404826,0.012987570300764965,10
MDHG,yoochoose1_64,popular,miasrec,DPSBR,mrr,40,0.05047720821675539,0.01277357715329991,10
MDHG,yoochoose1_64,popular,miasrec,DPSBR,mrr,50,0.052162257098579023,0.012465001979844861,10
MDHG,yoochoose1_64,popular,miasrec,DPSBR,recall,10,0.15309313392250162,0.06098890486442005,10
MDHG,yoochoose1_64,popular,miasrec,DPSBR,recall,20,0.3690972843393323,0.08066669695962764,10
MDHG,yoochoose1_64,popular,miasrec,DPSBR,recall,30,0.5044008730187126,0.08493470030799573,10
MDHG,yoochoose1_64,popular,miasrec,DPSBR,recall,40,0.6007012773265591,0.07933919781026849,10
MDHG,yoochoose1_64,popular,miasrec,DPSBR,recall,50,0.6767737665032738,0.06638278581294906,10
MDHG,yoochoose1_64,popular,miasrec,Poisoning-SSL,mrr,10,0.051745999800089135,0.025480638087249426,10
MDHG,yoochoose1_64,popular,miasrec,Poisoning-SSL,mrr,20,0.06250172148928491,0.02646058778518786,10
MDHG,yoochoose1_64,popular,miasrec,Poisoning-SSL,mrr,30,0.06691765865008856,0.026637737065508788,10
MDHG,yoochoose1_64,popular,miasrec,Poisoning-SSL,mrr,40,0.06940580545340011,0.026448744532695606,10
MDHG,yoochoose1_64,popular,miasrec,Poisoning-SSL,mrr,50,0.07094158930998781,0.02621813675047108,10
MDHG,yoochoose1_64,popular,miasrec,Poisoning-SSL,recall,10,0.19200865862821564,0.0835466477621791,10
MDHG,yoochoose1_64,popular,miasrec,Poisoning-SSL,recall,20,0.35073168986368025,0.10946377716869585,10
MDHG,yoochoose1_64,popular,miasrec,Poisoning-SSL,recall,30,0.4608751654799814,0.11971023050810616,10
MDHG,yoochoose1_64,popular,miasrec,Poisoning-SSL,recall,40,0.5481215785895739,0.1196910252302776,10
MDHG,yoochoose1_64,popular,miasrec,Poisoning-SSL,recall,50,0.6175176213818026,0.11946861640848291,10
MDHG,yoochoose1_64,popular,miasrec,TC-SACP-C,mrr,10,0.03242813866753806,0.007109771574897026,10
MDHG,yoochoose1_64,popular,miasrec,TC-SACP-C,mrr,20,0.04958654221554532,0.008492828965074467,10
MDHG,yoochoose1_64,popular,miasrec,TC-SACP-C,mrr,30,0.05545963296271304,0.008714288714990233,10
MDHG,yoochoose1_64,popular,miasrec,TC-SACP-C,mrr,40,0.058270421800541726,0.008820342566980008,10
MDHG,yoochoose1_64,popular,miasrec,TC-SACP-C,mrr,50,0.060007115811553026,0.008801177538568865,10
MDHG,yoochoose1_64,popular,miasrec,TC-SACP-C,recall,10,0.18207807077176283,0.03620739839866794,10
MDHG,yoochoose1_64,popular,miasrec,TC-SACP-C,recall,20,0.4319224301406132,0.06713027788806247,10
MDHG,yoochoose1_64,popular,miasrec,TC-SACP-C,recall,30,0.5771548177036745,0.080257450702013,10
MDHG,yoochoose1_64,popular,miasrec,TC-SACP-C,recall,40,0.6757969873698523,0.08945124649833273,10
MDHG,yoochoose1_64,popular,miasrec,TC-SACP-C,recall,50,0.754170095531146,0.09228915349211307,10
MDHG,yoochoose1_64,popular,miasrec,TC-SACP-G,mrr,10,0.05258427907520902,0.014107008817114068,10
MDHG,yoochoose1_64,popular,miasrec,TC-SACP-G,mrr,20,0.06251326690243755,0.014342687621748292,10
MDHG,yoochoose1_64,popular,miasrec,TC-SACP-G,mrr,30,0.06531339869833593,0.014657709711853357,10
MDHG,yoochoose1_64,popular,miasrec,TC-SACP-G,mrr,40,0.06668757733431699,0.01482407060043052,10
MDHG,yoochoose1_64,popular,miasrec,TC-SACP-G,mrr,50,0.06757586256978712,0.014864183482916215,10
MDHG,yoochoose1_64,popular,miasrec,TC-SACP-G,recall,10,0.22685605925077817,0.04901292771413902,10
MDHG,yoochoose1_64,popular,miasrec,TC-SACP-G,recall,20,0.3676661061218648,0.05860264543234861,10
MDHG,yoochoose1_64,popular,miasrec,TC-SACP-G,recall,30,0.43730008229274747,0.06626707973399912,10
MDHG,yoochoose1_64,popular,miasrec,TC-SACP-G,recall,40,0.48534831299867615,0.07217142179374893,10
MDHG,yoochoose1_64,popular,miasrec,TC-SACP-G,recall,50,0.5254803391892375,0.07477305560427942,10
MDHG,yoochoose1_64,popular,srgnn,CREAT,mrr,10,0.04685801505236008,0.0024513097776300685,10
MDHG,yoochoose1_64,popular,srgnn,CREAT,mrr,20,0.0504875497594733,0.0021976503762160997,10
MDHG,yoochoose1_64,popular,srgnn,CREAT,mrr,30,0.051028199022903065,0.002244105694751313,10
MDHG,yoochoose1_64,popular,srgnn,CREAT,mrr,40,0.051239417654543894,0.0023054840054335946,10
MDHG,yoochoose1_64,popular,srgnn,CREAT,mrr,50,0.051388975036239626,0.0023389782496522865,10
MDHG,yoochoose1_64,popular,srgnn,CREAT,recall,10,0.2119628609252567,0.007631422492248743,10
MDHG,yoochoose1_64,popular,srgnn,CREAT,recall,20,0.2619825396257468,0.005840240676689999,10
MDHG,yoochoose1_64,popular,srgnn,CREAT,recall,30,0.27529965293928227,0.014713048955796637,10
MDHG,yoochoose1_64,popular,srgnn,CREAT,recall,40,0.2826612758953808,0.022024646608870012,10
MDHG,yoochoose1_64,popular,srgnn,CREAT,recall,50,0.28946116140112343,0.027619977152959618,10
MDHG,yoochoose1_64,popular,srgnn,DPSBR,mrr,10,0.05003239673509606,0.005840416029735795,10
MDHG,yoochoose1_64,popular,srgnn,DPSBR,mrr,20,0.060848949622927175,0.005279136913194037,10
MDHG,yoochoose1_64,popular,srgnn,DPSBR,mrr,30,0.06522803332547908,0.00530759383870415,10
MDHG,yoochoose1_64,popular,srgnn,DPSBR,mrr,40,0.06762921951346636,0.005313573139113972,10
MDHG,yoochoose1_64,popular,srgnn,DPSBR,mrr,50,0.06913884335919425,0.005284081424222545,10
MDHG,yoochoose1_64,popular,srgnn,DPSBR,recall,10,0.21226340835092486,0.02246227932126176,10
MDHG,yoochoose1_64,popular,srgnn,DPSBR,recall,20,0.3700937421732441,0.017656512257588373,10
MDHG,yoochoose1_64,popular,srgnn,DPSBR,recall,30,0.47854306057461804,0.0238311396039754,10
MDHG,yoochoose1_64,popular,srgnn,DPSBR,recall,40,0.5629611077319403,0.025849517115248726,10
MDHG,yoochoose1_64,popular,srgnn,DPSBR,recall,50,0.6310851908833948,0.027049801000193233,10
MDHG,yoochoose1_64,popular,srgnn,Poisoning-SSL,mrr,10,0.08197104618559758,0.030445233749304555,10
MDHG,yoochoose1_64,popular,srgnn,Poisoning-SSL,mrr,20,0.09142588149467497,0.031142057669165765,10
MDHG,yoochoose1_64,popular,srgnn,Poisoning-SSL,mrr,30,0.09494129671152948,0.03076085435872183,10
MDHG,yoochoose1_64,popular,srgnn,Poisoning-SSL,mrr,40,0.09674883528647191,0.03051378583643488,10
MDHG,yoochoose1_64,popular,srgnn,Poisoning-SSL,mrr,50,0.0978322005947588,0.03033900900746208,10
MDHG,yoochoose1_64,popular,srgnn,Poisoning-SSL,recall,10,0.2350209309814304,0.08003241921825724,10
MDHG,yoochoose1_64,popular,srgnn,Poisoning-SSL,recall,20,0.3723299581380371,0.09930266529772087,10
MDHG,yoochoose1_64,popular,srgnn,Poisoning-SSL,recall,30,0.4601130630791799,0.09731999060722392,10
MDHG,yoochoose1_64,popular,srgnn,Poisoning-SSL,recall,40,0.523270957816022,0.09470963135553354,10
MDHG,yoochoose1_64,popular,srgnn,Poisoning-SSL,recall,50,0.5721689505885721,0.09314000866281252,10
MDHG,yoochoose1_64,popular,srgnn,TC-SACP-C,mrr,10,0.045875646088936003,0.0042112889839281496,10
MDHG,yoochoose1_64,popular,srgnn,TC-SACP-C,mrr,20,0.058141015967483035,0.00408569043527985,10
MDHG,yoochoose1_64,popular,srgnn,TC-SACP-C,mrr,30,0.06334185603320688,0.004110547993717575,10
MDHG,yoochoose1_64,popular,srgnn,TC-SACP-C,mrr,40,0.06619976705823538,0.004053149556483798,10
MDHG,yoochoose1_64,popular,srgnn,TC-SACP-C,mrr,50,0.06794945654656843,0.003990188692693413,10
MDHG,yoochoose1_64,popular,srgnn,TC-SACP-C,recall,10,0.20915954059179215,0.018784396218913597,10
MDHG,yoochoose1_64,popular,srgnn,TC-SACP-C,recall,20,0.3888046083938602,0.01623538365619985,10
MDHG,yoochoose1_64,popular,srgnn,TC-SACP-C,recall,30,0.5180346345128627,0.021198236908675772,10
MDHG,yoochoose1_64,popular,srgnn,TC-SACP-C,recall,40,0.6183512826934774,0.02034921766110777,10
MDHG,yoochoose1_64,popular,srgnn,TC-SACP-C,recall,50,0.6972843393323553,0.019738732503161566,10
MDHG,yoochoose1_64,popular,srgnn,TC-SACP-G,mrr,10,0.05620551421040746,0.005601237136746989,10
MDHG,yoochoose1_64,popular,srgnn,TC-SACP-G,mrr,20,0.06646972595143934,0.005352671901162268,10
MDHG,yoochoose1_64,popular,srgnn,TC-SACP-G,mrr,30,0.0701229992278832,0.005273882743430877,10
MDHG,yoochoose1_64,popular,srgnn,TC-SACP-G,mrr,40,0.0719951482133657,0.0052203380475934974,10
MDHG,yoochoose1_64,popular,srgnn,TC-SACP-G,mrr,50,0.07314892436633703,0.005170045145462236,10
MDHG,yoochoose1_64,popular,srgnn,TC-SACP-G,recall,10,0.23662921750330956,0.019387381946558015,10
MDHG,yoochoose1_64,popular,srgnn,TC-SACP-G,recall,20,0.3856023471322766,0.017612509775524074,10
MDHG,yoochoose1_64,popular,srgnn,TC-SACP-G,recall,30,0.4763408350924899,0.016069059483231146,10
MDHG,yoochoose1_64,popular,srgnn,TC-SACP-G,recall,40,0.5419496225267452,0.017194321953963844,10
MDHG,yoochoose1_64,popular,srgnn,TC-SACP-G,recall,50,0.5940552434791943,0.015859091429406728,10
MDHG,yoochoose1_64,popular,tron,CREAT,mrr,10,0.3293191808450525,0.0714757072461102,10
MDHG,yoochoose1_64,popular,tron,CREAT,mrr,20,0.3344044668728938,0.07320456992500345,10
MDHG,yoochoose1_64,popular,tron,CREAT,mrr,30,0.3372284293212045,0.07397584484189816,10
MDHG,yoochoose1_64,popular,tron,CREAT,mrr,40,0.33895104113672514,0.07415889963478936,10
MDHG,yoochoose1_64,popular,tron,CREAT,mrr,50,0.34015094911013116,0.07412811821486501,10
MDHG,yoochoose1_64,popular,tron,CREAT,recall,10,0.4201584712188301,0.09689572940873158,10
MDHG,yoochoose1_64,popular,tron,CREAT,recall,20,0.4960507681551727,0.12610926376316398,10
MDHG,yoochoose1_64,popular,tron,CREAT,recall,30,0.5668501156266246,0.1509042432045917,10
MDHG,yoochoose1_64,popular,tron,CREAT,recall,40,0.6273846870910493,0.16359463192204213,10
MDHG,yoochoose1_64,popular,tron,CREAT,recall,50,0.6816825914705197,0.16841983958528264,10
MDHG,yoochoose1_64,popular,tron,DPSBR,mrr,10,0.13609074022381318,0.06111696412608447,10
MDHG,yoochoose1_64,popular,tron,DPSBR,mrr,20,0.14886872896556408,0.06178980179476489,10
MDHG,yoochoose1_64,popular,tron,DPSBR,mrr,30,0.15317483466549486,0.061148136788608844,10
MDHG,yoochoose1_64,popular,tron,DPSBR,mrr,40,0.15528894208085953,0.06080874355450475,10
MDHG,yoochoose1_64,popular,tron,DPSBR,mrr,50,0.15647039518382222,0.06053391291046672,10
MDHG,yoochoose1_64,popular,tron,DPSBR,recall,10,0.3699962354122223,0.10443248750828507,10
MDHG,yoochoose1_64,popular,tron,DPSBR,recall,20,0.5565727909936719,0.11534603893820647,10
MDHG,yoochoose1_64,popular,tron,DPSBR,recall,30,0.6632665865944822,0.10055822428606599,10
MDHG,yoochoose1_64,popular,tron,DPSBR,recall,40,0.7372622483552337,0.08968559333274698,10
MDHG,yoochoose1_64,popular,tron,DPSBR,recall,50,0.7905670186257462,0.07827688422337105,10
MDHG,yoochoose1_64,popular,tron,Poisoning-SSL,mrr,10,0.1549229141608579,0.05795097324917773,10
MDHG,yoochoose1_64,popular,tron,Poisoning-SSL,mrr,20,0.164866290775847,0.056190674565536336,10
MDHG,yoochoose1_64,popular,tron,Poisoning-SSL,mrr,30,0.16846291122027268,0.05548598968365141,10
MDHG,yoochoose1_64,popular,tron,Poisoning-SSL,mrr,40,0.17024774640988577,0.05521765426176633,10
MDHG,yoochoose1_64,popular,tron,Poisoning-SSL,mrr,50,0.17125074215515956,0.055061051553361655,10
MDHG,yoochoose1_64,popular,tron,Poisoning-SSL,recall,10,0.3643852069626947,0.06049586425433548,10
MDHG,yoochoose1_64,popular,tron,Poisoning-SSL,recall,20,0.5097843429001667,0.05594357268203945,10
MDHG,yoochoose1_64,popular,tron,Poisoning-SSL,recall,30,0.5989495007439543,0.05655804016180348,10
MDHG,yoochoose1_64,popular,tron,Poisoning-SSL,recall,40,0.6614595844612158,0.05876064848244167,10
MDHG,yoochoose1_64,popular,tron,Poisoning-SSL,recall,50,0.7066274671494901,0.05951225716049014,10
MDHG,yoochoose1_64,popular,tron,TC-SACP-C,mrr,10,0.04128549930868689,0.01275169665036577,10
MDHG,yoochoose1_64,popular,tron,TC-SACP-C,mrr,20,0.05106202046751124,0.01413752566998019,10
MDHG,yoochoose1_64,popular,tron,TC-SACP-C,mrr,30,0.05520564210006425,0.014494928889427997,10
MDHG,yoochoose1_64,popular,tron,TC-SACP-C,mrr,40,0.05734554293685157,0.014715847876899711,10
MDHG,yoochoose1_64,popular,tron,TC-SACP-C,mrr,50,0.05877566224210405,0.014888981506074551,10
MDHG,yoochoose1_64,popular,tron,TC-SACP-C,recall,10,0.16064571643690725,0.04083931653547904,10
MDHG,yoochoose1_64,popular,tron,TC-SACP-C,recall,20,0.3061058028431601,0.06805550023928711,10
MDHG,yoochoose1_64,popular,tron,TC-SACP-C,recall,30,0.40887367119014756,0.08345844695102358,10
MDHG,yoochoose1_64,popular,tron,TC-SACP-C,recall,40,0.48392700285033075,0.09476322034807212,10
MDHG,yoochoose1_64,popular,tron,TC-SACP-C,recall,50,0.5487155585034867,0.10813984226331888,10
MDHG,yoochoose1_64,popular,tron,TC-SACP-G,mrr,10,0.17945024569413795,0.08361517132692461,10
MDHG,yoochoose1_64,popular,tron,TC-SACP-G,mrr,20,0.18728868825395112,0.08346803382204016,10
MDHG,yoochoose1_64,popular,tron,TC-SACP-G,mrr,30,0.18993744968858126,0.08327344809555137,10
MDHG,yoochoose1_64,popular,tron,TC-SACP-G,mrr,40,0.19136965988694937,0.08306463227944684,10
MDHG,yoochoose1_64,popular,tron,TC-SACP-G,mrr,50,0.1923190253091823,0.08287804490803095,10
MDHG,yoochoose1_64,popular,tron,TC-SACP-G,recall,10,0.43233243102737384,0.14436074254780673,10
MDHG,yoochoose1_64,popular,tron,TC-SACP-G,recall,20,0.5452037359052041,0.14102290176115645,10
MDHG,yoochoose1_64,popular,tron,TC-SACP-G,recall,30,0.6110643027445637,0.13461309307348773,10
MDHG,yoochoose1_64,popular,tron,TC-SACP-G,recall,40,0.6612426724987899,0.12621288874281947,10
MDHG,yoochoose1_64,popular,tron,TC-SACP-G,recall,50,0.7041876557374109,0.11722858550408542,10
MDHG,yoochoose1_64,popular,wearec,CREAT,mrr,10,0.008678983460236791,0.0014068633515613275,10
MDHG,yoochoose1_64,popular,wearec,CREAT,mrr,20,0.017654549513911398,0.0028294848326118394,10
MDHG,yoochoose1_64,popular,wearec,CREAT,mrr,30,0.02225609810784199,0.003221442564581514,10
MDHG,yoochoose1_64,popular,wearec,CREAT,mrr,40,0.025234005548843568,0.0032606537190908377,10
MDHG,yoochoose1_64,popular,wearec,CREAT,mrr,50,0.027363439712862446,0.0034121806259585575,10
MDHG,yoochoose1_64,popular,wearec,CREAT,recall,10,0.0272746788793874,0.008068768309344032,10
MDHG,yoochoose1_64,popular,wearec,CREAT,recall,20,0.16309170274428417,0.03385491287194831,10
MDHG,yoochoose1_64,popular,wearec,CREAT,recall,30,0.2788310851908834,0.0452037422631265,10
MDHG,yoochoose1_64,popular,wearec,CREAT,recall,40,0.3836040645461376,0.05146295894878021,10
MDHG,yoochoose1_64,popular,wearec,CREAT,recall,50,0.4794303910694479,0.05921220070177367,10
MDHG,yoochoose1_64,popular,wearec,DPSBR,mrr,10,0.006622733186921489,0.0031716941907300004,10
MDHG,yoochoose1_64,popular,wearec,DPSBR,mrr,20,0.01814210472079675,0.004282144631124255,10
MDHG,yoochoose1_64,popular,wearec,DPSBR,mrr,30,0.02438757909546318,0.003961451325744621,10
MDHG,yoochoose1_64,popular,wearec,DPSBR,mrr,40,0.02802781131127771,0.003824881223652509,10
MDHG,yoochoose1_64,popular,wearec,DPSBR,mrr,50,0.030595383445670744,0.0037559250883385975,10
MDHG,yoochoose1_64,popular,wearec,DPSBR,recall,10,0.03335539733085258,0.012488406059244499,10
MDHG,yoochoose1_64,popular,wearec,DPSBR,recall,20,0.21161937815306447,0.036229859206659845,10
MDHG,yoochoose1_64,popular,wearec,DPSBR,recall,30,0.3667215284983362,0.03515010964075395,10
MDHG,yoochoose1_64,popular,wearec,DPSBR,recall,40,0.49494078500125227,0.04621697335216914,10
MDHG,yoochoose1_64,popular,wearec,DPSBR,recall,50,0.6111148878314072,0.06463989497052526,10
MDHG,yoochoose1_64,popular,wearec,Poisoning-SSL,mrr,10,0.03982632410961687,0.03191513637930193,10
MDHG,yoochoose1_64,popular,wearec,Poisoning-SSL,mrr,20,0.0505331972987967,0.032292713013661815,10
MDHG,yoochoose1_64,popular,wearec,Poisoning-SSL,mrr,30,0.05588547541916537,0.03177762210947002,10
MDHG,yoochoose1_64,popular,wearec,Poisoning-SSL,mrr,40,0.05868588635626145,0.03116558940358085,10
MDHG,yoochoose1_64,popular,wearec,Poisoning-SSL,mrr,50,0.06018074670571492,0.030698861943435254,10
MDHG,yoochoose1_64,popular,wearec,Poisoning-SSL,recall,10,0.15911123832695262,0.09736204173064048,10
MDHG,yoochoose1_64,popular,wearec,Poisoning-SSL,recall,20,0.3186750867651794,0.11698371569222572,10
MDHG,yoochoose1_64,popular,wearec,Poisoning-SSL,recall,30,0.45201975025940105,0.12152867768167627,10
MDHG,yoochoose1_64,popular,wearec,Poisoning-SSL,recall,40,0.5501914200865863,0.11341242210636612,10
MDHG,yoochoose1_64,popular,wearec,Poisoning-SSL,recall,50,0.617589180292676,0.10791280160027403,10
MDHG,yoochoose1_64,popular,wearec,TC-SACP-C,mrr,10,0.00654549570731721,0.0050190272083180465,10
MDHG,yoochoose1_64,popular,wearec,TC-SACP-C,mrr,20,0.01857444191891646,0.008589737201872774,10
MDHG,yoochoose1_64,popular,wearec,TC-SACP-C,mrr,30,0.02493982673266319,0.008390236727203564,10
MDHG,yoochoose1_64,popular,wearec,TC-SACP-C,mrr,40,0.02931509612094741,0.008383648910736884,10
MDHG,yoochoose1_64,popular,wearec,TC-SACP-C,mrr,50,0.032683465434309875,0.008291991951822501,10
MDHG,yoochoose1_64,popular,wearec,TC-SACP-C,recall,10,0.03334466349422156,0.02380573705830286,10
MDHG,yoochoose1_64,popular,wearec,TC-SACP-C,recall,20,0.21668574904289956,0.08170876929503267,10
MDHG,yoochoose1_64,popular,wearec,TC-SACP-C,recall,30,0.37511002182546777,0.07815150910951561,10
MDHG,yoochoose1_64,popular,wearec,TC-SACP-C,recall,40,0.529668324448102,0.0782668166869733,10
MDHG,yoochoose1_64,popular,wearec,TC-SACP-C,recall,50,0.6820047228881176,0.0773724783762547,10
MDHG,yoochoose1_64,popular,wearec,TC-SACP-G,mrr,10,0.021586644210798558,0.009338506053486737,10
MDHG,yoochoose1_64,popular,wearec,TC-SACP-G,mrr,20,0.04232229798318174,0.011721145651282993,10
MDHG,yoochoose1_64,popular,wearec,TC-SACP-G,mrr,30,0.05067263966977994,0.010978964322846537,10
MDHG,yoochoose1_64,popular,wearec,TC-SACP-G,mrr,40,0.054105000097606014,0.010312840955648618,10
MDHG,yoochoose1_64,popular,wearec,TC-SACP-G,mrr,50,0.05559904816839871,0.010007743669503978,10
MDHG,yoochoose1_64,popular,wearec,TC-SACP-G,recall,10,0.10687860030770327,0.03923708035794471,10
MDHG,yoochoose1_64,popular,wearec,TC-SACP-G,recall,20,0.41930659415363697,0.07384094583116911,10
MDHG,yoochoose1_64,popular,wearec,TC-SACP-G,recall,30,0.6255411642634799,0.05496014631664869,10
MDHG,yoochoose1_64,popular,wearec,TC-SACP-G,recall,40,0.7452127088625711,0.03467461775823672,10
MDHG,yoochoose1_64,popular,wearec,TC-SACP-G,recall,50,0.812274142187556,0.02327351016208537,10
MDHG,yoochoose1_64,unpopular,freqrec,CREAT,mrr,10,0.0015865171369393,0.0004380967521039279,10
MDHG,yoochoose1_64,unpopular,freqrec,CREAT,mrr,20,0.007769206091010281,0.0014371240645372357,10
MDHG,yoochoose1_64,unpopular,freqrec,CREAT,mrr,30,0.01175808715710875,0.0015166215903594557,10
MDHG,yoochoose1_64,unpopular,freqrec,CREAT,mrr,40,0.014603866995321079,0.001617441156999678,10
MDHG,yoochoose1_64,unpopular,freqrec,CREAT,mrr,50,0.01670241848770336,0.0015762770978645622,10
MDHG,yoochoose1_64,unpopular,freqrec,CREAT,recall,10,0.01030269419299432,0.0029926977105915733,10
MDHG,yoochoose1_64,unpopular,freqrec,CREAT,recall,20,0.10757987763426238,0.01825107502555401,10
MDHG,yoochoose1_64,unpopular,freqrec,CREAT,recall,30,0.20747611721349596,0.02113015452336378,10
MDHG,yoochoose1_64,unpopular,freqrec,CREAT,recall,40,0.30779634333965433,0.025300530585853475,10
MDHG,yoochoose1_64,unpopular,freqrec,CREAT,recall,50,0.40295538301907047,0.027586724808022055,10
MDHG,yoochoose1_64,unpopular,freqrec,DPSBR,mrr,10,0.00153302330151228,0.00024947818500412527,10
MDHG,yoochoose1_64,unpopular,freqrec,DPSBR,mrr,20,0.00896508386592274,0.0015693758044921478,10
MDHG,yoochoose1_64,unpopular,freqrec,DPSBR,mrr,30,0.01413594460479815,0.0014848794202878361,10
MDHG,yoochoose1_64,unpopular,freqrec,DPSBR,mrr,40,0.01707943026889263,0.0013927483278192861,10
MDHG,yoochoose1_64,unpopular,freqrec,DPSBR,mrr,50,0.019204918295335792,0.0015192688901425196,10
MDHG,yoochoose1_64,unpopular,freqrec,DPSBR,recall,10,0.01024186911875197,0.0019237026806480063,10
MDHG,yoochoose1_64,unpopular,freqrec,DPSBR,recall,20,0.13135532577194173,0.022439034836487768,10
MDHG,yoochoose1_64,unpopular,freqrec,DPSBR,recall,30,0.2596819206411678,0.02163832729199984,10
MDHG,yoochoose1_64,unpopular,freqrec,DPSBR,recall,40,0.3633940391427242,0.02231369514195186,10
MDHG,yoochoose1_64,unpopular,freqrec,DPSBR,recall,50,0.4595978389208916,0.031796236653614286,10
MDHG,yoochoose1_64,unpopular,freqrec,Poisoning-SSL,mrr,10,0.006076556250131279,0.003749819794763185,10
MDHG,yoochoose1_64,unpopular,freqrec,Poisoning-SSL,mrr,20,0.009488809238045718,0.006397951905572128,10
MDHG,yoochoose1_64,unpopular,freqrec,Poisoning-SSL,mrr,30,0.01195126182858094,0.008200824865434405,10
MDHG,yoochoose1_64,unpopular,freqrec,Poisoning-SSL,mrr,40,0.01358811242094025,0.009069534360842147,10
MDHG,yoochoose1_64,unpopular,freqrec,Poisoning-SSL,mrr,50,0.014684360211309842,0.009585132994959741,10
MDHG,yoochoose1_64,unpopular,freqrec,Poisoning-SSL,recall,10,0.027752334609467206,0.017387940159143644,10
MDHG,yoochoose1_64,unpopular,freqrec,Poisoning-SSL,recall,20,0.08055923288847538,0.062301701853269845,10
MDHG,yoochoose1_64,unpopular,freqrec,Poisoning-SSL,recall,30,0.14288346631364268,0.10912547105573546,10
MDHG,yoochoose1_64,unpopular,freqrec,Poisoning-SSL,recall,40,0.20054384772263764,0.1401634138034014,10
MDHG,yoochoose1_64,unpopular,freqrec,Poisoning-SSL,recall,50,0.2501431178217467,0.16619599335390645,10
MDHG,yoochoose1_64,unpopular,freqrec,TC-SACP-C,mrr,10,0.0013738366707613798,0.00013443695261515612,10
MDHG,yoochoose1_64,unpopular,freqrec,TC-SACP-C,mrr,20,0.00799739962295182,0.0013018689414445268,10
MDHG,yoochoose1_64,unpopular,freqrec,TC-SACP-C,mrr,30,0.01283364817004277,0.0016795962517667734,10
MDHG,yoochoose1_64,unpopular,freqrec,TC-SACP-C,mrr,40,0.01590786053467108,0.0015250566955322077,10
MDHG,yoochoose1_64,unpopular,freqrec,TC-SACP-C,mrr,50,0.018299529505834418,0.0013522831927880743,10
MDHG,yoochoose1_64,unpopular,freqrec,TC-SACP-C,recall,10,0.00889477262156064,0.0009341110664184588,10
MDHG,yoochoose1_64,unpopular,freqrec,TC-SACP-C,recall,20,0.11718129450069767,0.01899060637497115,10
MDHG,yoochoose1_64,unpopular,freqrec,TC-SACP-C,recall,30,0.23828580629002824,0.03101431502962369,10
MDHG,yoochoose1_64,unpopular,freqrec,TC-SACP-C,recall,40,0.34637017424594796,0.027507977394024895,10
MDHG,yoochoose1_64,unpopular,freqrec,TC-SACP-C,recall,50,0.45469963147160897,0.02917443622635899,10
MDHG,yoochoose1_64,unpopular,freqrec,TC-SACP-G,mrr,10,0.00459738031914132,0.001838636064339031,10
MDHG,yoochoose1_64,unpopular,freqrec,TC-SACP-G,mrr,20,0.018057707441842978,0.004576341919991956,10
MDHG,yoochoose1_64,unpopular,freqrec,TC-SACP-G,mrr,30,0.027108760965653327,0.005368227126030943,10
MDHG,yoochoose1_64,unpopular,freqrec,TC-SACP-G,mrr,40,0.03106238602704759,0.004857943320772836,10
MDHG,yoochoose1_64,unpopular,freqrec,TC-SACP-G,mrr,50,0.03320342155324417,0.004229878097601588,10
MDHG,yoochoose1_64,unpopular,freqrec,TC-SACP-G,recall,10,0.03083652366810973,0.011375353894722958,10
MDHG,yoochoose1_64,unpopular,freqrec,TC-SACP-G,recall,20,0.243160757093277,0.055516578268744336,10
MDHG,yoochoose1_64,unpopular,freqrec,TC-SACP-G,recall,30,0.46894879959927016,0.07597182882286714,10
MDHG,yoochoose1_64,unpopular,freqrec,TC-SACP-G,recall,40,0.6068750223621596,0.06008292890596784,10
MDHG,yoochoose1_64,unpopular,freqrec,TC-SACP-G,recall,50,0.7034223049125192,0.032020142216772185,10
MDHG,yoochoose1_64,unpopular,mdhg,CREAT,mrr,10,0.3986499126526944,0.5090415463149177,10
MDHG,yoochoose1_64,unpopular,mdhg,CREAT,mrr,20,0.4037680213848297,0.5047132909007579,10
MDHG,yoochoose1_64,unpopular,mdhg,CREAT,mrr,30,0.40476428627785915,0.5038843855637075,10
MDHG,yoochoose1_64,unpopular,mdhg,CREAT,mrr,40,0.405981568208031,0.5028495528714272,10
MDHG,yoochoose1_64,unpopular,mdhg,CREAT,mrr,50,0.407536613920505,0.5015177030245885,10
MDHG,yoochoose1_64,unpopular,mdhg,CREAT,recall,10,0.41200042935346515,0.5007242378201752,10
MDHG,yoochoose1_64,unpopular,mdhg,CREAT,recall,20,0.4827221009696232,0.4409876145203809,10
MDHG,yoochoose1_64,unpopular,mdhg,CREAT,recall,30,0.5079376721886293,0.42004211178471057,10
MDHG,yoochoose1_64,unpopular,mdhg,CREAT,recall,40,0.5515349386382339,0.38360440227636944,10
MDHG,yoochoose1_64,unpopular,mdhg,CREAT,recall,50,0.6222297756628143,0.3241991063223585,10
MDHG,yoochoose1_64,unpopular,mdhg,DPSBR,mrr,10,0.4909196505596666,0.5050708281716372,10
MDHG,yoochoose1_64,unpopular,mdhg,DPSBR,mrr,20,0.49617487212126415,0.4995648168266323,10
MDHG,yoochoose1_64,unpopular,mdhg,DPSBR,mrr,30,0.49752438890159734,0.49814249826223034,10
MDHG,yoochoose1_64,unpopular,mdhg,DPSBR,mrr,40,0.4982814802747361,0.4973445698121252,10
MDHG,yoochoose1_64,unpopular,mdhg,DPSBR,mrr,50,0.49905045951766347,0.4965342627132556,10
MDHG,yoochoose1_64,unpopular,mdhg,DPSBR,recall,10,0.5302908869727003,0.490775191667419,10
MDHG,yoochoose1_64,unpopular,mdhg,DPSBR,recall,20,0.6022558946652832,0.4154604171680773,10
MDHG,yoochoose1_64,unpopular,mdhg,DPSBR,recall,30,0.6361533507460015,0.37973843647104355,10
MDHG,yoochoose1_64,unpopular,mdhg,DPSBR,recall,40,0.6628806039572077,0.3516015554175354,10
MDHG,yoochoose1_64,unpopular,mdhg,DPSBR,recall,50,0.6980893770796809,0.31461068534538267,10
MDHG,yoochoose1_64,unpopular,mdhg,Poisoning-SSL,mrr,10,0.35743776859438875,0.457332529745498,10
MDHG,yoochoose1_64,unpopular,mdhg,Poisoning-SSL,mrr,20,0.35861272085022966,0.4564081522710623,10
MDHG,yoochoose1_64,unpopular,mdhg,Poisoning-SSL,mrr,30,0.35960863621117045,0.45556525526033737,10
MDHG,yoochoose1_64,unpopular,mdhg,Poisoning-SSL,mrr,40,0.3604228736514981,0.4548807401058932,10
MDHG,yoochoose1_64,unpopular,mdhg,Poisoning-SSL,mrr,50,0.36100089033703375,0.45439230337286585,10
MDHG,yoochoose1_64,unpopular,mdhg,Poisoning-SSL,recall,10,0.409485133636266,0.507081474685799,10
MDHG,yoochoose1_64,unpopular,mdhg,Poisoning-SSL,recall,20,0.4274374754016244,0.49388842880211664,10
MDHG,yoochoose1_64,unpopular,mdhg,Poisoning-SSL,recall,30,0.4524455257790976,0.47564388779716393,10
MDHG,yoochoose1_64,unpopular,mdhg,Poisoning-SSL,recall,40,0.48120505205910763,0.4576555062757186,10
MDHG,yoochoose1_64,unpopular,mdhg,Poisoning-SSL,recall,50,0.5073222655551183,0.4431216035524118,10
MDHG,yoochoose1_64,unpopular,mdhg,TC-SACP-C,mrr,10,0.2089050989699492,0.2080476194293144,10
MDHG,yoochoose1_64,unpopular,mdhg,TC-SACP-C,mrr,20,0.21919146435557746,0.20486203571669614,10
MDHG,yoochoose1_64,unpopular,mdhg,TC-SACP-C,mrr,30,0.2245230150507626,0.20134100032343819,10
MDHG,yoochoose1_64,unpopular,mdhg,TC-SACP-C,mrr,40,0.2260418286429687,0.200460139951513,10
MDHG,yoochoose1_64,unpopular,mdhg,TC-SACP-C,mrr,50,0.22677645644687364,0.20008334876379047,10
MDHG,yoochoose1_64,unpopular,mdhg,TC-SACP-C,recall,10,0.3860012880603957,0.3258606566791723,10
MDHG,yoochoose1_64,unpopular,mdhg,TC-SACP-C,recall,20,0.5403377580593223,0.2740774534366882,10
MDHG,yoochoose1_64,unpopular,mdhg,TC-SACP-C,recall,30,0.6717181294500698,0.18650635812797664,10
MDHG,yoochoose1_64,unpopular,mdhg,TC-SACP-C,recall,40,0.7241260868009589,0.15574218146931282,10
MDHG,yoochoose1_64,unpopular,mdhg,TC-SACP-C,recall,50,0.7572131382160363,0.1386508977048556,10
MDHG,yoochoose1_64,unpopular,mdhg,TC-SACP-G,mrr,10,0.43653555483996476,0.4152696947856897,10
MDHG,yoochoose1_64,unpopular,mdhg,TC-SACP-G,mrr,20,0.44761112710501266,0.40579667823332055,10
MDHG,yoochoose1_64,unpopular,mdhg,TC-SACP-G,mrr,30,0.450228217289015,0.4034132540133625,10
MDHG,yoochoose1_64,unpopular,mdhg,TC-SACP-G,mrr,40,0.4511711311362541,0.4025641819189883,10
MDHG,yoochoose1_64,unpopular,mdhg,TC-SACP-G,mrr,50,0.45161307467697487,0.4021355118020398,10
MDHG,yoochoose1_64,unpopular,mdhg,TC-SACP-G,recall,10,0.5924344341479123,0.37323206008703064,10
MDHG,yoochoose1_64,unpopular,mdhg,TC-SACP-G,recall,20,0.7534920748506208,0.23437473608265513,10
MDHG,yoochoose1_64,unpopular,mdhg,TC-SACP-G,recall,30,0.8173208343769007,0.1760830681962873,10
MDHG,yoochoose1_64,unpopular,mdhg,TC-SACP-G,recall,40,0.8501484847400622,0.1462965211630006,10
MDHG,yoochoose1_64,unpopular,mdhg,TC-SACP-G,recall,50,0.8700758524455259,0.12685014990220414,10
MDHG,yoochoose1_64,unpopular,miasrec,CREAT,mrr,10,0.04542206624083414,0.010697908571976033,10
MDHG,yoochoose1_64,unpopular,miasrec,CREAT,mrr,20,0.050205004870420254,0.009461874990661716,10
MDHG,yoochoose1_64,unpopular,miasrec,CREAT,mrr,30,0.05065118899276037,0.009381093143281317,10
MDHG,yoochoose1_64,unpopular,miasrec,CREAT,mrr,40,0.05078541121128708,0.009345929906311487,10
MDHG,yoochoose1_64,unpopular,miasrec,CREAT,mrr,50,0.050883830024203235,0.00933568882706805,10
MDHG,yoochoose1_64,unpopular,miasrec,CREAT,recall,10,0.21850155640631144,0.03752618356379205,10
MDHG,yoochoose1_64,unpopular,miasrec,CREAT,recall,20,0.28407993130344555,0.05102688531589828,10
MDHG,yoochoose1_64,unpopular,miasrec,CREAT,recall,30,0.29484596944434505,0.06050053064871842,10
MDHG,yoochoose1_64,unpopular,miasrec,CREAT,recall,40,0.299524133242692,0.06301305735233179,10
MDHG,yoochoose1_64,unpopular,miasrec,CREAT,recall,50,0.30399298722673435,0.06582121111368569,10
MDHG,yoochoose1_64,unpopular,miasrec,DPSBR,mrr,10,0.02384520316767408,0.00981364891036004,10
MDHG,yoochoose1_64,unpopular,miasrec,DPSBR,mrr,20,0.036705334411693755,0.011979037505512012,10
MDHG,yoochoose1_64,unpopular,miasrec,DPSBR,mrr,30,0.041841537647578406,0.012036492572491642,10
MDHG,yoochoose1_64,unpopular,miasrec,DPSBR,mrr,40,0.04441489469663879,0.011957568137116098,10
MDHG,yoochoose1_64,unpopular,miasrec,DPSBR,mrr,50,0.04604592862684057,0.011758715781828353,10
MDHG,yoochoose1_64,unpopular,miasrec,DPSBR,recall,10,0.13717306522594724,0.050539096157955515,10
MDHG,yoochoose1_64,unpopular,miasrec,DPSBR,recall,20,0.3246395219864754,0.08454580045384719,10
MDHG,yoochoose1_64,unpopular,miasrec,DPSBR,recall,30,0.4520537407420659,0.09028845539700507,10
MDHG,yoochoose1_64,unpopular,miasrec,DPSBR,recall,40,0.5422573258435006,0.08964142341505557,10
MDHG,yoochoose1_64,unpopular,miasrec,DPSBR,recall,50,0.6159397473970446,0.08293984064628063,10
MDHG,yoochoose1_64,unpopular,miasrec,Poisoning-SSL,mrr,10,0.020887774188473485,0.01359987322129971,10
MDHG,yoochoose1_64,unpopular,miasrec,Poisoning-SSL,mrr,20,0.024869904419011567,0.015863988583775038,10
MDHG,yoochoose1_64,unpopular,miasrec,Poisoning-SSL,mrr,30,0.026980977608761926,0.016896511314601036,10
MDHG,yoochoose1_64,unpopular,miasrec,Poisoning-SSL,mrr,40,0.02830461382644544,0.01751342921276702,10
MDHG,yoochoose1_64,unpopular,miasrec,Poisoning-SSL,mrr,50,0.029239838993667576,0.01796372597401238,10
MDHG,yoochoose1_64,unpopular,miasrec,Poisoning-SSL,recall,10,0.07265912912805464,0.04624243833087916,10
MDHG,yoochoose1_64,unpopular,miasrec,Poisoning-SSL,recall,20,0.131298078643243,0.08104634185636468,10
MDHG,yoochoose1_64,unpopular,miasrec,Poisoning-SSL,recall,30,0.18394039142724244,0.10915018127072675,10
MDHG,yoochoose1_64,unpopular,miasrec,Poisoning-SSL,recall,40,0.23062542488103324,0.13452897964759328,10
MDHG,yoochoose1_64,unpopular,miasrec,Poisoning-SSL,recall,50,0.27307417081112023,0.15944920279646274,10
MDHG,yoochoose1_64,unpopular,miasrec,TC-SACP-C,mrr,10,0.03554198349942379,0.008270018297473298,10
MDHG,yoochoose1_64,unpopular,miasrec,TC-SACP-C,mrr,20,0.05149493540405161,0.009403798234039796,10
MDHG,yoochoose1_64,unpopular,miasrec,TC-SACP-C,mrr,30,0.05723269461316742,0.009178284318024654,10
MDHG,yoochoose1_64,unpopular,miasrec,TC-SACP-C,mrr,40,0.060290875992483374,0.008884552368784803,10
MDHG,yoochoose1_64,unpopular,miasrec,TC-SACP-C,mrr,50,0.062337072651833525,0.008632798962057084,10
MDHG,yoochoose1_64,unpopular,miasrec,TC-SACP-C,recall,10,0.19561701670900564,0.036666051264466176,10
MDHG,yoochoose1_64,unpopular,miasrec,TC-SACP-C,recall,20,0.42769150953522483,0.055172126824392036,10
MDHG,yoochoose1_64,unpopular,miasrec,TC-SACP-C,recall,30,0.5699452574331818,0.05491145438876666,10
MDHG,yoochoose1_64,unpopular,miasrec,TC-SACP-C,recall,40,0.6774446312927117,0.05346089623634088,10
MDHG,yoochoose1_64,unpopular,miasrec,TC-SACP-C,recall,50,0.7699524133242692,0.0496709891427794,10
MDHG,yoochoose1_64,unpopular,miasrec,TC-SACP-G,mrr,10,0.05342333641150225,0.01181768611317308,10
MDHG,yoochoose1_64,unpopular,miasrec,TC-SACP-G,mrr,20,0.06419104942900389,0.011491041193259728,10
MDHG,yoochoose1_64,unpopular,miasrec,TC-SACP-G,mrr,30,0.06697971369177846,0.011789725743797419,10
MDHG,yoochoose1_64,unpopular,miasrec,TC-SACP-G,mrr,40,0.06832347261701845,0.011955343005609544,10
MDHG,yoochoose1_64,unpopular,miasrec,TC-SACP-G,mrr,50,0.06922496116712414,0.012019271231126855,10
MDHG,yoochoose1_64,unpopular,miasrec,TC-SACP-G,recall,10,0.22273784393001533,0.04938714095512403,10
MDHG,yoochoose1_64,unpopular,miasrec,TC-SACP-G,recall,20,0.37785967297577727,0.049392416338951965,10
MDHG,yoochoose1_64,unpopular,miasrec,TC-SACP-G,recall,30,0.44655622741421874,0.06449056760271005,10
MDHG,yoochoose1_64,unpopular,miasrec,TC-SACP-G,recall,40,0.49372428351640485,0.07618189018067673,10
MDHG,yoochoose1_64,unpopular,miasrec,TC-SACP-G,recall,50,0.534486028122652,0.08239247202730263,10
MDHG,yoochoose1_64,unpopular,srgnn,CREAT,mrr,10,0.04998287129561961,0.0028516001358013915,10
MDHG,yoochoose1_64,unpopular,srgnn,CREAT,mrr,20,0.054108319353890356,0.003161992041176832,10
MDHG,yoochoose1_64,unpopular,srgnn,CREAT,mrr,30,0.05493097990886968,0.004357645819403216,10
MDHG,yoochoose1_64,unpopular,srgnn,CREAT,mrr,40,0.05527814510008504,0.004991189658397277,10
MDHG,yoochoose1_64,unpopular,srgnn,CREAT,mrr,50,0.05546548951904116,0.005284954395630968,10
MDHG,yoochoose1_64,unpopular,srgnn,CREAT,recall,10,0.222158216751941,0.008346391706372806,10
MDHG,yoochoose1_64,unpopular,srgnn,CREAT,recall,20,0.27913699953486704,0.05428020370120148,10
MDHG,yoochoose1_64,unpopular,srgnn,CREAT,recall,30,0.2993649146659988,0.09273124729435199,10
MDHG,yoochoose1_64,unpopular,srgnn,CREAT,recall,40,0.31155318616050665,0.11790005017883211,10
MDHG,yoochoose1_64,unpopular,srgnn,CREAT,recall,50,0.32003470607177353,0.13268123065733484,10
MDHG,yoochoose1_64,unpopular,srgnn,DPSBR,mrr,10,0.04707391495961725,0.00493850670974012,10
MDHG,yoochoose1_64,unpopular,srgnn,DPSBR,mrr,20,0.05793440450549557,0.004744448118657749,10
MDHG,yoochoose1_64,unpopular,srgnn,DPSBR,mrr,30,0.062242614040587806,0.0048986393331239084,10
MDHG,yoochoose1_64,unpopular,srgnn,DPSBR,mrr,40,0.06463084174060237,0.004882189415920223,10
MDHG,yoochoose1_64,unpopular,srgnn,DPSBR,mrr,50,0.06614912313251431,0.0049015677505346794,10
MDHG,yoochoose1_64,unpopular,srgnn,DPSBR,recall,10,0.20684103187949474,0.019188068985019596,10
MDHG,yoochoose1_64,unpopular,srgnn,DPSBR,recall,20,0.36507567354824855,0.018735984332374916,10
MDHG,yoochoose1_64,unpopular,srgnn,DPSBR,recall,30,0.47245518623206556,0.02233799315151338,10
MDHG,yoochoose1_64,unpopular,srgnn,DPSBR,recall,40,0.5561987906544062,0.024740390590891673,10
MDHG,yoochoose1_64,unpopular,srgnn,DPSBR,recall,50,0.6247558052166446,0.028987261667342435,10
MDHG,yoochoose1_64,unpopular,srgnn,Poisoning-SSL,mrr,10,0.029188791006521414,0.015234469934011877,10
MDHG,yoochoose1_64,unpopular,srgnn,Poisoning-SSL,mrr,20,0.03327338703411255,0.017615607176654974,10
MDHG,yoochoose1_64,unpopular,srgnn,Poisoning-SSL,mrr,30,0.03531035836162084,0.01869557667067135,10
MDHG,yoochoose1_64,unpopular,srgnn,Poisoning-SSL,mrr,40,0.036561534546108894,0.019288887849590697,10
MDHG,yoochoose1_64,unpopular,srgnn,Poisoning-SSL,mrr,50,0.037409116294054454,0.01964742017417686,10
MDHG,yoochoose1_64,unpopular,srgnn,Poisoning-SSL,recall,10,0.0811424380120934,0.047341681439130465,10
MDHG,yoochoose1_64,unpopular,srgnn,Poisoning-SSL,recall,20,0.14218218898708357,0.08463642559169092,10
MDHG,yoochoose1_64,unpopular,srgnn,Poisoning-SSL,recall,30,0.19329314107839277,0.11247601117948892,10
MDHG,yoochoose1_64,unpopular,srgnn,Poisoning-SSL,recall,40,0.23713907474328239,0.13403136541194183,10
MDHG,yoochoose1_64,unpopular,srgnn,Poisoning-SSL,recall,50,0.27536942287738375,0.15082617523826666,10
MDHG,yoochoose1_64,unpopular,srgnn,TC-SACP-C,mrr,10,0.04626519278027378,0.0033054062526716387,10
MDHG,yoochoose1_64,unpopular,srgnn,TC-SACP-C,mrr,20,0.05876943462961278,0.003702356330121239,10
MDHG,yoochoose1_64,unpopular,srgnn,TC-SACP-C,mrr,30,0.06420415659846886,0.003961154678754071,10
MDHG,yoochoose1_64,unpopular,srgnn,TC-SACP-C,mrr,40,0.06701173779045806,0.0040071860243673365,10
MDHG,yoochoose1_64,unpopular,srgnn,TC-SACP-C,mrr,50,0.06869501133343321,0.003901087109694778,10
MDHG,yoochoose1_64,unpopular,srgnn,TC-SACP-C,recall,10,0.21312569322694905,0.015262579028885948,10
MDHG,yoochoose1_64,unpopular,srgnn,TC-SACP-C,recall,20,0.3968156284661347,0.022672053459529287,10
MDHG,yoochoose1_64,unpopular,srgnn,TC-SACP-C,recall,30,0.5321120612544277,0.030472399440133077,10
MDHG,yoochoose1_64,unpopular,srgnn,TC-SACP-C,recall,40,0.6304161150667287,0.03221039058695917,10
MDHG,yoochoose1_64,unpopular,srgnn,TC-SACP-C,recall,50,0.7062936062113134,0.026824128950257438,10
MDHG,yoochoose1_64,unpopular,srgnn,TC-SACP-G,mrr,10,0.052309666075454196,0.006646091761138453,10
MDHG,yoochoose1_64,unpopular,srgnn,TC-SACP-G,mrr,20,0.06240955370091961,0.006375083014290522,10
MDHG,yoochoose1_64,unpopular,srgnn,TC-SACP-G,mrr,30,0.06593533137079048,0.0062724351185542,10
MDHG,yoochoose1_64,unpopular,srgnn,TC-SACP-G,mrr,40,0.06768766911586181,0.006232060295426924,10
MDHG,yoochoose1_64,unpopular,srgnn,TC-SACP-G,mrr,50,0.06879607116005743,0.006220328033154669,10
MDHG,yoochoose1_64,unpopular,srgnn,TC-SACP-G,recall,10,0.22529070807542304,0.02302649432072787,10
MDHG,yoochoose1_64,unpopular,srgnn,TC-SACP-G,recall,20,0.37000071558910874,0.019415775788022463,10
MDHG,yoochoose1_64,unpopular,srgnn,TC-SACP-G,recall,30,0.4575065297506171,0.0185003006538814,10
MDHG,yoochoose1_64,unpopular,srgnn,TC-SACP-G,recall,40,0.5189881570002505,0.017638300208658392,10
MDHG,yoochoose1_64,unpopular,srgnn,TC-SACP-G,recall,50,0.5690454041289492,0.017553850100516147,10
MDHG,yoochoose1_64,unpopular,tron,CREAT,mrr,10,0.32253999910082776,0.06138847668768528,10
MDHG,yoochoose1_64,unpopular,tron,CREAT,mrr,20,0.3271408098021832,0.06138914868838053,10
MDHG,yoochoose1_64,unpopular,tron,CREAT,mrr,30,0.32961708492990754,0.061148762145097006,10
MDHG,yoochoose1_64,unpopular,tron,CREAT,mrr,40,0.3311793071887944,0.060970740300788834,10
MDHG,yoochoose1_64,unpopular,tron,CREAT,mrr,50,0.3323035555034456,0.06083726630349137,10
MDHG,yoochoose1_64,unpopular,tron,CREAT,recall,10,0.3946650413208325,0.08535172465459002,10
MDHG,yoochoose1_64,unpopular,tron,CREAT,recall,20,0.4636824839108689,0.10904838074938333,10
MDHG,yoochoose1_64,unpopular,tron,CREAT,recall,30,0.5256422207482566,0.1272159031187573,10
MDHG,yoochoose1_64,unpopular,tron,CREAT,recall,40,0.5806213362493949,0.14065161729427572,10
MDHG,yoochoose1_64,unpopular,tron,CREAT,recall,50,0.6315095996988329,0.15198111821069016,10
MDHG,yoochoose1_64,unpopular,tron,DPSBR,mrr,10,0.08962972376803628,0.025695604454693155,10
MDHG,yoochoose1_64,unpopular,tron,DPSBR,mrr,20,0.09979977108368207,0.026419761613715127,10
MDHG,yoochoose1_64,unpopular,tron,DPSBR,mrr,30,0.10452517946545745,0.026368062370514495,10
MDHG,yoochoose1_64,unpopular,tron,DPSBR,mrr,40,0.10702844065788808,0.02610747797036265,10
MDHG,yoochoose1_64,unpopular,tron,DPSBR,mrr,50,0.10860743172646789,0.025834457876516732,10
MDHG,yoochoose1_64,unpopular,tron,DPSBR,recall,10,0.26814083143610057,0.050337254780259584,10
MDHG,yoochoose1_64,unpopular,tron,DPSBR,recall,20,0.4184733700231253,0.06020952960737707,10
MDHG,yoochoose1_64,unpopular,tron,DPSBR,recall,30,0.5362709069071222,0.059342334905335185,10
MDHG,yoochoose1_64,unpopular,tron,DPSBR,recall,40,0.6240575085599556,0.05093333958565843,10
MDHG,yoochoose1_64,unpopular,tron,DPSBR,recall,50,0.6953946542853557,0.03891437321734558,10
MDHG,yoochoose1_64,unpopular,tron,Poisoning-SSL,mrr,10,0.055199265635061966,0.05501949253468613,10
MDHG,yoochoose1_64,unpopular,tron,Poisoning-SSL,mrr,20,0.062367687171827134,0.05689072417056383,10
MDHG,yoochoose1_64,unpopular,tron,Poisoning-SSL,mrr,30,0.06585938560017866,0.0572935413954198,10
MDHG,yoochoose1_64,unpopular,tron,Poisoning-SSL,mrr,40,0.0678080020085889,0.05745448879330997,10
MDHG,yoochoose1_64,unpopular,tron,Poisoning-SSL,mrr,50,0.0690652785930704,0.05751540523574649,10
MDHG,yoochoose1_64,unpopular,tron,Poisoning-SSL,recall,10,0.1590233583708298,0.11790385817925231,10
MDHG,yoochoose1_64,unpopular,tron,Poisoning-SSL,recall,20,0.26518114837853823,0.15837645057608163,10
MDHG,yoochoose1_64,unpopular,tron,Poisoning-SSL,recall,30,0.3521323700769051,0.19140860674277424,10
MDHG,yoochoose1_64,unpopular,tron,Poisoning-SSL,recall,40,0.4204524675976552,0.21973355194005137,10
MDHG,yoochoose1_64,unpopular,tron,Poisoning-SSL,recall,50,0.47724396321459944,0.2425962635921623,10
MDHG,yoochoose1_64,unpopular,tron,TC-SACP-C,mrr,10,0.04014200363710963,0.01840161318840855,10
MDHG,yoochoose1_64,unpopular,tron,TC-SACP-C,mrr,20,0.05097762641781236,0.019998546764419377,10
MDHG,yoochoose1_64,unpopular,tron,TC-SACP-C,mrr,30,0.05503844744597138,0.01984279585963847,10
MDHG,yoochoose1_64,unpopular,tron,TC-SACP-C,mrr,40,0.05699451160333354,0.01962377584865667,10
MDHG,yoochoose1_64,unpopular,tron,TC-SACP-C,mrr,50,0.058117172799281046,0.019519571935884567,10
MDHG,yoochoose1_64,unpopular,tron,TC-SACP-C,recall,10,0.16921284262230424,0.0688918409042039,10
MDHG,yoochoose1_64,unpopular,tron,TC-SACP-C,recall,20,0.3295233314809171,0.10029942288477126,10
MDHG,yoochoose1_64,unpopular,tron,TC-SACP-C,recall,30,0.4298639370417511,0.10311508516840749,10
MDHG,yoochoose1_64,unpopular,tron,TC-SACP-C,recall,40,0.4984170804725453,0.09827057361926937,10
MDHG,yoochoose1_64,unpopular,tron,TC-SACP-C,recall,50,0.5490507860817812,0.095412120628378,10
MDHG,yoochoose1_64,unpopular,tron,TC-SACP-G,mrr,10,0.19471588175154417,0.06492513066261088,10
MDHG,yoochoose1_64,unpopular,tron,TC-SACP-G,mrr,20,0.20169730257960766,0.0646427201054252,10
MDHG,yoochoose1_64,unpopular,tron,TC-SACP-G,mrr,30,0.20410659882053905,0.0645427839602848,10
MDHG,yoochoose1_64,unpopular,tron,TC-SACP-G,mrr,40,0.20546069046915058,0.06449354219416982,10
MDHG,yoochoose1_64,unpopular,tron,TC-SACP-G,mrr,50,0.20639980779781758,0.06445736940944335,10
MDHG,yoochoose1_64,unpopular,tron,TC-SACP-G,recall,10,0.45377624007314055,0.07569526126746622,10
MDHG,yoochoose1_64,unpopular,tron,TC-SACP-G,recall,20,0.5540863703995841,0.07409982213091301,10
MDHG,yoochoose1_64,unpopular,tron,TC-SACP-G,recall,30,0.6142301417994729,0.07439394308579873,10
MDHG,yoochoose1_64,unpopular,tron,TC-SACP-G,recall,40,0.6617571661617339,0.07504691715342861,10
MDHG,yoochoose1_64,unpopular,tron,TC-SACP-G,recall,50,0.7042414355628059,0.07590291525598834,10
MDHG,yoochoose1_64,unpopular,wearec,CREAT,mrr,10,0.00871178342411657,0.0023314989688861254,10
MDHG,yoochoose1_64,unpopular,wearec,CREAT,mrr,20,0.01800266459768382,0.0028524623858730467,10
MDHG,yoochoose1_64,unpopular,wearec,CREAT,mrr,30,0.02304816892086598,0.003232599611297787,10
MDHG,yoochoose1_64,unpopular,wearec,CREAT,mrr,40,0.026160513028025974,0.0033079491878904447,10
MDHG,yoochoose1_64,unpopular,wearec,CREAT,mrr,50,0.02817370379885939,0.003308008256538173,10
MDHG,yoochoose1_64,unpopular,wearec,CREAT,recall,10,0.02904755089627532,0.008446410751926871,10
MDHG,yoochoose1_64,unpopular,wearec,CREAT,recall,20,0.16869297649289774,0.030469134327005046,10
MDHG,yoochoose1_64,unpopular,wearec,CREAT,recall,30,0.29565279616444234,0.046282105330983835,10
MDHG,yoochoose1_64,unpopular,wearec,CREAT,recall,40,0.4050162796522237,0.05196767513662658,10
MDHG,yoochoose1_64,unpopular,wearec,CREAT,recall,50,0.4965061361766073,0.05876867986521783,10
MDHG,yoochoose1_64,unpopular,wearec,DPSBR,mrr,10,0.00679027900592175,0.003721503832234699,10
MDHG,yoochoose1_64,unpopular,wearec,DPSBR,mrr,20,0.01956910428937434,0.004300067552034658,10
MDHG,yoochoose1_64,unpopular,wearec,DPSBR,mrr,30,0.02568470254332907,0.003992026249633086,10
MDHG,yoochoose1_64,unpopular,wearec,DPSBR,mrr,40,0.02952419233855442,0.003809542771671568,10
MDHG,yoochoose1_64,unpopular,wearec,DPSBR,mrr,50,0.03237209007735694,0.0036976243961928225,10
MDHG,yoochoose1_64,unpopular,wearec,DPSBR,recall,10,0.03155747969515899,0.013222330984323719,10
MDHG,yoochoose1_64,unpopular,wearec,DPSBR,recall,20,0.22668431786468207,0.030228647480312332,10
MDHG,yoochoose1_64,unpopular,wearec,DPSBR,recall,30,0.3787291137428888,0.030858653672850463,10
MDHG,yoochoose1_64,unpopular,wearec,DPSBR,recall,40,0.5142777916920105,0.037653044516417086,10
MDHG,yoochoose1_64,unpopular,wearec,DPSBR,recall,50,0.6434362589001396,0.05746060967611311,10
MDHG,yoochoose1_64,unpopular,wearec,Poisoning-SSL,mrr,10,0.01197277268630439,0.012988019495741012,10
MDHG,yoochoose1_64,unpopular,wearec,Poisoning-SSL,mrr,20,0.016586591938386724,0.016473500344913797,10
MDHG,yoochoose1_64,unpopular,wearec,Poisoning-SSL,mrr,30,0.019369673845532596,0.01746639726731114,10
MDHG,yoochoose1_64,unpopular,wearec,Poisoning-SSL,mrr,40,0.020933995522229857,0.017797011864499748,10
MDHG,yoochoose1_64,unpopular,wearec,Poisoning-SSL,mrr,50,0.022183603364690725,0.01799791034020443,10
MDHG,yoochoose1_64,unpopular,wearec,Poisoning-SSL,recall,10,0.05010376042076634,0.049439264451277734,10
MDHG,yoochoose1_64,unpopular,wearec,Poisoning-SSL,recall,20,0.12003828401731723,0.10423823869186702,10
MDHG,yoochoose1_64,unpopular,wearec,Poisoning-SSL,recall,30,0.1897044616980929,0.1355494658169772,10
MDHG,yoochoose1_64,unpopular,wearec,Poisoning-SSL,recall,40,0.24478872231564636,0.1577876456594434,10
MDHG,yoochoose1_64,unpopular,wearec,Poisoning-SSL,recall,50,0.3011968227843572,0.17994982584334535,10
MDHG,yoochoose1_64,unpopular,wearec,TC-SACP-C,mrr,10,0.00498440683058195,0.0021359722048153356,10
MDHG,yoochoose1_64,unpopular,wearec,TC-SACP-C,mrr,20,0.018260826604576362,0.0037650170262704405,10
MDHG,yoochoose1_64,unpopular,wearec,TC-SACP-C,mrr,30,0.02527981281963204,0.0038401448368547675,10
MDHG,yoochoose1_64,unpopular,wearec,TC-SACP-C,mrr,40,0.03015552863692711,0.003932856081671102,10
MDHG,yoochoose1_64,unpopular,wearec,TC-SACP-C,mrr,50,0.033427155531947576,0.003800639396859816,10
MDHG,yoochoose1_64,unpopular,wearec,TC-SACP-C,recall,10,0.02829439335933303,0.007004793395561094,10
MDHG,yoochoose1_64,unpopular,wearec,TC-SACP-C,recall,20,0.2299134137178432,0.045382068089856786,10
MDHG,yoochoose1_64,unpopular,wearec,TC-SACP-C,recall,30,0.4059232888475437,0.05219892158178896,10
MDHG,yoochoose1_64,unpopular,wearec,TC-SACP-C,recall,40,0.5781351747826398,0.061021078439187346,10
MDHG,yoochoose1_64,unpopular,wearec,TC-SACP-C,recall,50,0.725723639486207,0.06589397735149488,10
MDHG,yoochoose1_64,unpopular,wearec,TC-SACP-G,mrr,10,0.01437224874445337,0.005814059818365634,10
MDHG,yoochoose1_64,unpopular,wearec,TC-SACP-G,mrr,20,0.032812455558545686,0.00825066173703258,10
MDHG,yoochoose1_64,unpopular,wearec,TC-SACP-G,mrr,30,0.04149923066861632,0.008662278679770976,10
MDHG,yoochoose1_64,unpopular,wearec,TC-SACP-G,mrr,40,0.045574189432738,0.0077267537600453785,10
MDHG,yoochoose1_64,unpopular,wearec,TC-SACP-G,mrr,50,0.047407246157680424,0.007214471298753361,10
MDHG,yoochoose1_64,unpopular,wearec,TC-SACP-G,recall,10,0.07352856989516615,0.03060157540267328,10
MDHG,yoochoose1_64,unpopular,wearec,TC-SACP-G,recall,20,0.3547944470285162,0.06812732884973774,10
MDHG,yoochoose1_64,unpopular,wearec,TC-SACP-G,recall,30,0.570354932197932,0.07846730923252916,10
MDHG,yoochoose1_64,unpopular,wearec,TC-SACP-G,recall,40,0.7128412465562274,0.04665675149418799,10
MDHG,yoochoose1_64,unpopular,wearec,TC-SACP-G,recall,50,0.795105370496261,0.02446444201916632,10
FreqRec,diginetica,popular,freqrec,CREAT,mrr,10,0.00074755989352257,0.00012039357192940603,10
FreqRec,diginetica,popular,freqrec,CREAT,mrr,20,0.00145574286428851,0.00021292811974422455,10
FreqRec,diginetica,popular,freqrec,CREAT,mrr,30,0.0021627264099022903,0.000285612763557885,10
FreqRec,diginetica,popular,freqrec,CREAT,mrr,40,0.00296655535800273,0.00038927492354783077,10
FreqRec,diginetica,popular,freqrec,CREAT,mrr,50,0.0038586646036418695,0.0005189145592412984,10
FreqRec,diginetica,popular,freqrec,CREAT,recall,10,0.00432646488547107,0.0007001456976359338,10
FreqRec,diginetica,popular,freqrec,CREAT,recall,20,0.015230536659108049,0.0022019620501877537,10
FreqRec,diginetica,popular,freqrec,CREAT,recall,30,0.03329061093036242,0.0040831353075194005,10
FreqRec,diginetica,popular,freqrec,CREAT,recall,40,0.06193433895297244,0.007915134587393052,10
FreqRec,diginetica,popular,freqrec,CREAT,recall,50,0.10258141904104634,0.013916012403996083,10
FreqRec,diginetica,popular,freqrec,DPSBR,mrr,10,0.0008398323289134301,0.00013470307565860266,10
FreqRec,diginetica,popular,freqrec,DPSBR,mrr,20,0.00155849302129853,0.00023553758693607235,10
FreqRec,diginetica,popular,freqrec,DPSBR,mrr,30,0.0023455551268398,0.00031713190444644873,10
FreqRec,diginetica,popular,freqrec,DPSBR,mrr,40,0.0033400789405951302,0.00044289202016432893,10
FreqRec,diginetica,popular,freqrec,DPSBR,mrr,50,0.00447898291668998,0.0005722350166835691,10
FreqRec,diginetica,popular,freqrec,DPSBR,recall,10,0.00475204574583451,0.0007004348640255892,10
FreqRec,diginetica,popular,freqrec,DPSBR,recall,20,0.01582372079266483,0.0022461857160351673,10
FreqRec,diginetica,popular,freqrec,DPSBR,recall,30,0.03597719280949089,0.004437120133524316,10
FreqRec,diginetica,popular,freqrec,DPSBR,recall,40,0.07143514410595153,0.009066219682355606,10
FreqRec,diginetica,popular,freqrec,DPSBR,recall,50,0.12329028229649344,0.015068841038742177,10
FreqRec,diginetica,popular,freqrec,Poisoning-SSL,mrr,10,0.00618810794005505,0.005091088894403008,10
FreqRec,diginetica,popular,freqrec,Poisoning-SSL,mrr,20,0.00730832984846711,0.005410169384586798,10
FreqRec,diginetica,popular,freqrec,Poisoning-SSL,mrr,30,0.00804234832021306,0.005599883119166128,10
FreqRec,diginetica,popular,freqrec,Poisoning-SSL,mrr,40,0.00860805050146328,0.005678048717129003,10
FreqRec,diginetica,popular,freqrec,Poisoning-SSL,mrr,50,0.00906964053315831,0.005707668689211062,10
FreqRec,diginetica,popular,freqrec,Poisoning-SSL,recall,10,0.02107200368069929,0.014223271910117463,10
FreqRec,diginetica,popular,freqrec,Poisoning-SSL,recall,20,0.03785533537086328,0.02109002544963413,10
FreqRec,diginetica,popular,freqrec,Poisoning-SSL,recall,30,0.05636235170396657,0.02732031636824087,10
FreqRec,diginetica,popular,freqrec,Poisoning-SSL,recall,40,0.07638601334253504,0.03209245985649769,10
FreqRec,diginetica,popular,freqrec,Poisoning-SSL,recall,50,0.0973429951690821,0.0357516482000103,10
FreqRec,diginetica,popular,freqrec,TC-SACP-C,mrr,10,0.00116100281842662,0.00012127524366407009,10
FreqRec,diginetica,popular,freqrec,TC-SACP-C,mrr,20,0.00220951513465119,0.00020906753733088867,10
FreqRec,diginetica,popular,freqrec,TC-SACP-C,mrr,30,0.0033186562002809903,0.00033623248513307667,10
FreqRec,diginetica,popular,freqrec,TC-SACP-C,mrr,40,0.0045893967474898295,0.00046482423467263535,10
FreqRec,diginetica,popular,freqrec,TC-SACP-C,mrr,50,0.0060003935269353,0.0005621157277565294,10
FreqRec,diginetica,popular,freqrec,TC-SACP-C,recall,10,0.006562818364060551,0.0005735788260884058,10
FreqRec,diginetica,popular,freqrec,TC-SACP-C,recall,20,0.022867987774820027,0.002148779281227627,10
FreqRec,diginetica,popular,freqrec,TC-SACP-C,recall,30,0.05125045187156983,0.005530761454926,10
FreqRec,diginetica,popular,freqrec,TC-SACP-C,recall,40,0.0965904236090571,0.010343077916163077,10
FreqRec,diginetica,popular,freqrec,TC-SACP-C,recall,50,0.16075782970192903,0.014908745905706438,10
FreqRec,diginetica,popular,freqrec,TC-SACP-G,mrr,10,0.00107170308503735,0.00012837625551984498,10
FreqRec,diginetica,popular,freqrec,TC-SACP-G,mrr,20,0.0020038627220605202,0.0002017113688099084,10
FreqRec,diginetica,popular,freqrec,TC-SACP-G,mrr,30,0.00303992712483397,0.0002376256687510688,10
FreqRec,diginetica,popular,freqrec,TC-SACP-G,mrr,40,0.00428955596828917,0.000278596951661965,10
FreqRec,diginetica,popular,freqrec,TC-SACP-G,mrr,50,0.00572155875107054,0.0003167312794857891,10
FreqRec,diginetica,popular,freqrec,TC-SACP-G,recall,10,0.00594662985967329,0.0006996913581168272,10
FreqRec,diginetica,popular,freqrec,TC-SACP-G,recall,20,0.02045581517631202,0.0018818007888294719,10
FreqRec,diginetica,popular,freqrec,TC-SACP-G,recall,30,0.04703736567090601,0.0030392187817993347,10
FreqRec,diginetica,popular,freqrec,TC-SACP-G,recall,40,0.09154096421177163,0.005283203272778624,10
FreqRec,diginetica,popular,freqrec,TC-SACP-G,recall,50,0.15680600742712542,0.006853014125561999,10
FreqRec,diginetica,popular,mdhg,CREAT,mrr,10,0.08669661929644193,0.2740573889117634,10
FreqRec,diginetica,popular,mdhg,CREAT,mrr,20,0.08676495171935475,0.27419798940929163,10
FreqRec,diginetica,popular,mdhg,CREAT,mrr,30,0.08678996303050363,0.27421863667990376,10
FreqRec,diginetica,popular,mdhg,CREAT,mrr,40,0.0868181616549541,0.2742224759378065,10
FreqRec,diginetica,popular,mdhg,CREAT,mrr,50,0.08685836025139211,0.2742161781082716,10
FreqRec,diginetica,popular,mdhg,CREAT,recall,10,0.09289493575207859,0.2933266165324496,10
FreqRec,diginetica,popular,mdhg,CREAT,recall,20,0.09386111932695777,0.2952217467480462,10
FreqRec,diginetica,popular,mdhg,CREAT,recall,30,0.09449373952479537,0.295727365653283,10
FreqRec,diginetica,popular,mdhg,CREAT,recall,40,0.09550428867199048,0.29585220406745705,10
FreqRec,diginetica,popular,mdhg,CREAT,recall,50,0.09734792467711718,0.2955584696501384,10
FreqRec,diginetica,popular,mdhg,DPSBR,mrr,10,0.10014878572393601,0.31609293661203725,10
FreqRec,diginetica,popular,mdhg,DPSBR,mrr,20,0.10022331523285295,0.3160667544056964,10
FreqRec,diginetica,popular,mdhg,DPSBR,mrr,30,0.10029379366546631,0.3160419962294947,10
FreqRec,diginetica,popular,mdhg,DPSBR,mrr,40,0.10036903338652521,0.3160155664251628,10
FreqRec,diginetica,popular,mdhg,DPSBR,mrr,50,0.1004485063729423,0.3159876504121249,10
FreqRec,diginetica,popular,mdhg,DPSBR,recall,10,0.10072792401984942,0.31591436991010985,10
FreqRec,diginetica,popular,mdhg,DPSBR,recall,20,0.10186335403726703,0.3155158579286442,10
FreqRec,diginetica,popular,mdhg,DPSBR,recall,30,0.1036560517926977,0.3148872071594616,10
FreqRec,diginetica,popular,mdhg,DPSBR,recall,40,0.10632948831706593,0.31395162361741014,10
FreqRec,diginetica,popular,mdhg,DPSBR,recall,50,0.10995760623089812,0.3126846218536333,10
FreqRec,diginetica,popular,mdhg,Poisoning-SSL,mrr,10,0.5983284599017125,0.5145200449467893,10
FreqRec,diginetica,popular,mdhg,Poisoning-SSL,mrr,20,0.5984762444084797,0.5143424963044243,10
FreqRec,diginetica,popular,mdhg,Poisoning-SSL,mrr,30,0.598585420785288,0.514204897647795,10
FreqRec,diginetica,popular,mdhg,Poisoning-SSL,mrr,40,0.5986834708209627,0.5140808992874927,10
FreqRec,diginetica,popular,mdhg,Poisoning-SSL,mrr,50,0.5987653895179302,0.5139753620557604,10
FreqRec,diginetica,popular,mdhg,Poisoning-SSL,recall,10,0.6006030431496269,0.514643834328451,10
FreqRec,diginetica,popular,mdhg,Poisoning-SSL,recall,20,0.6028344671201814,0.511929180812313,10
FreqRec,diginetica,popular,mdhg,Poisoning-SSL,recall,30,0.6056130664826317,0.5084347995345353,10
FreqRec,diginetica,popular,mdhg,Poisoning-SSL,recall,40,0.6090982286634461,0.5040638163084227,10
FreqRec,diginetica,popular,mdhg,Poisoning-SSL,recall,50,0.6128249367379802,0.4993122442859627,10
FreqRec,diginetica,popular,mdhg,TC-SACP-C,mrr,10,0.2496571429353857,0.32223315749558706,10
FreqRec,diginetica,popular,mdhg,TC-SACP-C,mrr,20,0.25058627599970573,0.3233116342338591,10
FreqRec,diginetica,popular,mdhg,TC-SACP-C,mrr,30,0.2508097348887491,0.32354124803043643,10
FreqRec,diginetica,popular,mdhg,TC-SACP-C,mrr,40,0.25091914002880283,0.32363041302951184,10
FreqRec,diginetica,popular,mdhg,TC-SACP-C,mrr,50,0.25098635125273444,0.3236656709773123,10
FreqRec,diginetica,popular,mdhg,TC-SACP-C,recall,10,0.3104768477439285,0.39982077967933516,10
FreqRec,diginetica,popular,mdhg,TC-SACP-C,recall,20,0.3235909822866344,0.41510134454146796,10
FreqRec,diginetica,popular,mdhg,TC-SACP-C,recall,30,0.32912353347135953,0.42079177970135223,10
FreqRec,diginetica,popular,mdhg,TC-SACP-C,recall,40,0.33296033389201085,0.4239115247594487,10
FreqRec,diginetica,popular,mdhg,TC-SACP-C,recall,50,0.3360067698577015,0.4255077163389436,10
FreqRec,diginetica,popular,mdhg,TC-SACP-G,mrr,10,0.3001548687107693,0.4828556392563449,10
FreqRec,diginetica,popular,mdhg,TC-SACP-G,mrr,20,0.30024092006292646,0.4827965976184497,10
FreqRec,diginetica,popular,mdhg,TC-SACP-G,mrr,30,0.3003019859426757,0.48275447491277323,10
FreqRec,diginetica,popular,mdhg,TC-SACP-G,mrr,40,0.3003592521399895,0.482714967763197,10
FreqRec,diginetica,popular,mdhg,TC-SACP-G,mrr,50,0.3004291883128458,0.48266671420420976,10
FreqRec,diginetica,popular,mdhg,TC-SACP-G,recall,10,0.3009875447763646,0.4822953318262163,10
FreqRec,diginetica,popular,mdhg,TC-SACP-G,recall,20,0.30225278517203974,0.4814322599163012,10
FreqRec,diginetica,popular,mdhg,TC-SACP-G,recall,30,0.3038121528804758,0.4803608607363636,10
FreqRec,diginetica,popular,mdhg,TC-SACP-G,recall,40,0.3058529692070064,0.47895687902517997,10
FreqRec,diginetica,popular,mdhg,TC-SACP-G,recall,50,0.3090407177363699,0.47676239461182635,10
FreqRec,diginetica,popular,miasrec,CREAT,mrr,10,0.09378350239719883,0.015912553613710547,10
FreqRec,diginetica,popular,miasrec,CREAT,mrr,20,0.09823063744215305,0.014899202725822834,10
FreqRec,diginetica,popular,miasrec,CREAT,mrr,30,0.09884530338760067,0.01472845581861575,10
FreqRec,diginetica,popular,miasrec,CREAT,mrr,40,0.09899789471756706,0.014691695443412756,10
FreqRec,diginetica,popular,miasrec,CREAT,mrr,50,0.09905034863230318,0.014695546500606175,10
FreqRec,diginetica,popular,miasrec,CREAT,recall,10,0.2954944296559203,0.042233204934020184,10
FreqRec,diginetica,popular,miasrec,CREAT,recall,20,0.35775082980051925,0.08425060789024795,10
FreqRec,diginetica,popular,miasrec,CREAT,recall,30,0.3726034375102698,0.09566762241483741,10
FreqRec,diginetica,popular,miasrec,CREAT,recall,40,0.37783857504354396,0.09983146579931663,10
FreqRec,diginetica,popular,miasrec,CREAT,recall,50,0.3802096684084261,0.10161045323275618,10
FreqRec,diginetica,popular,miasrec,DPSBR,mrr,10,0.03607711706720812,0.011144134469833736,10
FreqRec,diginetica,popular,miasrec,DPSBR,mrr,20,0.0545499883905808,0.01381963169417753,10
FreqRec,diginetica,popular,miasrec,DPSBR,mrr,30,0.06241384083298325,0.013533125243911875,10
FreqRec,diginetica,popular,miasrec,DPSBR,mrr,40,0.06551500495935031,0.013056661314732968,10
FreqRec,diginetica,popular,miasrec,DPSBR,mrr,50,0.06693237700454373,0.012754638224089381,10
FreqRec,diginetica,popular,miasrec,DPSBR,recall,10,0.18001248808702222,0.05519971531499315,10
FreqRec,diginetica,popular,miasrec,DPSBR,recall,20,0.45448420914259424,0.0953136581707581,10
FreqRec,diginetica,popular,miasrec,DPSBR,recall,30,0.6489763054980446,0.09401478322732086,10
FreqRec,diginetica,popular,miasrec,DPSBR,recall,40,0.7568060074271254,0.08227530117384614,10
FreqRec,diginetica,popular,miasrec,DPSBR,recall,50,0.8204689605310722,0.07017390605953851,10
FreqRec,diginetica,popular,miasrec,Poisoning-SSL,mrr,10,0.04733236738449687,0.023573239932049798,10
FreqRec,diginetica,popular,miasrec,Poisoning-SSL,mrr,20,0.05304122577414311,0.025606559233048075,10
FreqRec,diginetica,popular,miasrec,Poisoning-SSL,mrr,30,0.05603640790285802,0.026436700050387264,10
FreqRec,diginetica,popular,miasrec,Poisoning-SSL,mrr,40,0.058046244408942085,0.02679912622837013,10
FreqRec,diginetica,popular,miasrec,Poisoning-SSL,mrr,50,0.05950907306630955,0.02694951453970877,10
FreqRec,diginetica,popular,miasrec,Poisoning-SSL,recall,10,0.13678563212724698,0.06648449994748107,10
FreqRec,diginetica,popular,miasrec,Poisoning-SSL,recall,20,0.221308620066384,0.09799143227668683,10
FreqRec,diginetica,popular,miasrec,Poisoning-SSL,recall,30,0.2965427716980512,0.12095766426367416,10
FreqRec,diginetica,popular,miasrec,Poisoning-SSL,recall,40,0.3673436524368201,0.1363349502012332,10
FreqRec,diginetica,popular,miasrec,Poisoning-SSL,recall,50,0.433517368299977,0.14529656113022607,10
FreqRec,diginetica,popular,miasrec,TC-SACP-C,mrr,10,0.0667200338075585,0.013927545030434472,10
FreqRec,diginetica,popular,miasrec,TC-SACP-C,mrr,20,0.08832671641025372,0.015465564779050195,10
FreqRec,diginetica,popular,miasrec,TC-SACP-C,mrr,30,0.09654113517149135,0.014694414198660402,10
FreqRec,diginetica,popular,miasrec,TC-SACP-C,mrr,40,0.09950096778455456,0.013957697249544878,10
FreqRec,diginetica,popular,miasrec,TC-SACP-C,mrr,50,0.10045474185377827,0.01351892131883701,10
FreqRec,diginetica,popular,miasrec,TC-SACP-C,recall,10,0.27741135101383546,0.06446093981512932,10
FreqRec,diginetica,popular,miasrec,TC-SACP-C,recall,20,0.5955486542443065,0.08848474075099165,10
FreqRec,diginetica,popular,miasrec,TC-SACP-C,recall,30,0.7984094120740084,0.07221205403134796,10
FreqRec,diginetica,popular,miasrec,TC-SACP-C,recall,40,0.9008429458740018,0.046609877253242456,10
FreqRec,diginetica,popular,miasrec,TC-SACP-C,recall,50,0.9433780275395183,0.025929087829123003,10
FreqRec,diginetica,popular,miasrec,TC-SACP-G,mrr,10,0.05949088614818748,0.014668942951590476,10
FreqRec,diginetica,popular,miasrec,TC-SACP-G,mrr,20,0.08068643363620878,0.015140374184500293,10
FreqRec,diginetica,popular,miasrec,TC-SACP-G,mrr,30,0.08747741288462059,0.014060513399076291,10
FreqRec,diginetica,popular,miasrec,TC-SACP-G,mrr,40,0.08996667705721006,0.013469848339615877,10
FreqRec,diginetica,popular,miasrec,TC-SACP-G,mrr,50,0.091149554393917,0.013187995752051582,10
FreqRec,diginetica,popular,miasrec,TC-SACP-G,recall,10,0.25869072266587795,0.06382640335422333,10
FreqRec,diginetica,popular,miasrec,TC-SACP-G,recall,20,0.5687025534851622,0.07915862747042347,10
FreqRec,diginetica,popular,miasrec,TC-SACP-G,recall,30,0.7358621709553387,0.06975165740952478,10
FreqRec,diginetica,popular,miasrec,TC-SACP-G,recall,40,0.8225212790430183,0.058398863196768694,10
FreqRec,diginetica,popular,miasrec,TC-SACP-G,recall,50,0.8757024548950015,0.04447400950585607,10
FreqRec,diginetica,popular,srgnn,CREAT,mrr,10,0.0481522906302311,0.006532944793025124,10
FreqRec,diginetica,popular,srgnn,CREAT,mrr,20,0.05306536495344718,0.006128974640428279,10
FreqRec,diginetica,popular,srgnn,CREAT,mrr,30,0.055018511671524925,0.00557773683889371,10
FreqRec,diginetica,popular,srgnn,CREAT,mrr,40,0.0560765861954979,0.005232922245519032,10
FreqRec,diginetica,popular,srgnn,CREAT,mrr,50,0.056716486203472416,0.00500903999590837,10
FreqRec,diginetica,popular,srgnn,CREAT,recall,10,0.13249203062867654,0.023042082996992,10
FreqRec,diginetica,popular,srgnn,CREAT,recall,20,0.20413092773341215,0.01632193010421272,10
FreqRec,diginetica,popular,srgnn,CREAT,recall,30,0.2528311807814913,0.01878951640417213,10
FreqRec,diginetica,popular,srgnn,CREAT,recall,40,0.2898895790200138,0.037032813002065214,10
FreqRec,diginetica,popular,srgnn,CREAT,recall,50,0.31878471195241376,0.054200810440355476,10
FreqRec,diginetica,popular,srgnn,DPSBR,mrr,10,0.05462106232723922,0.002683472152398538,10
FreqRec,diginetica,popular,srgnn,DPSBR,mrr,20,0.06175139341271278,0.003086848683340879,10
FreqRec,diginetica,popular,srgnn,DPSBR,mrr,30,0.06508416880446974,0.0032347909610700217,10
FreqRec,diginetica,popular,srgnn,DPSBR,mrr,40,0.06698018659506352,0.0032775102545212036,10
FreqRec,diginetica,popular,srgnn,DPSBR,mrr,50,0.0681856556611859,0.003301712634151293,10
FreqRec,diginetica,popular,srgnn,DPSBR,recall,10,0.15184363600512665,0.007749228945263144,10
FreqRec,diginetica,popular,srgnn,DPSBR,recall,20,0.2565546025173354,0.013517975588032641,10
FreqRec,diginetica,popular,srgnn,DPSBR,recall,30,0.33990929705215417,0.0177438786328336,10
FreqRec,diginetica,popular,srgnn,DPSBR,recall,40,0.40643793749383816,0.020059630583609593,10
FreqRec,diginetica,popular,srgnn,DPSBR,recall,50,0.46082848598376547,0.02188069106839992,10
FreqRec,diginetica,popular,srgnn,Poisoning-SSL,mrr,10,0.0424302350723281,0.014149238175138884,10
FreqRec,diginetica,popular,srgnn,Poisoning-SSL,mrr,20,0.04472323191914264,0.014548204213995391,10
FreqRec,diginetica,popular,srgnn,Poisoning-SSL,mrr,30,0.04587336538935356,0.014704152504824465,10
FreqRec,diginetica,popular,srgnn,Poisoning-SSL,mrr,40,0.046611683609229806,0.014795091655058091,10
FreqRec,diginetica,popular,srgnn,Poisoning-SSL,mrr,50,0.04713044126984319,0.014846832159731054,10
FreqRec,diginetica,popular,srgnn,Poisoning-SSL,recall,10,0.08145354760261589,0.02445404351760783,10
FreqRec,diginetica,popular,srgnn,Poisoning-SSL,recall,20,0.11525518419928356,0.030601975988699955,10
FreqRec,diginetica,popular,srgnn,Poisoning-SSL,recall,30,0.1440977357126425,0.03525673929161114,10
FreqRec,diginetica,popular,srgnn,Poisoning-SSL,recall,40,0.1700861020736797,0.039504618008213296,10
FreqRec,diginetica,popular,srgnn,Poisoning-SSL,recall,50,0.1935637056755069,0.04285962559928375,10
FreqRec,diginetica,popular,srgnn,TC-SACP-C,mrr,10,0.05488055593374556,0.004803383222168187,10
FreqRec,diginetica,popular,srgnn,TC-SACP-C,mrr,20,0.06341298281728149,0.005189114164860966,10
FreqRec,diginetica,popular,srgnn,TC-SACP-C,mrr,30,0.0673428289552627,0.005236750879573558,10
FreqRec,diginetica,popular,srgnn,TC-SACP-C,mrr,40,0.06961042598616955,0.005206388972003759,10
FreqRec,diginetica,popular,srgnn,TC-SACP-C,mrr,50,0.07102626083607876,0.005198461389133743,10
FreqRec,diginetica,popular,srgnn,TC-SACP-C,recall,10,0.16181603076013013,0.012985436891622295,10
FreqRec,diginetica,popular,srgnn,TC-SACP-C,recall,20,0.28760228729172826,0.019017496240278473,10
FreqRec,diginetica,popular,srgnn,TC-SACP-C,recall,30,0.38568142232738506,0.021343519282529932,10
FreqRec,diginetica,popular,srgnn,TC-SACP-C,recall,40,0.4652634000460087,0.02160787056786974,10
FreqRec,diginetica,popular,srgnn,TC-SACP-C,recall,50,0.5292237668014066,0.02278651820699152,10
FreqRec,diginetica,popular,srgnn,TC-SACP-G,mrr,10,0.052065116975400096,0.002707132994849312,10
FreqRec,diginetica,popular,srgnn,TC-SACP-G,mrr,20,0.05883138736959655,0.002758041587566023,10
FreqRec,diginetica,popular,srgnn,TC-SACP-G,mrr,30,0.06198862263622797,0.0028455893721894476,10
FreqRec,diginetica,popular,srgnn,TC-SACP-G,mrr,40,0.06388291305566483,0.002911376111844632,10
FreqRec,diginetica,popular,srgnn,TC-SACP-G,mrr,50,0.06509873852709383,0.0029349603230645303,10
FreqRec,diginetica,popular,srgnn,TC-SACP-G,recall,10,0.14425547996976565,0.006921544952309078,10
FreqRec,diginetica,popular,srgnn,TC-SACP-G,recall,20,0.24391041440730882,0.00902942594926923,10
FreqRec,diginetica,popular,srgnn,TC-SACP-G,recall,30,0.32290249433106577,0.012325463774665509,10
FreqRec,diginetica,popular,srgnn,TC-SACP-G,recall,40,0.3893752670150185,0.015946868334845824,10
FreqRec,diginetica,popular,srgnn,TC-SACP-G,recall,50,0.44427684117125105,0.018615944066461772,10
FreqRec,diginetica,popular,tron,CREAT,mrr,10,0.0035012300296239397,0.0083891547733713,10
FreqRec,diginetica,popular,tron,CREAT,mrr,20,0.003956349710448383,0.009096321998526365,10
FreqRec,diginetica,popular,tron,CREAT,mrr,30,0.004235107879875322,0.009414062889682882,10
FreqRec,diginetica,popular,tron,CREAT,mrr,40,0.004443291507934653,0.009605278094681409,10
FreqRec,diginetica,popular,tron,CREAT,mrr,50,0.004610263558135187,0.009732614135680074,10
FreqRec,diginetica,popular,tron,CREAT,recall,10,0.00966347891813726,0.021214457409566397,10
FreqRec,diginetica,popular,tron,CREAT,recall,20,0.01648427486936798,0.03183196523531291,10
FreqRec,diginetica,popular,tron,CREAT,recall,30,0.02355154622235362,0.04031903734362793,10
FreqRec,diginetica,popular,tron,CREAT,recall,40,0.030911301718755103,0.04774840635308173,10
FreqRec,diginetica,popular,tron,CREAT,recall,50,0.03848795556870086,0.054427371363058176,10
FreqRec,diginetica,popular,tron,DPSBR,mrr,10,0.06648460806759629,0.00959373954655132,10
FreqRec,diginetica,popular,tron,DPSBR,mrr,20,0.07534016225037102,0.010127329628099537,10
FreqRec,diginetica,popular,tron,DPSBR,mrr,30,0.07922112014527494,0.010324719882473962,10
FreqRec,diginetica,popular,tron,DPSBR,mrr,40,0.08143554389689983,0.010364325069886049,10
FreqRec,diginetica,popular,tron,DPSBR,mrr,50,0.0827878133666694,0.010343079488234295,10
FreqRec,diginetica,popular,tron,DPSBR,recall,10,0.21985934470406518,0.03144016158158479,10
FreqRec,diginetica,popular,tron,DPSBR,recall,20,0.34958592132505173,0.04908924497875637,10
FreqRec,diginetica,popular,tron,DPSBR,recall,30,0.44651483781918566,0.062055973116560754,10
FreqRec,diginetica,popular,tron,DPSBR,recall,40,0.5241578757106706,0.06967498568793325,10
FreqRec,diginetica,popular,tron,DPSBR,recall,50,0.5851687534917349,0.07340906850160868,10
FreqRec,diginetica,popular,tron,Poisoning-SSL,mrr,10,0.04095119487101661,0.02934931944889653,10
FreqRec,diginetica,popular,tron,Poisoning-SSL,mrr,20,0.04917298204706103,0.03226877698989453,10
FreqRec,diginetica,popular,tron,Poisoning-SSL,mrr,30,0.052976290467331176,0.032990553672912946,10
FreqRec,diginetica,popular,tron,Poisoning-SSL,mrr,40,0.05511550470821623,0.033133872104180895,10
FreqRec,diginetica,popular,tron,Poisoning-SSL,mrr,50,0.05645248987573098,0.03308277219909016,10
FreqRec,diginetica,popular,tron,Poisoning-SSL,recall,10,0.15389266817838243,0.09783392017518767,10
FreqRec,diginetica,popular,tron,Poisoning-SSL,recall,20,0.2749876762299122,0.14199089707088774,10
FreqRec,diginetica,popular,tron,Poisoning-SSL,recall,30,0.3699661507114923,0.16268394957555843,10
FreqRec,diginetica,popular,tron,Poisoning-SSL,recall,40,0.44499983568306545,0.17052962102653446,10
FreqRec,diginetica,popular,tron,Poisoning-SSL,recall,50,0.5053452298793915,0.17128103510111828,10
FreqRec,diginetica,popular,tron,TC-SACP-C,mrr,10,0.0038913555990603603,0.0031494035128311997,10
FreqRec,diginetica,popular,tron,TC-SACP-C,mrr,20,0.007153302166556361,0.005367465663193361,10
FreqRec,diginetica,popular,tron,TC-SACP-C,mrr,30,0.009885776932374241,0.007024175264417594,10
FreqRec,diginetica,popular,tron,TC-SACP-C,mrr,40,0.01212397034907691,0.008136298687444176,10
FreqRec,diginetica,popular,tron,TC-SACP-C,mrr,50,0.01385983204589299,0.008778854175574224,10
FreqRec,diginetica,popular,tron,TC-SACP-C,recall,10,0.020965197673272158,0.01806748769277149,10
FreqRec,diginetica,popular,tron,TC-SACP-C,recall,20,0.07106050149528406,0.05400746235290351,10
FreqRec,diginetica,popular,tron,TC-SACP-C,recall,30,0.14033652108186268,0.09931455961279544,10
FreqRec,diginetica,popular,tron,TC-SACP-C,recall,40,0.2193844687633507,0.14265604036079352,10
FreqRec,diginetica,popular,tron,TC-SACP-C,recall,50,0.2979657563508495,0.17674866411963788,10
FreqRec,diginetica,popular,tron,TC-SACP-G,mrr,10,0.03304208939154224,0.04800633305004409,10
FreqRec,diginetica,popular,tron,TC-SACP-G,mrr,20,0.040546868266487866,0.04773972867469598,10
FreqRec,diginetica,popular,tron,TC-SACP-G,mrr,30,0.044660290123168724,0.04725336193127892,10
FreqRec,diginetica,popular,tron,TC-SACP-G,mrr,40,0.04726651260410872,0.046841479054509305,10
FreqRec,diginetica,popular,tron,TC-SACP-G,mrr,50,0.048966098393337085,0.04653388478103818,10
FreqRec,diginetica,popular,tron,TC-SACP-G,recall,10,0.11228762036215449,0.08438773150731632,10
FreqRec,diginetica,popular,tron,TC-SACP-G,recall,20,0.22416444838805086,0.09923077251144527,10
FreqRec,diginetica,popular,tron,TC-SACP-G,recall,30,0.327339051562654,0.11009493613581098,10
FreqRec,diginetica,popular,tron,TC-SACP-G,recall,40,0.41893916987084684,0.11660572339070897,10
FreqRec,diginetica,popular,tron,TC-SACP-G,recall,50,0.4956948963160143,0.11869944684958057,10
FreqRec,diginetica,popular,wearec,CREAT,mrr,10,0.004577807850384931,0.0009018186995245451,10
FreqRec,diginetica,popular,wearec,CREAT,mrr,20,0.00718607093855636,0.0008174764171047109,10
FreqRec,diginetica,popular,wearec,CREAT,mrr,30,0.0101837905589754,0.0014701598486161192,10
FreqRec,diginetica,popular,wearec,CREAT,mrr,40,0.013220756841760089,0.0022810078347414403,10
FreqRec,diginetica,popular,wearec,CREAT,mrr,50,0.01578093026972616,0.002925223886074038,10
FreqRec,diginetica,popular,wearec,CREAT,recall,10,0.01780045351473917,0.0030855829889550124,10
FreqRec,diginetica,popular,wearec,CREAT,recall,20,0.05808603634690586,0.014045427782545892,10
FreqRec,diginetica,popular,wearec,CREAT,recall,30,0.13508495185513816,0.037870384993561004,10
FreqRec,diginetica,popular,wearec,CREAT,recall,40,0.24255151335896677,0.0703585955338066,10
FreqRec,diginetica,popular,wearec,CREAT,recall,50,0.35849518551381904,0.102415684421923,10
FreqRec,diginetica,popular,wearec,DPSBR,mrr,10,0.00393225225831451,0.0009892884741836468,10
FreqRec,diginetica,popular,wearec,DPSBR,mrr,20,0.005968828171327311,0.0009643233072321722,10
FreqRec,diginetica,popular,wearec,DPSBR,mrr,30,0.00824898345467503,0.0011310022461940255,10
FreqRec,diginetica,popular,wearec,DPSBR,mrr,40,0.01103526374913317,0.0016291438111435198,10
FreqRec,diginetica,popular,wearec,DPSBR,mrr,50,0.013945239536959392,0.002062073932238885,10
FreqRec,diginetica,popular,wearec,DPSBR,recall,10,0.014712938315422742,0.0021812477359606525,10
FreqRec,diginetica,popular,wearec,DPSBR,recall,20,0.04615005422458835,0.007953841888482397,10
FreqRec,diginetica,popular,wearec,DPSBR,recall,30,0.10475861842321466,0.022946344891448586,10
FreqRec,diginetica,popular,wearec,DPSBR,recall,40,0.20403726708074532,0.047725458822299206,10
FreqRec,diginetica,popular,wearec,DPSBR,recall,50,0.3362976108317723,0.0693021874773239,10
FreqRec,diginetica,popular,wearec,Poisoning-SSL,mrr,10,0.010342647104083471,0.009070529095101296,10
FreqRec,diginetica,popular,wearec,Poisoning-SSL,mrr,20,0.01202967649516023,0.00943223288484185,10
FreqRec,diginetica,popular,wearec,Poisoning-SSL,mrr,30,0.01309512145732769,0.009573390941791418,10
FreqRec,diginetica,popular,wearec,Poisoning-SSL,mrr,40,0.013897627741858482,0.009625395318793466,10
FreqRec,diginetica,popular,wearec,Poisoning-SSL,mrr,50,0.014539141550175012,0.009632243303792384,10
FreqRec,diginetica,popular,wearec,Poisoning-SSL,recall,10,0.030903085872029928,0.019506171268923168,10
FreqRec,diginetica,popular,wearec,Poisoning-SSL,recall,20,0.05621610963225866,0.026254807774047647,10
FreqRec,diginetica,popular,wearec,Poisoning-SSL,recall,30,0.08306713989943798,0.03134872762312719,10
FreqRec,diginetica,popular,wearec,Poisoning-SSL,recall,40,0.11137566137566135,0.03534529572948143,10
FreqRec,diginetica,popular,wearec,Poisoning-SSL,recall,50,0.14043675441190967,0.03788507786485888,10
FreqRec,diginetica,popular,wearec,TC-SACP-C,mrr,10,0.00290119153251357,0.0010454395493453609,10
FreqRec,diginetica,popular,wearec,TC-SACP-C,mrr,20,0.004986740542955901,0.001058483169703482,10
FreqRec,diginetica,popular,wearec,TC-SACP-C,mrr,30,0.00727699182457332,0.0010811694318693704,10
FreqRec,diginetica,popular,wearec,TC-SACP-C,mrr,40,0.01012404060697275,0.001354366898889641,10
FreqRec,diginetica,popular,wearec,TC-SACP-C,mrr,50,0.012972251959271642,0.0016407277757023097,10
FreqRec,diginetica,popular,wearec,TC-SACP-C,recall,10,0.01387985145749115,0.002351946908605546,10
FreqRec,diginetica,popular,wearec,TC-SACP-C,recall,20,0.04608104111209696,0.007110678935908689,10
FreqRec,diginetica,popular,wearec,TC-SACP-C,recall,30,0.10490486049492256,0.015796222679937723,10
FreqRec,diginetica,popular,wearec,TC-SACP-C,recall,40,0.20625061618850435,0.03373408745803375,10
FreqRec,diginetica,popular,wearec,TC-SACP-C,recall,50,0.3356436294324493,0.04988294455521529,10
FreqRec,diginetica,popular,wearec,TC-SACP-G,mrr,10,0.00272520613950658,0.001316523638436174,10
FreqRec,diginetica,popular,wearec,TC-SACP-G,mrr,20,0.0047391930364646,0.0013662010414275908,10
FreqRec,diginetica,popular,wearec,TC-SACP-G,mrr,30,0.0072065414649873,0.0017127575147398834,10
FreqRec,diginetica,popular,wearec,TC-SACP-G,mrr,40,0.01028296611258067,0.002242046605824376,10
FreqRec,diginetica,popular,wearec,TC-SACP-G,mrr,50,0.013370752479309328,0.002610219640574371,10
FreqRec,diginetica,popular,wearec,TC-SACP-G,recall,10,0.0123385586118505,0.001991490666244005,10
FreqRec,diginetica,popular,wearec,TC-SACP-G,recall,20,0.04366886851358895,0.007769166935776793,10
FreqRec,diginetica,popular,wearec,TC-SACP-G,recall,30,0.10712149594137166,0.027182099111829745,10
FreqRec,diginetica,popular,wearec,TC-SACP-G,recall,40,0.21659108087679516,0.05170518393108055,10
FreqRec,diginetica,popular,wearec,TC-SACP-G,recall,50,0.356833941305991,0.0690635688183683,10
FreqRec,diginetica,unpopular,freqrec,CREAT,mrr,10,0.00072261371383915,0.00009519949505002888,10
FreqRec,diginetica,unpopular,freqrec,CREAT,mrr,20,0.00138758245482833,0.0001595500085436754,10
FreqRec,diginetica,unpopular,freqrec,CREAT,mrr,30,0.0020732682193333298,0.00020023951320636334,10
FreqRec,diginetica,unpopular,freqrec,CREAT,mrr,40,0.00284797792250215,0.0002703366325017946,10
FreqRec,diginetica,unpopular,freqrec,CREAT,mrr,50,0.00369675486732313,0.0003442229203132438,10
FreqRec,diginetica,unpopular,freqrec,CREAT,recall,10,0.004176936475073089,0.00056486161981007,10
FreqRec,diginetica,unpopular,freqrec,CREAT,recall,20,0.01445496072825261,0.0016771966868728988,10
FreqRec,diginetica,unpopular,freqrec,CREAT,recall,30,0.03193663939005549,0.002841022427072255,10
FreqRec,diginetica,unpopular,freqrec,CREAT,recall,40,0.05953859804791477,0.005591151548526787,10
FreqRec,diginetica,unpopular,freqrec,CREAT,recall,50,0.09821880442998451,0.009226711510897734,10
FreqRec,diginetica,unpopular,freqrec,DPSBR,mrr,10,0.00075002464754011,0.00021558906905964754,10
FreqRec,diginetica,unpopular,freqrec,DPSBR,mrr,20,0.00141065187054918,0.0003447158205323503,10
FreqRec,diginetica,unpopular,freqrec,DPSBR,mrr,30,0.0021638239468334797,0.0005068391022492727,10
FreqRec,diginetica,unpopular,freqrec,DPSBR,mrr,40,0.00309143072733735,0.0007318410202617181,10
FreqRec,diginetica,unpopular,freqrec,DPSBR,mrr,50,0.0041866516270200205,0.0009635027252520149,10
FreqRec,diginetica,unpopular,freqrec,DPSBR,recall,10,0.00425745177297968,0.0010949106997746863,10
FreqRec,diginetica,unpopular,freqrec,DPSBR,recall,20,0.0144352426961122,0.0031272471774197587,10
FreqRec,diginetica,unpopular,freqrec,DPSBR,recall,30,0.03373755299221135,0.0072675646210840165,10
FreqRec,diginetica,unpopular,freqrec,DPSBR,recall,40,0.06680797923033943,0.01534093892482843,10
FreqRec,diginetica,unpopular,freqrec,DPSBR,recall,50,0.11679812021426925,0.02593878402458724,10
FreqRec,diginetica,unpopular,freqrec,Poisoning-SSL,mrr,10,0.00461868625220193,0.0007532247089168198,10
FreqRec,diginetica,unpopular,freqrec,Poisoning-SSL,mrr,20,0.00554286726206631,0.0007640150613368581,10
FreqRec,diginetica,unpopular,freqrec,Poisoning-SSL,mrr,30,0.00615215186322756,0.0007830522885946433,10
FreqRec,diginetica,unpopular,freqrec,Poisoning-SSL,mrr,40,0.006629661636779941,0.00078296123435756,10
FreqRec,diginetica,unpopular,freqrec,Poisoning-SSL,mrr,50,0.00703295598251623,0.0007712001749331996,10
FreqRec,diginetica,unpopular,freqrec,Poisoning-SSL,recall,10,0.01657957869137989,0.002075285225567028,10
FreqRec,diginetica,unpopular,freqrec,Poisoning-SSL,recall,20,0.030438068947385676,0.0036626765226524683,10
FreqRec,diginetica,unpopular,freqrec,Poisoning-SSL,recall,30,0.045854283742482446,0.005871281135767741,10
FreqRec,diginetica,unpopular,freqrec,Poisoning-SSL,recall,40,0.06273620559334842,0.007908067229664587,10
FreqRec,diginetica,unpopular,freqrec,Poisoning-SSL,recall,50,0.08103453941963254,0.010352321003969699,10
FreqRec,diginetica,unpopular,freqrec,TC-SACP-C,mrr,10,0.00089579137383037,0.00012392198852668142,10
FreqRec,diginetica,unpopular,freqrec,TC-SACP-C,mrr,20,0.00177075747067507,0.0002121791852128291,10
FreqRec,diginetica,unpopular,freqrec,TC-SACP-C,mrr,30,0.00269342893769962,0.000292153290349222,10
FreqRec,diginetica,unpopular,freqrec,TC-SACP-C,mrr,40,0.0037281812625546704,0.0003581855523338738,10
FreqRec,diginetica,unpopular,freqrec,TC-SACP-C,mrr,50,0.00490987029433021,0.00040982313182769895,10
FreqRec,diginetica,unpopular,freqrec,TC-SACP-C,recall,10,0.005064247921390741,0.0007020605411102318,10
FreqRec,diginetica,unpopular,freqrec,TC-SACP-C,recall,20,0.018543166058693973,0.0020870658512079834,10
FreqRec,diginetica,unpopular,freqrec,TC-SACP-C,recall,30,0.042135791514673435,0.004224568537904535,10
FreqRec,diginetica,unpopular,freqrec,TC-SACP-C,recall,40,0.07899865260113703,0.0067298748279765765,10
FreqRec,diginetica,unpopular,freqrec,TC-SACP-C,recall,50,0.1327713694173321,0.009208959802231423,10
FreqRec,diginetica,unpopular,freqrec,TC-SACP-G,mrr,10,0.00107622506099283,0.000188850029109095,10
FreqRec,diginetica,unpopular,freqrec,TC-SACP-G,mrr,20,0.00201000686385873,0.000362430076852012,10
FreqRec,diginetica,unpopular,freqrec,TC-SACP-G,mrr,30,0.00305802972373812,0.0005656769419447857,10
FreqRec,diginetica,unpopular,freqrec,TC-SACP-G,mrr,40,0.00431013499433337,0.000748432646006952,10
FreqRec,diginetica,unpopular,freqrec,TC-SACP-G,mrr,50,0.0056873776023416995,0.0009101512121389483,10
FreqRec,diginetica,unpopular,freqrec,TC-SACP-G,recall,10,0.00598113641591899,0.0010070362776328256,10
FreqRec,diginetica,unpopular,freqrec,TC-SACP-G,recall,20,0.02048867856321268,0.0037282804745165333,10
FreqRec,diginetica,unpopular,freqrec,TC-SACP-G,recall,30,0.04737257221729267,0.008986779423644177,10
FreqRec,diginetica,unpopular,freqrec,TC-SACP-G,recall,40,0.09184659370994772,0.015433554901497757,10
FreqRec,diginetica,unpopular,freqrec,TC-SACP-G,recall,50,0.1545647244405008,0.022823941278234415,10
FreqRec,diginetica,unpopular,mdhg,CREAT,mrr,10,0.19984128940280968,0.421286214279847,10
FreqRec,diginetica,unpopular,mdhg,CREAT,mrr,20,0.19985057317441035,0.42128132129122026,10
FreqRec,diginetica,unpopular,mdhg,CREAT,mrr,30,0.1998636227498991,0.4212744436420768,10
FreqRec,diginetica,unpopular,mdhg,CREAT,mrr,40,0.19988355661802312,0.4212639378819954,10
FreqRec,diginetica,unpopular,mdhg,CREAT,mrr,50,0.1999036639491959,0.42125334069230935,10
FreqRec,diginetica,unpopular,mdhg,CREAT,recall,10,0.20002300437083048,0.4216248978949963,10
FreqRec,diginetica,unpopular,mdhg,CREAT,recall,20,0.20016431693450323,0.42155042548802696,10
FreqRec,diginetica,unpopular,mdhg,CREAT,recall,30,0.20049623714219983,0.42137557174698,10
FreqRec,diginetica,unpopular,mdhg,CREAT,recall,40,0.20121101580728906,0.4209992552662914,10
FreqRec,diginetica,unpopular,mdhg,CREAT,recall,50,0.20213119064050736,0.4205147909227956,10
FreqRec,diginetica,unpopular,mdhg,DPSBR,mrr,10,0.2995231646450467,0.48204216991274723,10
FreqRec,diginetica,unpopular,mdhg,DPSBR,mrr,20,0.299568242351735,0.4820138746798253,10
FreqRec,diginetica,unpopular,mdhg,DPSBR,mrr,30,0.29961144320219224,0.4819850024030234,10
FreqRec,diginetica,unpopular,mdhg,DPSBR,mrr,40,0.29965503352169104,0.4819556412106016,10
FreqRec,diginetica,unpopular,mdhg,DPSBR,mrr,50,0.29970950007450703,0.48191848336817683,10
FreqRec,diginetica,unpopular,mdhg,DPSBR,recall,10,0.29993920273423375,0.48188718120348434,10
FreqRec,diginetica,unpopular,mdhg,DPSBR,recall,20,0.30064412238325283,0.48144234218115844,10
FreqRec,diginetica,unpopular,mdhg,DPSBR,recall,30,0.30174833218311475,0.48070345727241837,10
FreqRec,diginetica,unpopular,mdhg,DPSBR,recall,40,0.30330112721417063,0.47965972552230013,10
FreqRec,diginetica,unpopular,mdhg,DPSBR,recall,50,0.30578066975582496,0.47797411303026655,10
FreqRec,diginetica,unpopular,mdhg,Poisoning-SSL,mrr,10,0.5977937113040144,0.5140250849235884,10
FreqRec,diginetica,unpopular,mdhg,Poisoning-SSL,mrr,20,0.5978917948242937,0.5139128144583935,10
FreqRec,diginetica,unpopular,mdhg,Poisoning-SSL,mrr,30,0.5979690314312027,0.5138159102305851,10
FreqRec,diginetica,unpopular,mdhg,Poisoning-SSL,mrr,40,0.5980381893764641,0.5137271963125886,10
FreqRec,diginetica,unpopular,mdhg,Poisoning-SSL,mrr,50,0.5980927084574204,0.5136571263803015,10
FreqRec,diginetica,unpopular,mdhg,Poisoning-SSL,recall,10,0.6007607874067501,0.5149386664081859,10
FreqRec,diginetica,unpopular,mdhg,Poisoning-SSL,recall,20,0.6022527851720398,0.5132009825840759,10
FreqRec,diginetica,unpopular,mdhg,Poisoning-SSL,recall,30,0.604219658878044,0.5107284942477,10
FreqRec,diginetica,unpopular,mdhg,Poisoning-SSL,recall,40,0.6066663380327977,0.507600030214851,10
FreqRec,diginetica,unpopular,mdhg,Poisoning-SSL,recall,50,0.6091343783890367,0.5044397863088212,10
FreqRec,diginetica,unpopular,mdhg,TC-SACP-C,mrr,10,0.1722147399332389,0.2834956162781316,10
FreqRec,diginetica,unpopular,mdhg,TC-SACP-C,mrr,20,0.17293411653563545,0.2845724434886215,10
FreqRec,diginetica,unpopular,mdhg,TC-SACP-C,mrr,30,0.17310396847483417,0.28480938561123825,10
FreqRec,diginetica,unpopular,mdhg,TC-SACP-C,mrr,40,0.17318030696827008,0.28490030322911314,10
FreqRec,diginetica,unpopular,mdhg,TC-SACP-C,mrr,50,0.17322838954624126,0.28494039758816553,10
FreqRec,diginetica,unpopular,mdhg,TC-SACP-C,recall,10,0.2168178382464097,0.35358337714769145,10
FreqRec,diginetica,unpopular,mdhg,TC-SACP-C,recall,20,0.22693483190377597,0.3690507623484059,10
FreqRec,diginetica,unpopular,mdhg,TC-SACP-C,recall,30,0.2311282000722994,0.3750621325167287,10
FreqRec,diginetica,unpopular,mdhg,TC-SACP-C,recall,40,0.23379342074994244,0.3783281260824037,10
FreqRec,diginetica,unpopular,mdhg,TC-SACP-C,recall,50,0.23597226330145582,0.3802053225347037,10
FreqRec,diginetica,unpopular,mdhg,TC-SACP-G,mrr,10,0.40004989301141813,0.5163000408742537,10
FreqRec,diginetica,unpopular,mdhg,TC-SACP-G,mrr,20,0.4000921929797624,0.5162642778068532,10
FreqRec,diginetica,unpopular,mdhg,TC-SACP-G,mrr,30,0.4001328247785055,0.5162293077877117,10
FreqRec,diginetica,unpopular,mdhg,TC-SACP-G,mrr,40,0.40017312794766385,0.5161946217974009,10
FreqRec,diginetica,unpopular,mdhg,TC-SACP-G,mrr,50,0.4002135493098439,0.5161598335711685,10
FreqRec,diginetica,unpopular,mdhg,TC-SACP-G,recall,10,0.4003286338690065,0.516083139431374,10
FreqRec,diginetica,unpopular,mdhg,TC-SACP-G,recall,20,0.40098261526832946,0.5155274064977194,10
FreqRec,diginetica,unpopular,mdhg,TC-SACP-G,recall,30,0.40201452561701007,0.5146394852284241,10
FreqRec,diginetica,unpopular,mdhg,TC-SACP-G,recall,40,0.4034588714712938,0.5133972602103123,10
FreqRec,diginetica,unpopular,mdhg,TC-SACP-G,recall,50,0.40530415064576547,0.5118102468262059,10
FreqRec,diginetica,unpopular,miasrec,CREAT,mrr,10,0.10276729670473675,0.018325233793012385,10
FreqRec,diginetica,unpopular,miasrec,CREAT,mrr,20,0.10493795942812074,0.0179535224406559,10
FreqRec,diginetica,unpopular,miasrec,CREAT,mrr,30,0.10522546057630185,0.017858942339043924,10
FreqRec,diginetica,unpopular,miasrec,CREAT,mrr,40,0.1053209506347419,0.017878123448148816,10
FreqRec,diginetica,unpopular,miasrec,CREAT,mrr,50,0.10538926013017003,0.01792410518745511,10
FreqRec,diginetica,unpopular,miasrec,CREAT,recall,10,0.28991751289887935,0.05138937384389195,10
FreqRec,diginetica,unpopular,miasrec,CREAT,recall,20,0.3195044201255381,0.08105405940600964,10
FreqRec,diginetica,unpopular,miasrec,CREAT,recall,30,0.32653225541424297,0.08959137998123165,10
FreqRec,diginetica,unpopular,miasrec,CREAT,recall,40,0.32987939137007455,0.093908268328896,10
FreqRec,diginetica,unpopular,miasrec,CREAT,recall,50,0.3329784087548063,0.09818296591632701,10
FreqRec,diginetica,unpopular,miasrec,DPSBR,mrr,10,0.05013798775395438,0.014200095503404299,10
FreqRec,diginetica,unpopular,miasrec,DPSBR,mrr,20,0.07007653776248338,0.015334212363685339,10
FreqRec,diginetica,unpopular,miasrec,DPSBR,mrr,30,0.07759542081387606,0.015074784098288023,10
FreqRec,diginetica,unpopular,miasrec,DPSBR,mrr,40,0.08054328231652805,0.014922589394509017,10
FreqRec,diginetica,unpopular,miasrec,DPSBR,mrr,50,0.0818338816263074,0.014800257685364762,10
FreqRec,diginetica,unpopular,miasrec,DPSBR,recall,10,0.2279864602845969,0.052719545578270806,10
FreqRec,diginetica,unpopular,miasrec,DPSBR,recall,20,0.5214137829044662,0.07431339563110112,10
FreqRec,diginetica,unpopular,miasrec,DPSBR,recall,30,0.7072332314568339,0.08649257665922395,10
FreqRec,diginetica,unpopular,miasrec,DPSBR,recall,40,0.809691412797003,0.08564420143747122,10
FreqRec,diginetica,unpopular,miasrec,DPSBR,recall,50,0.867637779749581,0.07619687908515559,10
FreqRec,diginetica,unpopular,miasrec,Poisoning-SSL,mrr,10,0.04108419573641892,0.010189764164609297,10
FreqRec,diginetica,unpopular,miasrec,Poisoning-SSL,mrr,20,0.04601741428196879,0.010713889877210394,10
FreqRec,diginetica,unpopular,miasrec,Poisoning-SSL,mrr,30,0.04867004106663841,0.010874342090277904,10
FreqRec,diginetica,unpopular,miasrec,Poisoning-SSL,mrr,40,0.05050110911475001,0.010942964139627974,10
FreqRec,diginetica,unpopular,miasrec,Poisoning-SSL,mrr,50,0.051863811540949524,0.01098150039279175,10
FreqRec,diginetica,unpopular,miasrec,Poisoning-SSL,recall,10,0.1201682605409313,0.026006636169433713,10
FreqRec,diginetica,unpopular,miasrec,Poisoning-SSL,recall,20,0.19333694830589238,0.040125255196480684,10
FreqRec,diginetica,unpopular,miasrec,Poisoning-SSL,recall,30,0.26006934174636037,0.05171908804565565,10
FreqRec,diginetica,unpopular,miasrec,Poisoning-SSL,recall,40,0.3245440205067534,0.06327823621355187,10
FreqRec,diginetica,unpopular,miasrec,Poisoning-SSL,recall,50,0.3862729632915968,0.07309536007649768,10
FreqRec,diginetica,unpopular,miasrec,TC-SACP-C,mrr,10,0.05684212389809895,0.007642395648717771,10
FreqRec,diginetica,unpopular,miasrec,TC-SACP-C,mrr,20,0.078259603731864,0.009064864137607927,10
FreqRec,diginetica,unpopular,miasrec,TC-SACP-C,mrr,30,0.08708209089946405,0.008650028674740667,10
FreqRec,diginetica,unpopular,miasrec,TC-SACP-C,mrr,40,0.09034352572574703,0.008043215981680271,10
FreqRec,diginetica,unpopular,miasrec,TC-SACP-C,mrr,50,0.09142627343575313,0.007699106920578139,10
FreqRec,diginetica,unpopular,miasrec,TC-SACP-C,recall,10,0.23544316277235527,0.044428732036066544,10
FreqRec,diginetica,unpopular,miasrec,TC-SACP-C,recall,20,0.5524696835255842,0.07744718108738777,10
FreqRec,diginetica,unpopular,miasrec,TC-SACP-C,recall,30,0.7706349206349207,0.07307133413701865,10
FreqRec,diginetica,unpopular,miasrec,TC-SACP-C,recall,40,0.8835798087350882,0.05017829682901718,10
FreqRec,diginetica,unpopular,miasrec,TC-SACP-C,recall,50,0.9318889874790497,0.029733731800254726,10
FreqRec,diginetica,unpopular,miasrec,TC-SACP-G,mrr,10,0.06060112481462208,0.020860397854776693,10
FreqRec,diginetica,unpopular,miasrec,TC-SACP-G,mrr,20,0.08050832752959204,0.020084749581314055,10
FreqRec,diginetica,unpopular,miasrec,TC-SACP-G,mrr,30,0.08752745418208732,0.019001195796487937,10
FreqRec,diginetica,unpopular,miasrec,TC-SACP-G,mrr,40,0.09039610728080365,0.018721506251823318,10
FreqRec,diginetica,unpopular,miasrec,TC-SACP-G,mrr,50,0.0917095008337471,0.018593614844580855,10
FreqRec,diginetica,unpopular,miasrec,TC-SACP-G,recall,10,0.25827171448289454,0.08365033682959129,10
FreqRec,diginetica,unpopular,miasrec,TC-SACP-G,recall,20,0.5496598639455782,0.0738760209965372,10
FreqRec,diginetica,unpopular,miasrec,TC-SACP-G,recall,30,0.7230963883137796,0.0538645435738179,10
FreqRec,diginetica,unpopular,miasrec,TC-SACP-G,recall,40,0.8229895823063526,0.0489746078871418,10
FreqRec,diginetica,unpopular,miasrec,TC-SACP-G,recall,50,0.8819859344704065,0.04264134271475659,10
FreqRec,diginetica,unpopular,srgnn,CREAT,mrr,10,0.05088093047202793,0.00825562038634438,10
FreqRec,diginetica,unpopular,srgnn,CREAT,mrr,20,0.05517808731156028,0.007744729487896769,10
FreqRec,diginetica,unpopular,srgnn,CREAT,mrr,30,0.056628749084526496,0.007196790073767385,10
FreqRec,diginetica,unpopular,srgnn,CREAT,mrr,40,0.05732956742604363,0.006793337028390729,10
FreqRec,diginetica,unpopular,srgnn,CREAT,mrr,50,0.05772434688165516,0.006535807300597078,10
FreqRec,diginetica,unpopular,srgnn,CREAT,recall,10,0.14199119261231058,0.026765563722448423,10
FreqRec,diginetica,unpopular,srgnn,CREAT,recall,20,0.20409806434651148,0.017768122655176345,10
FreqRec,diginetica,unpopular,srgnn,CREAT,recall,30,0.2400374642610667,0.010344846342710823,10
FreqRec,diginetica,unpopular,srgnn,CREAT,recall,40,0.26453054651812413,0.0243811115027708,10
FreqRec,diginetica,unpopular,srgnn,CREAT,recall,50,0.282311282000723,0.040807261816340284,10
FreqRec,diginetica,unpopular,srgnn,DPSBR,mrr,10,0.05240958134653288,0.005213158096665001,10
FreqRec,diginetica,unpopular,srgnn,DPSBR,mrr,20,0.05938961036324538,0.005544672836111767,10
FreqRec,diginetica,unpopular,srgnn,DPSBR,mrr,30,0.06269372372759854,0.005664446763132667,10
FreqRec,diginetica,unpopular,srgnn,DPSBR,mrr,40,0.06462488912987127,0.005700384212836042,10
FreqRec,diginetica,unpopular,srgnn,DPSBR,mrr,50,0.06582939045561767,0.005721777313634919,10
FreqRec,diginetica,unpopular,srgnn,DPSBR,recall,10,0.14466134279798873,0.012743810992420338,10
FreqRec,diginetica,unpopular,srgnn,DPSBR,recall,20,0.24754181865983105,0.017781819667307366,10
FreqRec,diginetica,unpopular,srgnn,DPSBR,recall,30,0.33020145256170097,0.020829143410223728,10
FreqRec,diginetica,unpopular,srgnn,DPSBR,recall,40,0.3980495579874462,0.02267347881416653,10
FreqRec,diginetica,unpopular,srgnn,DPSBR,recall,50,0.4524220316145782,0.023756916970479543,10
FreqRec,diginetica,unpopular,srgnn,Poisoning-SSL,mrr,10,0.03476466293901949,0.00426113327690049,10
FreqRec,diginetica,unpopular,srgnn,Poisoning-SSL,mrr,20,0.03673091898388025,0.004494983170424511,10
FreqRec,diginetica,unpopular,srgnn,Poisoning-SSL,mrr,30,0.03771352163909565,0.0045993539872767894,10
FreqRec,diginetica,unpopular,srgnn,Poisoning-SSL,mrr,40,0.03834736136161563,0.004659835295985822,10
FreqRec,diginetica,unpopular,srgnn,Poisoning-SSL,mrr,50,0.03879214343287899,0.004703317139675536,10
FreqRec,diginetica,unpopular,srgnn,Poisoning-SSL,recall,10,0.06666009398928649,0.008161680195000558,10
FreqRec,diginetica,unpopular,srgnn,Poisoning-SSL,recall,20,0.09567024877583881,0.011777626474794491,10
FreqRec,diginetica,unpopular,srgnn,Poisoning-SSL,recall,30,0.1204130927733412,0.014702119814013726,10
FreqRec,diginetica,unpopular,srgnn,Poisoning-SSL,recall,40,0.14271418712412495,0.017090212918032584,10
FreqRec,diginetica,unpopular,srgnn,Poisoning-SSL,recall,50,0.16281179138321994,0.019358608805845123,10
FreqRec,diginetica,unpopular,srgnn,TC-SACP-C,mrr,10,0.05603171473328259,0.006368319527286463,10
FreqRec,diginetica,unpopular,srgnn,TC-SACP-C,mrr,20,0.06466091535083623,0.006993886233148638,10
FreqRec,diginetica,unpopular,srgnn,TC-SACP-C,mrr,30,0.06863418917848882,0.0072057912078333725,10
FreqRec,diginetica,unpopular,srgnn,TC-SACP-C,mrr,40,0.07088297562298332,0.007292477494900195,10
FreqRec,diginetica,unpopular,srgnn,TC-SACP-C,mrr,50,0.07231703151418968,0.007318278305797271,10
FreqRec,diginetica,unpopular,srgnn,TC-SACP-C,recall,10,0.16453054651812413,0.01876813035620605,10
FreqRec,diginetica,unpopular,srgnn,TC-SACP-C,recall,20,0.29148181011535046,0.028055078368979955,10
FreqRec,diginetica,unpopular,srgnn,TC-SACP-C,recall,30,0.3907144500312202,0.033570992557264895,10
FreqRec,diginetica,unpopular,srgnn,TC-SACP-C,recall,40,0.4695701468993394,0.03659980073633449,10
FreqRec,diginetica,unpopular,srgnn,TC-SACP-C,recall,50,0.5343159486016629,0.037893462168556394,10
FreqRec,diginetica,unpopular,srgnn,TC-SACP-G,mrr,10,0.05458845780471548,0.003736765383901359,10
FreqRec,diginetica,unpopular,srgnn,TC-SACP-G,mrr,20,0.06149320339757071,0.003941464110729406,10
FreqRec,diginetica,unpopular,srgnn,TC-SACP-G,mrr,30,0.06473528965818398,0.004003446435026503,10
FreqRec,diginetica,unpopular,srgnn,TC-SACP-G,mrr,40,0.06662287508223745,0.004008353071001631,10
FreqRec,diginetica,unpopular,srgnn,TC-SACP-G,mrr,50,0.0678078293545657,0.0040198517830146874,10
FreqRec,diginetica,unpopular,srgnn,TC-SACP-G,recall,10,0.1499622071050642,0.008666711308608738,10
FreqRec,diginetica,unpopular,srgnn,TC-SACP-G,recall,20,0.2515873015873016,0.012134391074397977,10
FreqRec,diginetica,unpopular,srgnn,TC-SACP-G,recall,30,0.33268263827270034,0.01485822941738884,10
FreqRec,diginetica,unpopular,srgnn,TC-SACP-G,recall,40,0.39892372407900356,0.01623036781034902,10
FreqRec,diginetica,unpopular,srgnn,TC-SACP-G,recall,50,0.4523480889940517,0.017776265729297892,10
FreqRec,diginetica,unpopular,tron,CREAT,mrr,10,0.013383200914749722,0.011925059043484629,10
FreqRec,diginetica,unpopular,tron,CREAT,mrr,20,0.01544751485442373,0.012461247677119803,10
FreqRec,diginetica,unpopular,tron,CREAT,mrr,30,0.01687068024611673,0.012547373892841916,10
FreqRec,diginetica,unpopular,tron,CREAT,mrr,40,0.01795942822938337,0.012456062616997828,10
FreqRec,diginetica,unpopular,tron,CREAT,mrr,50,0.01881445756052464,0.012312185670104241,10
FreqRec,diginetica,unpopular,tron,CREAT,recall,10,0.03797200039436059,0.028336584861374668,10
FreqRec,diginetica,unpopular,tron,CREAT,recall,20,0.0691232048374905,0.03695057377714081,10
FreqRec,diginetica,unpopular,tron,CREAT,recall,30,0.10503302770383509,0.0428319430061457,10
FreqRec,diginetica,unpopular,tron,CREAT,recall,40,0.14349633573236054,0.047851902871265624,10
FreqRec,diginetica,unpopular,tron,CREAT,recall,50,0.18223569621085145,0.0526378648451914,10
FreqRec,diginetica,unpopular,tron,DPSBR,mrr,10,0.1180022797018508,0.015364939047005961,10
FreqRec,diginetica,unpopular,tron,DPSBR,mrr,20,0.12727727907290537,0.015407377087828807,10
FreqRec,diginetica,unpopular,tron,DPSBR,mrr,30,0.1309920122282378,0.01534397318928143,10
FreqRec,diginetica,unpopular,tron,DPSBR,mrr,40,0.13300380135574327,0.015282329978343983,10
FreqRec,diginetica,unpopular,tron,DPSBR,mrr,50,0.1342219815430245,0.015233310457986577,10
FreqRec,diginetica,unpopular,tron,DPSBR,recall,10,0.34072430904729034,0.029917047481827504,10
FreqRec,diginetica,unpopular,tron,DPSBR,recall,20,0.47583226527325906,0.03304421206267873,10
FreqRec,diginetica,unpopular,tron,DPSBR,recall,30,0.5683936376482961,0.0326284806612819,10
FreqRec,diginetica,unpopular,tron,DPSBR,recall,40,0.6389086069210294,0.03062403650994704,10
FreqRec,diginetica,unpopular,tron,DPSBR,recall,50,0.6938808373590982,0.028398179338116187,10
FreqRec,diginetica,unpopular,tron,Poisoning-SSL,mrr,10,0.06251549730389863,0.017219126560277503,10
FreqRec,diginetica,unpopular,tron,Poisoning-SSL,mrr,20,0.07162255724517994,0.017267681787220688,10
FreqRec,diginetica,unpopular,tron,Poisoning-SSL,mrr,30,0.07534247991853349,0.01708597505929352,10
FreqRec,diginetica,unpopular,tron,Poisoning-SSL,mrr,40,0.0773233579161292,0.016942366497698726,10
FreqRec,diginetica,unpopular,tron,Poisoning-SSL,mrr,50,0.07850191369329165,0.016824133851151342,10
FreqRec,diginetica,unpopular,tron,Poisoning-SSL,recall,10,0.22237503697131028,0.04691920379181422,10
FreqRec,diginetica,unpopular,tron,Poisoning-SSL,recall,20,0.3553386572020112,0.05547581160345463,10
FreqRec,diginetica,unpopular,tron,Poisoning-SSL,recall,30,0.4481054257451772,0.061954113194595845,10
FreqRec,diginetica,unpopular,tron,Poisoning-SSL,recall,40,0.5175671234677446,0.06654629623053317,10
FreqRec,diginetica,unpopular,tron,Poisoning-SSL,recall,50,0.5707384403036577,0.06914432957699239,10
FreqRec,diginetica,unpopular,tron,TC-SACP-C,mrr,10,0.00348231532471888,0.0012701251699931177,10
FreqRec,diginetica,unpopular,tron,TC-SACP-C,mrr,20,0.00601534537435202,0.002407624711848176,10
FreqRec,diginetica,unpopular,tron,TC-SACP-C,mrr,30,0.00820897964782534,0.004026894792916157,10
FreqRec,diginetica,unpopular,tron,TC-SACP-C,mrr,40,0.00998400019554639,0.005397303934301629,10
FreqRec,diginetica,unpopular,tron,TC-SACP-C,mrr,50,0.01130544620541966,0.006317716846670809,10
FreqRec,diginetica,unpopular,tron,TC-SACP-C,recall,10,0.01605376450096942,0.00653187315053963,10
FreqRec,diginetica,unpopular,tron,TC-SACP-C,recall,20,0.055111899832396685,0.03467476672778722,10
FreqRec,diginetica,unpopular,tron,TC-SACP-C,recall,30,0.11076111604061908,0.08080230562453969,10
FreqRec,diginetica,unpopular,tron,TC-SACP-C,recall,40,0.17338558611850532,0.13167802908822512,10
FreqRec,diginetica,unpopular,tron,TC-SACP-C,recall,50,0.23315422787472473,0.1746998797746355,10
FreqRec,diginetica,unpopular,tron,TC-SACP-G,mrr,10,0.02118519718292939,0.01298987059784136,10
FreqRec,diginetica,unpopular,tron,TC-SACP-G,mrr,20,0.02771625203794989,0.015111639804230283,10
FreqRec,diginetica,unpopular,tron,TC-SACP-G,mrr,30,0.031064169197251152,0.015652909998042648,10
FreqRec,diginetica,unpopular,tron,TC-SACP-G,mrr,40,0.03317774231027717,0.0158000777462524,10
FreqRec,diginetica,unpopular,tron,TC-SACP-G,mrr,50,0.03461336179903368,0.015782449327654685,10
FreqRec,diginetica,unpopular,tron,TC-SACP-G,recall,10,0.09515593677084354,0.05740871823378781,10
FreqRec,diginetica,unpopular,tron,TC-SACP-G,recall,20,0.19216043905484897,0.09097977888138777,10
FreqRec,diginetica,unpopular,tron,TC-SACP-G,recall,30,0.2760475204574583,0.10694447085180986,10
FreqRec,diginetica,unpopular,tron,TC-SACP-G,recall,40,0.35037135627197735,0.11404991322394387,10
FreqRec,diginetica,unpopular,tron,TC-SACP-G,recall,50,0.4152831180781491,0.1145694449850474,10
FreqRec,diginetica,unpopular,wearec,CREAT,mrr,10,0.00369407029739273,0.0017028132401330203,10
FreqRec,diginetica,unpopular,wearec,CREAT,mrr,20,0.00587047702807977,0.0020103833331127923,10
FreqRec,diginetica,unpopular,wearec,CREAT,mrr,30,0.00817794193401982,0.002275596665310086,10
FreqRec,diginetica,unpopular,wearec,CREAT,mrr,40,0.010612949172471981,0.0024089514315168495,10
FreqRec,diginetica,unpopular,wearec,CREAT,mrr,50,0.01273930884255838,0.002367837978785528,10
FreqRec,diginetica,unpopular,wearec,CREAT,recall,10,0.01578428472838404,0.004492292630967022,10
FreqRec,diginetica,unpopular,wearec,CREAT,recall,20,0.04947747214827955,0.012232459753092843,10
FreqRec,diginetica,unpopular,wearec,CREAT,recall,30,0.10849682868316404,0.02365514925169302,10
FreqRec,diginetica,unpopular,wearec,CREAT,recall,40,0.19477636465214102,0.033226029109296146,10
FreqRec,diginetica,unpopular,wearec,CREAT,recall,50,0.29129613197936177,0.04104664143185844,10
FreqRec,diginetica,unpopular,wearec,DPSBR,mrr,10,0.00353089836502036,0.0012704300361468584,10
FreqRec,diginetica,unpopular,wearec,DPSBR,mrr,20,0.00543395882231048,0.001264434357587437,10
FreqRec,diginetica,unpopular,wearec,DPSBR,mrr,30,0.00753822455705144,0.0012624464941282533,10
FreqRec,diginetica,unpopular,wearec,DPSBR,mrr,40,0.01018516428373167,0.0015757453391653945,10
FreqRec,diginetica,unpopular,wearec,DPSBR,mrr,50,0.013053701439380968,0.0019677772791288563,10
FreqRec,diginetica,unpopular,wearec,DPSBR,recall,10,0.01348384764533827,0.0023285023164079295,10
FreqRec,diginetica,unpopular,wearec,DPSBR,recall,20,0.042814420454171956,0.006451811895787867,10
FreqRec,diginetica,unpopular,wearec,DPSBR,recall,30,0.09701436130007554,0.015897511172799018,10
FreqRec,diginetica,unpopular,wearec,DPSBR,recall,40,0.19149166913142066,0.03510966928652849,10
FreqRec,diginetica,unpopular,wearec,DPSBR,recall,50,0.32179335502316864,0.05418443207949668,10
FreqRec,diginetica,unpopular,wearec,Poisoning-SSL,mrr,10,0.0072898379887189405,0.0026500119922250377,10
FreqRec,diginetica,unpopular,wearec,Poisoning-SSL,mrr,20,0.00869716203508463,0.0027823808229303446,10
FreqRec,diginetica,unpopular,wearec,Poisoning-SSL,mrr,30,0.00957100517020834,0.002846656381192965,10
FreqRec,diginetica,unpopular,wearec,Poisoning-SSL,mrr,40,0.010256763177054071,0.0028900600883805575,10
FreqRec,diginetica,unpopular,wearec,Poisoning-SSL,mrr,50,0.01081851597548108,0.0029405297347420744,10
FreqRec,diginetica,unpopular,wearec,Poisoning-SSL,recall,10,0.02430576095172361,0.00590046937748928,10
FreqRec,diginetica,unpopular,wearec,Poisoning-SSL,recall,20,0.04535311709224748,0.011472814604647458,10
FreqRec,diginetica,unpopular,wearec,Poisoning-SSL,recall,30,0.06743074041210682,0.016822585981576592,10
FreqRec,diginetica,unpopular,wearec,Poisoning-SSL,recall,40,0.09164941338854378,0.023308198942645842,10
FreqRec,diginetica,unpopular,wearec,Poisoning-SSL,recall,50,0.11713332676065591,0.030035582756070683,10
FreqRec,diginetica,unpopular,wearec,TC-SACP-C,mrr,10,0.00306502790518854,0.0011661450907063586,10
FreqRec,diginetica,unpopular,wearec,TC-SACP-C,mrr,20,0.00492828277100237,0.0011732396518076532,10
FreqRec,diginetica,unpopular,wearec,TC-SACP-C,mrr,30,0.0069468975810668505,0.0013088716482504519,10
FreqRec,diginetica,unpopular,wearec,TC-SACP-C,mrr,40,0.00942714766936767,0.0017028601234069475,10
FreqRec,diginetica,unpopular,wearec,TC-SACP-C,mrr,50,0.01200251480159143,0.002099383236523576,10
FreqRec,diginetica,unpopular,wearec,TC-SACP-C,recall,10,0.012575174997535191,0.0019148082055255508,10
FreqRec,diginetica,unpopular,wearec,TC-SACP-C,recall,20,0.04131256367281208,0.005774548976494186,10
FreqRec,diginetica,unpopular,wearec,TC-SACP-C,recall,30,0.09318577672614935,0.015048631433184004,10
FreqRec,diginetica,unpopular,wearec,TC-SACP-C,recall,40,0.18153406290052249,0.03160419119876075,10
FreqRec,diginetica,unpopular,wearec,TC-SACP-C,recall,50,0.2984537776463242,0.04809995813775675,10
FreqRec,diginetica,unpopular,wearec,TC-SACP-G,mrr,10,0.00327094767053353,0.0016158080012825225,10
FreqRec,diginetica,unpopular,wearec,TC-SACP-G,mrr,20,0.0052863114310926695,0.0018537741235850988,10
FreqRec,diginetica,unpopular,wearec,TC-SACP-G,mrr,30,0.00774966104331737,0.0024743212900796736,10
FreqRec,diginetica,unpopular,wearec,TC-SACP-G,mrr,40,0.01089916450318828,0.0032438251214746317,10
FreqRec,diginetica,unpopular,wearec,TC-SACP-G,mrr,50,0.014193729731553731,0.0037624623629958403,10
FreqRec,diginetica,unpopular,wearec,TC-SACP-G,recall,10,0.01279535968976957,0.004260976409271632,10
FreqRec,diginetica,unpopular,wearec,TC-SACP-G,recall,20,0.04417332150251402,0.013852925815938753,10
FreqRec,diginetica,unpopular,wearec,TC-SACP-G,recall,30,0.10751421341483447,0.037878977123009465,10
FreqRec,diginetica,unpopular,wearec,TC-SACP-G,recall,40,0.21966380755200626,0.06768078256047905,10
FreqRec,diginetica,unpopular,wearec,TC-SACP-G,recall,50,0.3693286010056196,0.09108588574325384,10
FreqRec,yoochoose1_64,popular,freqrec,CREAT,mrr,10,0.00178598405144968,0.00036950202174051413,10
FreqRec,yoochoose1_64,popular,freqrec,CREAT,mrr,20,0.00827035462242747,0.0011547261480207736,10
FreqRec,yoochoose1_64,popular,freqrec,CREAT,mrr,30,0.0127628185147982,0.001320965278174832,10
FreqRec,yoochoose1_64,popular,freqrec,CREAT,mrr,40,0.01562627826574469,0.0015862442241944652,10
FreqRec,yoochoose1_64,popular,freqrec,CREAT,mrr,50,0.01781672919569673,0.0016443247410905248,10
FreqRec,yoochoose1_64,popular,freqrec,CREAT,recall,10,0.01119181366059603,0.0026116170455762174,10
FreqRec,yoochoose1_64,popular,freqrec,CREAT,recall,20,0.11190024687824247,0.015603240974950423,10
FreqRec,yoochoose1_64,popular,freqrec,CREAT,recall,30,0.2245196608107624,0.021065081250931116,10
FreqRec,yoochoose1_64,popular,freqrec,CREAT,recall,40,0.32559125550109125,0.03140949111818462,10
FreqRec,yoochoose1_64,popular,freqrec,CREAT,recall,50,0.42475938316218825,0.03521427160107292,10
FreqRec,yoochoose1_64,popular,freqrec,DPSBR,mrr,10,0.00162835141331686,0.0004098470156953049,10
FreqRec,yoochoose1_64,popular,freqrec,DPSBR,mrr,20,0.00802056095736222,0.0022917461562248728,10
FreqRec,yoochoose1_64,popular,freqrec,DPSBR,mrr,30,0.01341020333868476,0.002344073336946219,10
FreqRec,yoochoose1_64,popular,freqrec,DPSBR,mrr,40,0.01646211672544694,0.0022961993947513736,10
FreqRec,yoochoose1_64,popular,freqrec,DPSBR,mrr,50,0.018648812867695038,0.002255339838833321,10
FreqRec,yoochoose1_64,popular,freqrec,DPSBR,recall,10,0.0101345307524419,0.002238230633247523,10
FreqRec,yoochoose1_64,popular,freqrec,DPSBR,recall,20,0.11503810512004002,0.03332983527884182,10
FreqRec,yoochoose1_64,popular,freqrec,DPSBR,recall,30,0.24849010698057175,0.03499627501465405,10
FreqRec,yoochoose1_64,popular,freqrec,DPSBR,recall,40,0.35587856452824784,0.034775902047581415,10
FreqRec,yoochoose1_64,popular,freqrec,DPSBR,recall,50,0.4547926580557443,0.04026191231640264,10
FreqRec,yoochoose1_64,popular,freqrec,Poisoning-SSL,mrr,10,0.02470396121166249,0.01641695367221704,10
FreqRec,yoochoose1_64,popular,freqrec,Poisoning-SSL,mrr,20,0.034490735147848915,0.01917587484985166,10
FreqRec,yoochoose1_64,popular,freqrec,Poisoning-SSL,mrr,30,0.03924374833791271,0.019405730287736647,10
FreqRec,yoochoose1_64,popular,freqrec,Poisoning-SSL,mrr,40,0.04169109332500745,0.019055381300540863,10
FreqRec,yoochoose1_64,popular,freqrec,Poisoning-SSL,mrr,50,0.043258508628142664,0.018646368246322608,10
FreqRec,yoochoose1_64,popular,freqrec,Poisoning-SSL,recall,10,0.12026190561379653,0.07898972706928685,10
FreqRec,yoochoose1_64,popular,freqrec,Poisoning-SSL,recall,20,0.266043507817811,0.12640598632717182,10
FreqRec,yoochoose1_64,popular,freqrec,Poisoning-SSL,recall,30,0.38426419549894447,0.13915252653031324,10
FreqRec,yoochoose1_64,popular,freqrec,Poisoning-SSL,recall,40,0.4703280976063544,0.13329852255048788,10
FreqRec,yoochoose1_64,popular,freqrec,Poisoning-SSL,recall,50,0.5411177501878421,0.12141751106059347,10
FreqRec,yoochoose1_64,popular,freqrec,TC-SACP-C,mrr,10,0.00205661942642688,0.0004447072059406813,10
FreqRec,yoochoose1_64,popular,freqrec,TC-SACP-C,mrr,20,0.01136491786737381,0.0019445361168825195,10
FreqRec,yoochoose1_64,popular,freqrec,TC-SACP-C,mrr,30,0.01621203668711013,0.002043051595980111,10
FreqRec,yoochoose1_64,popular,freqrec,TC-SACP-C,mrr,40,0.019358361141831752,0.0019155631314808383,10
FreqRec,yoochoose1_64,popular,freqrec,TC-SACP-C,mrr,50,0.02192244233197166,0.0022113965085512263,10
FreqRec,yoochoose1_64,popular,freqrec,TC-SACP-C,recall,10,0.01337257146946218,0.002675592712043715,10
FreqRec,yoochoose1_64,popular,freqrec,TC-SACP-C,recall,20,0.15965150810404663,0.025466000421996995,10
FreqRec,yoochoose1_64,popular,freqrec,TC-SACP-C,recall,30,0.28111739239328776,0.02786418170125644,10
FreqRec,yoochoose1_64,popular,freqrec,TC-SACP-C,recall,40,0.39223943611578227,0.03003961791843496,10
FreqRec,yoochoose1_64,popular,freqrec,TC-SACP-C,recall,50,0.5084815199112669,0.0572686944614945,10
FreqRec,yoochoose1_64,popular,freqrec,TC-SACP-G,mrr,10,0.0022297742429947002,0.0009648846409368068,10
FreqRec,yoochoose1_64,popular,freqrec,TC-SACP-G,mrr,20,0.011550879154370971,0.00165386068269407,10
FreqRec,yoochoose1_64,popular,freqrec,TC-SACP-G,mrr,30,0.01659321709489975,0.0017825238060094307,10
FreqRec,yoochoose1_64,popular,freqrec,TC-SACP-G,mrr,40,0.01950454427433308,0.0016525150044657134,10
FreqRec,yoochoose1_64,popular,freqrec,TC-SACP-G,mrr,50,0.021870574758428,0.00166353966929981,10
FreqRec,yoochoose1_64,popular,freqrec,TC-SACP-G,recall,10,0.014891409352749598,0.005993472341532942,10
FreqRec,yoochoose1_64,popular,freqrec,TC-SACP-G,recall,20,0.16353536799169913,0.017461651273089948,10
FreqRec,yoochoose1_64,popular,freqrec,TC-SACP-G,recall,30,0.28960964614118573,0.020906116759514634,10
FreqRec,yoochoose1_64,popular,freqrec,TC-SACP-G,recall,40,0.39200865862821566,0.023481452108665937,10
FreqRec,yoochoose1_64,popular,freqrec,TC-SACP-G,recall,50,0.4992253747897957,0.039538059353629786,10
FreqRec,yoochoose1_64,popular,mdhg,CREAT,mrr,10,0.2037257324423681,0.41851260344158164,10
FreqRec,yoochoose1_64,popular,mdhg,CREAT,mrr,20,0.2105729867229907,0.4149454604193519,10
FreqRec,yoochoose1_64,popular,mdhg,CREAT,mrr,30,0.21264204087740007,0.41387379422527976,10
FreqRec,yoochoose1_64,popular,mdhg,CREAT,mrr,40,0.21521827464921262,0.4125068407514717,10
FreqRec,yoochoose1_64,popular,mdhg,CREAT,mrr,50,0.2173333036294085,0.41138128321406325,10
FreqRec,yoochoose1_64,popular,mdhg,CREAT,recall,10,0.22542309206053882,0.40962609668294947,10
FreqRec,yoochoose1_64,popular,mdhg,CREAT,recall,20,0.32602776485741886,0.36273699738597104,10
FreqRec,yoochoose1_64,popular,mdhg,CREAT,recall,30,0.37824609109449353,0.34165376538021436,10
FreqRec,yoochoose1_64,popular,mdhg,CREAT,recall,40,0.46975562631936746,0.2906451730078658,10
FreqRec,yoochoose1_64,popular,mdhg,CREAT,recall,50,0.5650953522487387,0.2354026929154941,10
FreqRec,yoochoose1_64,popular,mdhg,DPSBR,mrr,10,0.20622662692875418,0.40718858312834044,10
FreqRec,yoochoose1_64,popular,mdhg,DPSBR,mrr,20,0.21416420025402041,0.4030044424937572,10
FreqRec,yoochoose1_64,popular,mdhg,DPSBR,mrr,30,0.21621994155885763,0.4019209460458941,10
FreqRec,yoochoose1_64,popular,mdhg,DPSBR,mrr,40,0.21760346110856754,0.4011920072698227,10
FreqRec,yoochoose1_64,popular,mdhg,DPSBR,mrr,50,0.21953396646880902,0.4001749766262887,10
FreqRec,yoochoose1_64,popular,mdhg,DPSBR,recall,10,0.2595119682278435,0.38996774501456094,10
FreqRec,yoochoose1_64,popular,mdhg,DPSBR,recall,20,0.3680077999212852,0.3327271760088657,10
FreqRec,yoochoose1_64,popular,mdhg,DPSBR,recall,30,0.4192529249704819,0.30575724639036106,10
FreqRec,yoochoose1_64,popular,mdhg,DPSBR,recall,40,0.46817775233460945,0.28000388854718433,10
FreqRec,yoochoose1_64,popular,mdhg,DPSBR,recall,50,0.5562721385380514,0.23451577798787662,10
FreqRec,yoochoose1_64,popular,mdhg,Poisoning-SSL,mrr,10,0.2755115667028452,0.4138449268854057,10
FreqRec,yoochoose1_64,popular,mdhg,Poisoning-SSL,mrr,20,0.2815883542595862,0.4099673711523399,10
FreqRec,yoochoose1_64,popular,mdhg,Poisoning-SSL,mrr,30,0.28437315254159173,0.4081279723044749,10
FreqRec,yoochoose1_64,popular,mdhg,Poisoning-SSL,mrr,40,0.28612960133136484,0.4068973072584966,10
FreqRec,yoochoose1_64,popular,mdhg,Poisoning-SSL,mrr,50,0.2873772683811283,0.4060226458060482,10
FreqRec,yoochoose1_64,popular,mdhg,Poisoning-SSL,recall,10,0.36635300010733834,0.4356680840558673,10
FreqRec,yoochoose1_64,popular,mdhg,Poisoning-SSL,recall,20,0.4555028802461626,0.3878726679458171,10
FreqRec,yoochoose1_64,popular,mdhg,Poisoning-SSL,recall,30,0.5254588715159756,0.3494005214671988,10
FreqRec,yoochoose1_64,popular,mdhg,Poisoning-SSL,recall,40,0.5874754016243873,0.3052185071622041,10
FreqRec,yoochoose1_64,popular,mdhg,Poisoning-SSL,recall,50,0.6435471752119932,0.261784951043208,10
FreqRec,yoochoose1_64,popular,mdhg,TC-SACP-C,mrr,10,0.1317064003198635,0.16910296526605953,10
FreqRec,yoochoose1_64,popular,mdhg,TC-SACP-C,mrr,20,0.13945776020512463,0.16958507207313617,10
FreqRec,yoochoose1_64,popular,mdhg,TC-SACP-C,mrr,30,0.14154640761457857,0.16960646844994628,10
FreqRec,yoochoose1_64,popular,mdhg,TC-SACP-C,mrr,40,0.1435584763703445,0.16876520122060562,10
FreqRec,yoochoose1_64,popular,mdhg,TC-SACP-C,mrr,50,0.14554195230991182,0.1676247236569507,10
FreqRec,yoochoose1_64,popular,mdhg,TC-SACP-C,recall,10,0.25605925077820313,0.3045595047146695,10
FreqRec,yoochoose1_64,popular,mdhg,TC-SACP-C,recall,20,0.3676839958495831,0.30974972718373855,10
FreqRec,yoochoose1_64,popular,mdhg,TC-SACP-C,recall,30,0.41988264338616765,0.31043951195449093,10
FreqRec,yoochoose1_64,popular,mdhg,TC-SACP-C,recall,40,0.4912465562274142,0.2807565498902766,10
FreqRec,yoochoose1_64,popular,mdhg,TC-SACP-C,recall,50,0.5808490464775126,0.23389240865359037,10
FreqRec,yoochoose1_64,popular,mdhg,TC-SACP-G,mrr,10,0.3063493724681065,0.47527557972292184,10
FreqRec,yoochoose1_64,popular,mdhg,TC-SACP-G,mrr,20,0.312543410157946,0.4710023953336312,10
FreqRec,yoochoose1_64,popular,mdhg,TC-SACP-G,mrr,30,0.3141356791307527,0.4699046118075034,10
FreqRec,yoochoose1_64,popular,mdhg,TC-SACP-G,mrr,40,0.3151551508275433,0.46920131670748516,10
FreqRec,yoochoose1_64,popular,mdhg,TC-SACP-G,mrr,50,0.3159706814010582,0.468638734416954,10
FreqRec,yoochoose1_64,popular,mdhg,TC-SACP-G,recall,10,0.3446438155211277,0.4502065669413717,10
FreqRec,yoochoose1_64,popular,mdhg,TC-SACP-G,recall,20,0.43049482986868937,0.3908666537149664,10
FreqRec,yoochoose1_64,popular,mdhg,TC-SACP-G,recall,30,0.470007871480196,0.36365369621085747,10
FreqRec,yoochoose1_64,popular,mdhg,TC-SACP-G,recall,40,0.5059340226841748,0.33881225113312674,10
FreqRec,yoochoose1_64,popular,mdhg,TC-SACP-G,recall,50,0.543042684890336,0.3132134608632722,10
FreqRec,yoochoose1_64,popular,miasrec,CREAT,mrr,10,0.05552111215041873,0.010515701987624915,10
FreqRec,yoochoose1_64,popular,miasrec,CREAT,mrr,20,0.05757568121457148,0.009556271460768411,10
FreqRec,yoochoose1_64,popular,miasrec,CREAT,mrr,30,0.05789047796604615,0.009401405973621539,10
FreqRec,yoochoose1_64,popular,miasrec,CREAT,mrr,40,0.05806916417440496,0.009326968085339685,10
FreqRec,yoochoose1_64,popular,miasrec,CREAT,mrr,50,0.058199883631356905,0.009281110122826525,10
FreqRec,yoochoose1_64,popular,miasrec,CREAT,recall,10,0.245872839815378,0.029807887969209735,10
FreqRec,yoochoose1_64,popular,miasrec,CREAT,recall,20,0.27230670149200326,0.02013464672206147,10
FreqRec,yoochoose1_64,popular,miasrec,CREAT,recall,30,0.2802050162796522,0.020328929992481128,10
FreqRec,yoochoose1_64,popular,miasrec,CREAT,recall,40,0.286462843035529,0.02366230590373228,10
FreqRec,yoochoose1_64,popular,miasrec,CREAT,recall,50,0.2923592972914952,0.028912140729101674,10
FreqRec,yoochoose1_64,popular,miasrec,DPSBR,mrr,10,0.02751947992573729,0.011438652962654878,10
FreqRec,yoochoose1_64,popular,miasrec,DPSBR,mrr,20,0.04226849390930569,0.012830436510864034,10
FreqRec,yoochoose1_64,popular,miasrec,DPSBR,mrr,30,0.04773472166404826,0.012987570300764965,10
FreqRec,yoochoose1_64,popular,miasrec,DPSBR,mrr,40,0.05047720821675539,0.01277357715329991,10
FreqRec,yoochoose1_64,popular,miasrec,DPSBR,mrr,50,0.052162257098579023,0.012465001979844861,10
FreqRec,yoochoose1_64,popular,miasrec,DPSBR,recall,10,0.15309313392250162,0.06098890486442005,10
FreqRec,yoochoose1_64,popular,miasrec,DPSBR,recall,20,0.3690972843393323,0.08066669695962764,10
FreqRec,yoochoose1_64,popular,miasrec,DPSBR,recall,30,0.5044008730187126,0.08493470030799573,10
FreqRec,yoochoose1_64,popular,miasrec,DPSBR,recall,40,0.6007012773265591,0.07933919781026849,10
FreqRec,yoochoose1_64,popular,miasrec,DPSBR,recall,50,0.6767737665032738,0.06638278581294906,10
FreqRec,yoochoose1_64,popular,miasrec,Poisoning-SSL,mrr,10,0.051745999800089135,0.025480638087249426,10
FreqRec,yoochoose1_64,popular,miasrec,Poisoning-SSL,mrr,20,0.06250172148928491,0.02646058778518786,10
FreqRec,yoochoose1_64,popular,miasrec,Poisoning-SSL,mrr,30,0.06691765865008856,0.026637737065508788,10
FreqRec,yoochoose1_64,popular,miasrec,Poisoning-SSL,mrr,40,0.06940580545340011,0.026448744532695606,10
FreqRec,yoochoose1_64,popular,miasrec,Poisoning-SSL,mrr,50,0.07094158930998781,0.02621813675047108,10
FreqRec,yoochoose1_64,popular,miasrec,Poisoning-SSL,recall,10,0.19200865862821564,0.0835466477621791,10
FreqRec,yoochoose1_64,popular,miasrec,Poisoning-SSL,recall,20,0.35073168986368025,0.10946377716869585,10
FreqRec,yoochoose1_64,popular,miasrec,Poisoning-SSL,recall,30,0.4608751654799814,0.11971023050810616,10
FreqRec,yoochoose1_64,popular,miasrec,Poisoning-SSL,recall,40,0.5481215785895739,0.1196910252302776,10
FreqRec,yoochoose1_64,popular,miasrec,Poisoning-SSL,recall,50,0.6175176213818026,0.11946861640848291,10
FreqRec,yoochoose1_64,popular,miasrec,TC-SACP-C,mrr,10,0.02844120768156454,0.007198678825653156,10
FreqRec,yoochoose1_64,popular,miasrec,TC-SACP-C,mrr,20,0.04394327225816061,0.007504552656410381,10
FreqRec,yoochoose1_64,popular,miasrec,TC-SACP-C,mrr,30,0.04977747110634298,0.007208789060856066,10
FreqRec,yoochoose1_64,popular,miasrec,TC-SACP-C,mrr,40,0.05272706232798213,0.00705208774317754,10
FreqRec,yoochoose1_64,popular,miasrec,TC-SACP-C,mrr,50,0.05473024901087694,0.006979499090421313,10
FreqRec,yoochoose1_64,popular,miasrec,TC-SACP-C,recall,10,0.1590683029804286,0.03368433538865447,10
FreqRec,yoochoose1_64,popular,miasrec,TC-SACP-C,recall,20,0.3856864288525529,0.04012343953266381,10
FreqRec,yoochoose1_64,popular,miasrec,TC-SACP-C,recall,30,0.530228272925686,0.03616545717417689,10
FreqRec,yoochoose1_64,popular,miasrec,TC-SACP-C,recall,40,0.6336183763283123,0.035478386734634985,10
FreqRec,yoochoose1_64,popular,miasrec,TC-SACP-C,recall,50,0.7242942502415113,0.04131745543080748,10
FreqRec,yoochoose1_64,popular,miasrec,TC-SACP-G,mrr,10,0.03016084427020352,0.006172295923783275,10
FreqRec,yoochoose1_64,popular,miasrec,TC-SACP-G,mrr,20,0.04564795134980801,0.006720122129600317,10
FreqRec,yoochoose1_64,popular,miasrec,TC-SACP-G,mrr,30,0.05063533440374489,0.006792109375210836,10
FreqRec,yoochoose1_64,popular,miasrec,TC-SACP-G,mrr,40,0.05306638807141929,0.006683508766335248,10
FreqRec,yoochoose1_64,popular,miasrec,TC-SACP-G,mrr,50,0.054511013971872205,0.0066341792726141114,10
FreqRec,yoochoose1_64,popular,miasrec,TC-SACP-G,recall,10,0.1685140792157143,0.03294695482563447,10
FreqRec,yoochoose1_64,popular,miasrec,TC-SACP-G,recall,20,0.39243622312068405,0.04761787478347594,10
FreqRec,yoochoose1_64,popular,miasrec,TC-SACP-G,recall,30,0.5162903860603241,0.053017253821980866,10
FreqRec,yoochoose1_64,popular,miasrec,TC-SACP-G,recall,40,0.6014007656803464,0.05117880838452873,10
FreqRec,yoochoose1_64,popular,miasrec,TC-SACP-G,recall,50,0.6665891445132205,0.05126606056007108,10
FreqRec,yoochoose1_64,popular,srgnn,CREAT,mrr,10,0.04685801505236008,0.0024513097776300685,10
FreqRec,yoochoose1_64,popular,srgnn,CREAT,mrr,20,0.0504875497594733,0.0021976503762160997,10
FreqRec,yoochoose1_64,popular,srgnn,CREAT,mrr,30,0.051028199022903065,0.002244105694751313,10
FreqRec,yoochoose1_64,popular,srgnn,CREAT,mrr,40,0.051239417654543894,0.0023054840054335946,10
FreqRec,yoochoose1_64,popular,srgnn,CREAT,mrr,50,0.051388975036239626,0.0023389782496522865,10
FreqRec,yoochoose1_64,popular,srgnn,CREAT,recall,10,0.2119628609252567,0.007631422492248743,10
FreqRec,yoochoose1_64,popular,srgnn,CREAT,recall,20,0.2619825396257468,0.005840240676689999,10
FreqRec,yoochoose1_64,popular,srgnn,CREAT,recall,30,0.27529965293928227,0.014713048955796637,10
FreqRec,yoochoose1_64,popular,srgnn,CREAT,recall,40,0.2826612758953808,0.022024646608870012,10
FreqRec,yoochoose1_64,popular,srgnn,CREAT,recall,50,0.28946116140112343,0.027619977152959618,10
FreqRec,yoochoose1_64,popular,srgnn,DPSBR,mrr,10,0.05003239673509606,0.005840416029735795,10
FreqRec,yoochoose1_64,popular,srgnn,DPSBR,mrr,20,0.060848949622927175,0.005279136913194037,10
FreqRec,yoochoose1_64,popular,srgnn,DPSBR,mrr,30,0.06522803332547908,0.00530759383870415,10
FreqRec,yoochoose1_64,popular,srgnn,DPSBR,mrr,40,0.06762921951346636,0.005313573139113972,10
FreqRec,yoochoose1_64,popular,srgnn,DPSBR,mrr,50,0.06913884335919425,0.005284081424222545,10
FreqRec,yoochoose1_64,popular,srgnn,DPSBR,recall,10,0.21226340835092486,0.02246227932126176,10
FreqRec,yoochoose1_64,popular,srgnn,DPSBR,recall,20,0.3700937421732441,0.017656512257588373,10
FreqRec,yoochoose1_64,popular,srgnn,DPSBR,recall,30,0.47854306057461804,0.0238311396039754,10
FreqRec,yoochoose1_64,popular,srgnn,DPSBR,recall,40,0.5629611077319403,0.025849517115248726,10
FreqRec,yoochoose1_64,popular,srgnn,DPSBR,recall,50,0.6310851908833948,0.027049801000193233,10
FreqRec,yoochoose1_64,popular,srgnn,Poisoning-SSL,mrr,10,0.08197104618559758,0.030445233749304555,10
FreqRec,yoochoose1_64,popular,srgnn,Poisoning-SSL,mrr,20,0.09142588149467497,0.031142057669165765,10
FreqRec,yoochoose1_64,popular,srgnn,Poisoning-SSL,mrr,30,0.09494129671152948,0.03076085435872183,10
FreqRec,yoochoose1_64,popular,srgnn,Poisoning-SSL,mrr,40,0.09674883528647191,0.03051378583643488,10
FreqRec,yoochoose1_64,popular,srgnn,Poisoning-SSL,mrr,50,0.0978322005947588,0.03033900900746208,10
FreqRec,yoochoose1_64,popular,srgnn,Poisoning-SSL,recall,10,0.2350209309814304,0.08003241921825724,10
FreqRec,yoochoose1_64,popular,srgnn,Poisoning-SSL,recall,20,0.3723299581380371,0.09930266529772087,10
FreqRec,yoochoose1_64,popular,srgnn,Poisoning-SSL,recall,30,0.4601130630791799,0.09731999060722392,10
FreqRec,yoochoose1_64,popular,srgnn,Poisoning-SSL,recall,40,0.523270957816022,0.09470963135553354,10
FreqRec,yoochoose1_64,popular,srgnn,Poisoning-SSL,recall,50,0.5721689505885721,0.09314000866281252,10
FreqRec,yoochoose1_64,popular,srgnn,TC-SACP-C,mrr,10,0.04629471438055796,0.003696562653960093,10
FreqRec,yoochoose1_64,popular,srgnn,TC-SACP-C,mrr,20,0.058801951952211905,0.0034227941116194063,10
FreqRec,yoochoose1_64,popular,srgnn,TC-SACP-C,mrr,30,0.06400933204721962,0.0033781661731324304,10
FreqRec,yoochoose1_64,popular,srgnn,TC-SACP-C,mrr,40,0.06685062200086975,0.0032872372978115664,10
FreqRec,yoochoose1_64,popular,srgnn,TC-SACP-C,mrr,50,0.0685017095942228,0.0032232251742735202,10
FreqRec,yoochoose1_64,popular,srgnn,TC-SACP-C,recall,10,0.21110952091309168,0.016233434177575425,10
FreqRec,yoochoose1_64,popular,srgnn,TC-SACP-C,recall,20,0.3930927761279473,0.018262902223743445,10
FreqRec,yoochoose1_64,popular,srgnn,TC-SACP-C,recall,30,0.522872016887903,0.02198329012957547,10
FreqRec,yoochoose1_64,popular,srgnn,TC-SACP-C,recall,40,0.6224158288310851,0.027048487135113593,10
FreqRec,yoochoose1_64,popular,srgnn,TC-SACP-C,recall,50,0.6968782425131489,0.028405558382656647,10
FreqRec,yoochoose1_64,popular,srgnn,TC-SACP-G,mrr,10,0.04694632641540391,0.0050592236172638146,10
FreqRec,yoochoose1_64,popular,srgnn,TC-SACP-G,mrr,20,0.05692756474074787,0.00501851874806293,10
FreqRec,yoochoose1_64,popular,srgnn,TC-SACP-G,mrr,30,0.06128484592256826,0.005360816963518791,10
FreqRec,yoochoose1_64,popular,srgnn,TC-SACP-G,mrr,40,0.0635180612918293,0.005495532638864464,10
FreqRec,yoochoose1_64,popular,srgnn,TC-SACP-G,mrr,50,0.06499468926149372,0.005555098503919918,10
FreqRec,yoochoose1_64,popular,srgnn,TC-SACP-G,recall,10,0.20478192421911334,0.016997460036931103,10
FreqRec,yoochoose1_64,popular,srgnn,TC-SACP-G,recall,20,0.3510841174997316,0.01835665155866569,10
FreqRec,yoochoose1_64,popular,srgnn,TC-SACP-G,recall,30,0.45931697019571366,0.026976704236721206,10
FreqRec,yoochoose1_64,popular,srgnn,TC-SACP-G,recall,40,0.5376954452753229,0.032997207622412796,10
FreqRec,yoochoose1_64,popular,srgnn,TC-SACP-G,recall,50,0.6043901391820816,0.036307800511164896,10
FreqRec,yoochoose1_64,popular,tron,CREAT,mrr,10,0.3293191808450525,0.0714757072461102,10
FreqRec,yoochoose1_64,popular,tron,CREAT,mrr,20,0.3344044668728938,0.07320456992500345,10
FreqRec,yoochoose1_64,popular,tron,CREAT,mrr,30,0.3372284293212045,0.07397584484189816,10
FreqRec,yoochoose1_64,popular,tron,CREAT,mrr,40,0.33895104113672514,0.07415889963478936,10
FreqRec,yoochoose1_64,popular,tron,CREAT,mrr,50,0.34015094911013116,0.07412811821486501,10
FreqRec,yoochoose1_64,popular,tron,CREAT,recall,10,0.4201584712188301,0.09689572940873158,10
FreqRec,yoochoose1_64,popular,tron,CREAT,recall,20,0.4960507681551727,0.12610926376316398,10
FreqRec,yoochoose1_64,popular,tron,CREAT,recall,30,0.5668501156266246,0.1509042432045917,10
FreqRec,yoochoose1_64,popular,tron,CREAT,recall,40,0.6273846870910493,0.16359463192204213,10
FreqRec,yoochoose1_64,popular,tron,CREAT,recall,50,0.6816825914705197,0.16841983958528264,10
FreqRec,yoochoose1_64,popular,tron,DPSBR,mrr,10,0.13609074022381318,0.06111696412608447,10
FreqRec,yoochoose1_64,popular,tron,DPSBR,mrr,20,0.14886872896556408,0.06178980179476489,10
FreqRec,yoochoose1_64,popular,tron,DPSBR,mrr,30,0.15317483466549486,0.061148136788608844,10
FreqRec,yoochoose1_64,popular,tron,DPSBR,mrr,40,0.15528894208085953,0.06080874355450475,10
FreqRec,yoochoose1_64,popular,tron,DPSBR,mrr,50,0.15647039518382222,0.06053391291046672,10
FreqRec,yoochoose1_64,popular,tron,DPSBR,recall,10,0.3699962354122223,0.10443248750828507,10
FreqRec,yoochoose1_64,popular,tron,DPSBR,recall,20,0.5565727909936719,0.11534603893820647,10
FreqRec,yoochoose1_64,popular,tron,DPSBR,recall,30,0.6632665865944822,0.10055822428606599,10
FreqRec,yoochoose1_64,popular,tron,DPSBR,recall,40,0.7372622483552337,0.08968559333274698,10
FreqRec,yoochoose1_64,popular,tron,DPSBR,recall,50,0.7905670186257462,0.07827688422337105,10
FreqRec,yoochoose1_64,popular,tron,Poisoning-SSL,mrr,10,0.1549229141608579,0.05795097324917773,10
FreqRec,yoochoose1_64,popular,tron,Poisoning-SSL,mrr,20,0.164866290775847,0.056190674565536336,10
FreqRec,yoochoose1_64,popular,tron,Poisoning-SSL,mrr,30,0.16846291122027268,0.05548598968365141,10
FreqRec,yoochoose1_64,popular,tron,Poisoning-SSL,mrr,40,0.17024774640988577,0.05521765426176633,10
FreqRec,yoochoose1_64,popular,tron,Poisoning-SSL,mrr,50,0.17125074215515956,0.055061051553361655,10
FreqRec,yoochoose1_64,popular,tron,Poisoning-SSL,recall,10,0.3643852069626947,0.06049586425433548,10
FreqRec,yoochoose1_64,popular,tron,Poisoning-SSL,recall,20,0.5097843429001667,0.05594357268203945,10
FreqRec,yoochoose1_64,popular,tron,Poisoning-SSL,recall,30,0.5989495007439543,0.05655804016180348,10
FreqRec,yoochoose1_64,popular,tron,Poisoning-SSL,recall,40,0.6614595844612158,0.05876064848244167,10
FreqRec,yoochoose1_64,popular,tron,Poisoning-SSL,recall,50,0.7066274671494901,0.05951225716049014,10
FreqRec,yoochoose1_64,popular,tron,TC-SACP-C,mrr,10,0.03692485749057603,0.013586690538595332,10
FreqRec,yoochoose1_64,popular,tron,TC-SACP-C,mrr,20,0.04992414104582994,0.015932360707200256,10
FreqRec,yoochoose1_64,popular,tron,TC-SACP-C,mrr,30,0.05621968405570656,0.016479114005155313,10
FreqRec,yoochoose1_64,popular,tron,TC-SACP-C,mrr,40,0.05944689284663605,0.016459002001763774,10
FreqRec,yoochoose1_64,popular,tron,TC-SACP-C,mrr,50,0.061305867630748724,0.016351718605861643,10
FreqRec,yoochoose1_64,popular,tron,TC-SACP-C,recall,10,0.14625961314378927,0.05026434953014499,10
FreqRec,yoochoose1_64,popular,tron,TC-SACP-C,recall,20,0.3409999462201746,0.08860676694755273,10
FreqRec,yoochoose1_64,popular,tron,TC-SACP-C,recall,30,0.49746697022390335,0.10666645598711225,10
FreqRec,yoochoose1_64,popular,tron,TC-SACP-C,recall,40,0.6104404567699837,0.11063790952388616,10
FreqRec,yoochoose1_64,popular,tron,TC-SACP-C,recall,50,0.6941828155531256,0.10831516219660198,10
FreqRec,yoochoose1_64,popular,tron,TC-SACP-G,mrr,10,0.15611303751015554,0.07948479426218669,10
FreqRec,yoochoose1_64,popular,tron,TC-SACP-G,mrr,20,0.168010142172712,0.07895306952718789,10
FreqRec,yoochoose1_64,popular,tron,TC-SACP-G,mrr,30,0.1716606838691028,0.07840865333679312,10
FreqRec,yoochoose1_64,popular,tron,TC-SACP-G,mrr,40,0.1733274733075664,0.07798910981024455,10
FreqRec,yoochoose1_64,popular,tron,TC-SACP-G,mrr,50,0.1742120353175681,0.07770120298389628,10
FreqRec,yoochoose1_64,popular,tron,TC-SACP-G,recall,10,0.4357098040621694,0.13297298583804446,10
FreqRec,yoochoose1_64,popular,tron,TC-SACP-G,recall,20,0.6066113332018715,0.13993945067031388,10
FreqRec,yoochoose1_64,popular,tron,TC-SACP-G,recall,30,0.6968036857107004,0.13131957726299315,10
FreqRec,yoochoose1_64,popular,tron,TC-SACP-G,recall,40,0.7550185540397611,0.11859747085818004,10
FreqRec,yoochoose1_64,popular,tron,TC-SACP-G,recall,50,0.7948980872308768,0.10614715188747308,10
FreqRec,yoochoose1_64,popular,wearec,CREAT,mrr,10,0.008678983460236791,0.0014068633515613275,10
FreqRec,yoochoose1_64,popular,wearec,CREAT,mrr,20,0.017654549513911398,0.0028294848326118394,10
FreqRec,yoochoose1_64,popular,wearec,CREAT,mrr,30,0.02225609810784199,0.003221442564581514,10
FreqRec,yoochoose1_64,popular,wearec,CREAT,mrr,40,0.025234005548843568,0.0032606537190908377,10
FreqRec,yoochoose1_64,popular,wearec,CREAT,mrr,50,0.027363439712862446,0.0034121806259585575,10
FreqRec,yoochoose1_64,popular,wearec,CREAT,recall,10,0.0272746788793874,0.008068768309344032,10
FreqRec,yoochoose1_64,popular,wearec,CREAT,recall,20,0.16309170274428417,0.03385491287194831,10
FreqRec,yoochoose1_64,popular,wearec,CREAT,recall,30,0.2788310851908834,0.0452037422631265,10
FreqRec,yoochoose1_64,popular,wearec,CREAT,recall,40,0.3836040645461376,0.05146295894878021,10
FreqRec,yoochoose1_64,popular,wearec,CREAT,recall,50,0.4794303910694479,0.05921220070177367,10
FreqRec,yoochoose1_64,popular,wearec,DPSBR,mrr,10,0.006622733186921489,0.0031716941907300004,10
FreqRec,yoochoose1_64,popular,wearec,DPSBR,mrr,20,0.01814210472079675,0.004282144631124255,10
FreqRec,yoochoose1_64,popular,wearec,DPSBR,mrr,30,0.02438757909546318,0.003961451325744621,10
FreqRec,yoochoose1_64,popular,wearec,DPSBR,mrr,40,0.02802781131127771,0.003824881223652509,10
FreqRec,yoochoose1_64,popular,wearec,DPSBR,mrr,50,0.030595383445670744,0.0037559250883385975,10
FreqRec,yoochoose1_64,popular,wearec,DPSBR,recall,10,0.03335539733085258,0.012488406059244499,10
FreqRec,yoochoose1_64,popular,wearec,DPSBR,recall,20,0.21161937815306447,0.036229859206659845,10
FreqRec,yoochoose1_64,popular,wearec,DPSBR,recall,30,0.3667215284983362,0.03515010964075395,10
FreqRec,yoochoose1_64,popular,wearec,DPSBR,recall,40,0.49494078500125227,0.04621697335216914,10
FreqRec,yoochoose1_64,popular,wearec,DPSBR,recall,50,0.6111148878314072,0.06463989497052526,10
FreqRec,yoochoose1_64,popular,wearec,Poisoning-SSL,mrr,10,0.03982632410961687,0.03191513637930193,10
FreqRec,yoochoose1_64,popular,wearec,Poisoning-SSL,mrr,20,0.0505331972987967,0.032292713013661815,10
FreqRec,yoochoose1_64,popular,wearec,Poisoning-SSL,mrr,30,0.05588547541916537,0.03177762210947002,10
FreqRec,yoochoose1_64,popular,wearec,Poisoning-SSL,mrr,40,0.05868588635626145,0.03116558940358085,10
FreqRec,yoochoose1_64,popular,wearec,Poisoning-SSL,mrr,50,0.06018074670571492,0.030698861943435254,10
FreqRec,yoochoose1_64,popular,wearec,Poisoning-SSL,recall,10,0.15911123832695262,0.09736204173064048,10
FreqRec,yoochoose1_64,popular,wearec,Poisoning-SSL,recall,20,0.3186750867651794,0.11698371569222572,10
FreqRec,yoochoose1_64,popular,wearec,Poisoning-SSL,recall,30,0.45201975025940105,0.12152867768167627,10
FreqRec,yoochoose1_64,popular,wearec,Poisoning-SSL,recall,40,0.5501914200865863,0.11341242210636612,10
FreqRec,yoochoose1_64,popular,wearec,Poisoning-SSL,recall,50,0.617589180292676,0.10791280160027403,10
FreqRec,yoochoose1_64,popular,wearec,TC-SACP-C,mrr,10,0.005837395437381069,0.0019863672195633,10
FreqRec,yoochoose1_64,popular,wearec,TC-SACP-C,mrr,20,0.01690577352642312,0.0033624835564311116,10
FreqRec,yoochoose1_64,popular,wearec,TC-SACP-C,mrr,30,0.02336389029737346,0.0031650763710158246,10
FreqRec,yoochoose1_64,popular,wearec,TC-SACP-C,mrr,40,0.02753809516725874,0.0034143289990627786,10
FreqRec,yoochoose1_64,popular,wearec,TC-SACP-C,mrr,50,0.030543706551124927,0.0036837960620146144,10
FreqRec,yoochoose1_64,popular,wearec,TC-SACP-C,recall,10,0.026256753372213622,0.006152303979254941,10
FreqRec,yoochoose1_64,popular,wearec,TC-SACP-C,recall,20,0.19855987691867327,0.03700640885363592,10
FreqRec,yoochoose1_64,popular,wearec,TC-SACP-C,recall,30,0.3597982038713371,0.02911458026154432,10
FreqRec,yoochoose1_64,popular,wearec,TC-SACP-C,recall,40,0.5064742924612687,0.03890722673185369,10
FreqRec,yoochoose1_64,popular,wearec,TC-SACP-C,recall,50,0.6425364055959069,0.04965847367436361,10
FreqRec,yoochoose1_64,popular,wearec,TC-SACP-G,mrr,10,0.007716521078358721,0.002681724345745711,10
FreqRec,yoochoose1_64,popular,wearec,TC-SACP-G,mrr,20,0.0208700400867792,0.0031311598711364894,10
FreqRec,yoochoose1_64,popular,wearec,TC-SACP-G,mrr,30,0.0264132688477303,0.0029404244284079828,10
FreqRec,yoochoose1_64,popular,wearec,TC-SACP-G,mrr,40,0.02979233421087152,0.0028446507038038483,10
FreqRec,yoochoose1_64,popular,wearec,TC-SACP-G,mrr,50,0.03224287312508971,0.0029827499744980975,10
FreqRec,yoochoose1_64,popular,wearec,TC-SACP-G,recall,10,0.03962932484167587,0.01380051727229485,10
FreqRec,yoochoose1_64,popular,wearec,TC-SACP-G,recall,20,0.23858814268846823,0.03586375707571061,10
FreqRec,yoochoose1_64,popular,wearec,TC-SACP-G,recall,30,0.37608143404057387,0.0333983396566919,10
FreqRec,yoochoose1_64,popular,wearec,TC-SACP-G,recall,40,0.49488174889978176,0.03854268611551617,10
FreqRec,yoochoose1_64,popular,wearec,TC-SACP-G,recall,50,0.6056245303946474,0.058094691301710605,10
FreqRec,yoochoose1_64,unpopular,freqrec,CREAT,mrr,10,0.0015865171369393,0.0004380967521039279,10
FreqRec,yoochoose1_64,unpopular,freqrec,CREAT,mrr,20,0.007769206091010281,0.0014371240645372357,10
FreqRec,yoochoose1_64,unpopular,freqrec,CREAT,mrr,30,0.01175808715710875,0.0015166215903594557,10
FreqRec,yoochoose1_64,unpopular,freqrec,CREAT,mrr,40,0.014603866995321079,0.001617441156999678,10
FreqRec,yoochoose1_64,unpopular,freqrec,CREAT,mrr,50,0.01670241848770336,0.0015762770978645622,10
FreqRec,yoochoose1_64,unpopular,freqrec,CREAT,recall,10,0.01030269419299432,0.0029926977105915733,10
FreqRec,yoochoose1_64,unpopular,freqrec,CREAT,recall,20,0.10757987763426238,0.01825107502555401,10
FreqRec,yoochoose1_64,unpopular,freqrec,CREAT,recall,30,0.20747611721349596,0.02113015452336378,10
FreqRec,yoochoose1_64,unpopular,freqrec,CREAT,recall,40,0.30779634333965433,0.025300530585853475,10
FreqRec,yoochoose1_64,unpopular,freqrec,CREAT,recall,50,0.40295538301907047,0.027586724808022055,10
FreqRec,yoochoose1_64,unpopular,freqrec,DPSBR,mrr,10,0.00153302330151228,0.00024947818500412527,10
FreqRec,yoochoose1_64,unpopular,freqrec,DPSBR,mrr,20,0.00896508386592274,0.0015693758044921478,10
FreqRec,yoochoose1_64,unpopular,freqrec,DPSBR,mrr,30,0.01413594460479815,0.0014848794202878361,10
FreqRec,yoochoose1_64,unpopular,freqrec,DPSBR,mrr,40,0.01707943026889263,0.0013927483278192861,10
FreqRec,yoochoose1_64,unpopular,freqrec,DPSBR,mrr,50,0.019204918295335792,0.0015192688901425196,10
FreqRec,yoochoose1_64,unpopular,freqrec,DPSBR,recall,10,0.01024186911875197,0.0019237026806480063,10
FreqRec,yoochoose1_64,unpopular,freqrec,DPSBR,recall,20,0.13135532577194173,0.022439034836487768,10
FreqRec,yoochoose1_64,unpopular,freqrec,DPSBR,recall,30,0.2596819206411678,0.02163832729199984,10
FreqRec,yoochoose1_64,unpopular,freqrec,DPSBR,recall,40,0.3633940391427242,0.02231369514195186,10
FreqRec,yoochoose1_64,unpopular,freqrec,DPSBR,recall,50,0.4595978389208916,0.031796236653614286,10
FreqRec,yoochoose1_64,unpopular,freqrec,Poisoning-SSL,mrr,10,0.006076556250131279,0.003749819794763185,10
FreqRec,yoochoose1_64,unpopular,freqrec,Poisoning-SSL,mrr,20,0.009488809238045718,0.006397951905572128,10
FreqRec,yoochoose1_64,unpopular,freqrec,Poisoning-SSL,mrr,30,0.01195126182858094,0.008200824865434405,10
FreqRec,yoochoose1_64,unpopular,freqrec,Poisoning-SSL,mrr,40,0.01358811242094025,0.009069534360842147,10
FreqRec,yoochoose1_64,unpopular,freqrec,Poisoning-SSL,mrr,50,0.014684360211309842,0.009585132994959741,10
FreqRec,yoochoose1_64,unpopular,freqrec,Poisoning-SSL,recall,10,0.027752334609467206,0.017387940159143644,10
FreqRec,yoochoose1_64,unpopular,freqrec,Poisoning-SSL,recall,20,0.08055923288847538,0.062301701853269845,10
FreqRec,yoochoose1_64,unpopular,freqrec,Poisoning-SSL,recall,30,0.14288346631364268,0.10912547105573546,10
FreqRec,yoochoose1_64,unpopular,freqrec,Poisoning-SSL,recall,40,0.20054384772263764,0.1401634138034014,10
FreqRec,yoochoose1_64,unpopular,freqrec,Poisoning-SSL,recall,50,0.2501431178217467,0.16619599335390645,10
FreqRec,yoochoose1_64,unpopular,freqrec,TC-SACP-C,mrr,10,0.0018921823025726003,0.0002971376459284645,10
FreqRec,yoochoose1_64,unpopular,freqrec,TC-SACP-C,mrr,20,0.0101981778095698,0.001085731799930617,10
FreqRec,yoochoose1_64,unpopular,freqrec,TC-SACP-C,mrr,30,0.0155420636345458,0.0012704286347552404,10
FreqRec,yoochoose1_64,unpopular,freqrec,TC-SACP-C,mrr,40,0.01903265802531153,0.0014224654151676643,10
FreqRec,yoochoose1_64,unpopular,freqrec,TC-SACP-C,mrr,50,0.02180440573057563,0.0016453586410996868,10
FreqRec,yoochoose1_64,unpopular,freqrec,TC-SACP-C,recall,10,0.012592579340942382,0.0019844332732807824,10
FreqRec,yoochoose1_64,unpopular,freqrec,TC-SACP-C,recall,20,0.14551504526101106,0.013184946441524422,10
FreqRec,yoochoose1_64,unpopular,freqrec,TC-SACP-C,recall,30,0.2796951590396794,0.01859823068675403,10
FreqRec,yoochoose1_64,unpopular,freqrec,TC-SACP-C,recall,40,0.4026208451107374,0.028313755873450513,10
FreqRec,yoochoose1_64,unpopular,freqrec,TC-SACP-C,recall,50,0.5279401767505099,0.046193717168484916,10
FreqRec,yoochoose1_64,unpopular,freqrec,TC-SACP-G,mrr,10,0.00199945464726847,0.00036132707452324607,10
FreqRec,yoochoose1_64,unpopular,freqrec,TC-SACP-G,mrr,20,0.01125140308286202,0.0008822997490251254,10
FreqRec,yoochoose1_64,unpopular,freqrec,TC-SACP-G,mrr,30,0.01638138592828192,0.0008643465895520411,10
FreqRec,yoochoose1_64,unpopular,freqrec,TC-SACP-G,mrr,40,0.01921448033332454,0.0010928791998766037,10
FreqRec,yoochoose1_64,unpopular,freqrec,TC-SACP-G,mrr,50,0.02128276806627401,0.0014631823528365388,10
FreqRec,yoochoose1_64,unpopular,freqrec,TC-SACP-G,recall,10,0.01355862463773296,0.0025757404686152347,10
FreqRec,yoochoose1_64,unpopular,freqrec,TC-SACP-G,recall,20,0.1603152170023972,0.011035128373409002,10
FreqRec,yoochoose1_64,unpopular,freqrec,TC-SACP-G,recall,30,0.28789044330745284,0.011976825700176205,10
FreqRec,yoochoose1_64,unpopular,freqrec,TC-SACP-G,recall,40,0.38761673047336215,0.022089268807087024,10
FreqRec,yoochoose1_64,unpopular,freqrec,TC-SACP-G,recall,50,0.4812086300046513,0.042390800433224816,10
FreqRec,yoochoose1_64,unpopular,mdhg,CREAT,mrr,10,0.30118011718623544,0.4795946690537464,10
FreqRec,yoochoose1_64,unpopular,mdhg,CREAT,mrr,20,0.3066810522709181,0.47580644356596147,10
FreqRec,yoochoose1_64,unpopular,mdhg,CREAT,mrr,30,0.30823145375805944,0.4747382910694853,10
FreqRec,yoochoose1_64,unpopular,mdhg,CREAT,mrr,40,0.3106266194163157,0.4730869094196548,10
FreqRec,yoochoose1_64,unpopular,mdhg,CREAT,mrr,50,0.3126056452816425,0.4717216198310412,10
FreqRec,yoochoose1_64,unpopular,mdhg,CREAT,recall,10,0.3117463952198647,0.47285405793389923,10
FreqRec,yoochoose1_64,unpopular,mdhg,CREAT,recall,20,0.3915864610540627,0.41795780771369806,10
FreqRec,yoochoose1_64,unpopular,mdhg,CREAT,recall,30,0.4310243658091523,0.39096303577645153,10
FreqRec,yoochoose1_64,unpopular,mdhg,CREAT,recall,40,0.5161329564564027,0.3337764848408537,10
FreqRec,yoochoose1_64,unpopular,mdhg,CREAT,recall,50,0.6054170095531146,0.27199450312401874,10
FreqRec,yoochoose1_64,unpopular,mdhg,DPSBR,mrr,10,0.20532228273493622,0.4045897729744167,10
FreqRec,yoochoose1_64,unpopular,mdhg,DPSBR,mrr,20,0.2128816025869534,0.40061121176099723,10
FreqRec,yoochoose1_64,unpopular,mdhg,DPSBR,mrr,30,0.21488429807048073,0.39955688933576455,10
FreqRec,yoochoose1_64,unpopular,mdhg,DPSBR,mrr,40,0.21630531958598082,0.39880861368353676,10
FreqRec,yoochoose1_64,unpopular,mdhg,DPSBR,mrr,50,0.21795403237666408,0.39794012635086723,10
FreqRec,yoochoose1_64,unpopular,mdhg,DPSBR,recall,10,0.26096282514580127,0.38289318301234165,10
FreqRec,yoochoose1_64,unpopular,mdhg,DPSBR,recall,20,0.3641883430534187,0.3285622269367348,10
FreqRec,yoochoose1_64,unpopular,mdhg,DPSBR,recall,30,0.41414182976135105,0.30232280265284495,10
FreqRec,yoochoose1_64,unpopular,mdhg,DPSBR,recall,40,0.46439228594940785,0.2759272367666608,10
FreqRec,yoochoose1_64,unpopular,mdhg,DPSBR,recall,50,0.5397849654728255,0.23697557824672194,10
FreqRec,yoochoose1_64,unpopular,mdhg,Poisoning-SSL,mrr,10,0.4461967319159027,0.4694575307204268,10
FreqRec,yoochoose1_64,unpopular,mdhg,Poisoning-SSL,mrr,20,0.4472076293306054,0.46853454822264595,10
FreqRec,yoochoose1_64,unpopular,mdhg,Poisoning-SSL,mrr,30,0.44816632504948817,0.46759360150817436,10
FreqRec,yoochoose1_64,unpopular,mdhg,Poisoning-SSL,mrr,40,0.4487711463252048,0.4669819913710295,10
FreqRec,yoochoose1_64,unpopular,mdhg,Poisoning-SSL,mrr,50,0.4492204708945981,0.46651455474272374,10
FreqRec,yoochoose1_64,unpopular,mdhg,Poisoning-SSL,recall,10,0.5044974775483917,0.516969434066011,10
FreqRec,yoochoose1_64,unpopular,mdhg,Poisoning-SSL,recall,20,0.5197735160470858,0.5038609070250019,10
FreqRec,yoochoose1_64,unpopular,mdhg,Poisoning-SSL,recall,30,0.5439675838133743,0.4839092225297574,10
FreqRec,yoochoose1_64,unpopular,mdhg,Poisoning-SSL,recall,40,0.5651955347239614,0.4661859136204503,10
FreqRec,yoochoose1_64,unpopular,mdhg,Poisoning-SSL,recall,50,0.5855128984936849,0.44792845566609235,10
FreqRec,yoochoose1_64,unpopular,mdhg,TC-SACP-C,mrr,10,0.23554322797136412,0.2141720335721278,10
FreqRec,yoochoose1_64,unpopular,mdhg,TC-SACP-C,mrr,20,0.24317095762497729,0.21445717171708206,10
FreqRec,yoochoose1_64,unpopular,mdhg,TC-SACP-C,mrr,30,0.2451104416018321,0.21433379091215307,10
FreqRec,yoochoose1_64,unpopular,mdhg,TC-SACP-C,mrr,40,0.2463170758819732,0.2136670623577699,10
FreqRec,yoochoose1_64,unpopular,mdhg,TC-SACP-C,mrr,50,0.2476402627978004,0.21252245156733332,10
FreqRec,yoochoose1_64,unpopular,mdhg,TC-SACP-C,recall,10,0.4160077283623743,0.35146717493914653,10
FreqRec,yoochoose1_64,unpopular,mdhg,TC-SACP-C,recall,20,0.5259687287559484,0.35357937658814537,10
FreqRec,yoochoose1_64,unpopular,mdhg,TC-SACP-C,recall,30,0.5741099860460124,0.35337946064743053,10
FreqRec,yoochoose1_64,unpopular,mdhg,TC-SACP-C,recall,40,0.6170650112705285,0.330237446000964,10
FreqRec,yoochoose1_64,unpopular,mdhg,TC-SACP-C,recall,50,0.6770778918744857,0.2797092727958441,10
FreqRec,yoochoose1_64,unpopular,mdhg,TC-SACP-G,mrr,10,0.6012089402352473,0.5093176419061357,10
FreqRec,yoochoose1_64,unpopular,mdhg,TC-SACP-G,mrr,20,0.6048194150970775,0.5046582306712162,10
FreqRec,yoochoose1_64,unpopular,mdhg,TC-SACP-G,mrr,30,0.6057198498447971,0.5034959699847089,10
FreqRec,yoochoose1_64,unpopular,mdhg,TC-SACP-G,mrr,40,0.6062572793293485,0.5028023181431864,10
FreqRec,yoochoose1_64,unpopular,mdhg,TC-SACP-G,mrr,50,0.6068667555867884,0.5020155510011642,10
FreqRec,yoochoose1_64,unpopular,mdhg,TC-SACP-G,recall,10,0.6215356542273426,0.48791482381003987,10
FreqRec,yoochoose1_64,unpopular,mdhg,TC-SACP-G,recall,20,0.6708719453289921,0.4242396406546325,10
FreqRec,yoochoose1_64,unpopular,mdhg,TC-SACP-G,recall,30,0.6933503882070914,0.39525990860807825,10
FreqRec,yoochoose1_64,unpopular,mdhg,TC-SACP-G,recall,40,0.7122347847865755,0.370914638429553,10
FreqRec,yoochoose1_64,unpopular,mdhg,TC-SACP-G,recall,50,0.7399137715123976,0.33546903629198876,10
FreqRec,yoochoose1_64,unpopular,miasrec,CREAT,mrr,10,0.04542206624083414,0.010697908571976033,10
FreqRec,yoochoose1_64,unpopular,miasrec,CREAT,mrr,20,0.050205004870420254,0.009461874990661716,10
FreqRec,yoochoose1_64,unpopular,miasrec,CREAT,mrr,30,0.05065118899276037,0.009381093143281317,10
FreqRec,yoochoose1_64,unpopular,miasrec,CREAT,mrr,40,0.05078541121128708,0.009345929906311487,10
FreqRec,yoochoose1_64,unpopular,miasrec,CREAT,mrr,50,0.050883830024203235,0.00933568882706805,10
FreqRec,yoochoose1_64,unpopular,miasrec,CREAT,recall,10,0.21850155640631144,0.03752618356379205,10
FreqRec,yoochoose1_64,unpopular,miasrec,CREAT,recall,20,0.28407993130344555,0.05102688531589828,10
FreqRec,yoochoose1_64,unpopular,miasrec,CREAT,recall,30,0.29484596944434505,0.06050053064871842,10
FreqRec,yoochoose1_64,unpopular,miasrec,CREAT,recall,40,0.299524133242692,0.06301305735233179,10
FreqRec,yoochoose1_64,unpopular,miasrec,CREAT,recall,50,0.30399298722673435,0.06582121111368569,10
FreqRec,yoochoose1_64,unpopular,miasrec,DPSBR,mrr,10,0.02384520316767408,0.00981364891036004,10
FreqRec,yoochoose1_64,unpopular,miasrec,DPSBR,mrr,20,0.036705334411693755,0.011979037505512012,10
FreqRec,yoochoose1_64,unpopular,miasrec,DPSBR,mrr,30,0.041841537647578406,0.012036492572491642,10
FreqRec,yoochoose1_64,unpopular,miasrec,DPSBR,mrr,40,0.04441489469663879,0.011957568137116098,10
FreqRec,yoochoose1_64,unpopular,miasrec,DPSBR,mrr,50,0.04604592862684057,0.011758715781828353,10
FreqRec,yoochoose1_64,unpopular,miasrec,DPSBR,recall,10,0.13717306522594724,0.050539096157955515,10
FreqRec,yoochoose1_64,unpopular,miasrec,DPSBR,recall,20,0.3246395219864754,0.08454580045384719,10
FreqRec,yoochoose1_64,unpopular,miasrec,DPSBR,recall,30,0.4520537407420659,0.09028845539700507,10
FreqRec,yoochoose1_64,unpopular,miasrec,DPSBR,recall,40,0.5422573258435006,0.08964142341505557,10
FreqRec,yoochoose1_64,unpopular,miasrec,DPSBR,recall,50,0.6159397473970446,0.08293984064628063,10
FreqRec,yoochoose1_64,unpopular,miasrec,Poisoning-SSL,mrr,10,0.020887774188473485,0.01359987322129971,10
FreqRec,yoochoose1_64,unpopular,miasrec,Poisoning-SSL,mrr,20,0.024869904419011567,0.015863988583775038,10
FreqRec,yoochoose1_64,unpopular,miasrec,Poisoning-SSL,mrr,30,0.026980977608761926,0.016896511314601036,10
FreqRec,yoochoose1_64,unpopular,miasrec,Poisoning-SSL,mrr,40,0.02830461382644544,0.01751342921276702,10
FreqRec,yoochoose1_64,unpopular,miasrec,Poisoning-SSL,mrr,50,0.029239838993667576,0.01796372597401238,10
FreqRec,yoochoose1_64,unpopular,miasrec,Poisoning-SSL,recall,10,0.07265912912805464,0.04624243833087916,10
FreqRec,yoochoose1_64,unpopular,miasrec,Poisoning-SSL,recall,20,0.131298078643243,0.08104634185636468,10
FreqRec,yoochoose1_64,unpopular,miasrec,Poisoning-SSL,recall,30,0.18394039142724244,0.10915018127072675,10
FreqRec,yoochoose1_64,unpopular,miasrec,Poisoning-SSL,recall,40,0.23062542488103324,0.13452897964759328,10
FreqRec,yoochoose1_64,unpopular,miasrec,Poisoning-SSL,recall,50,0.27307417081112023,0.15944920279646274,10
FreqRec,yoochoose1_64,unpopular,miasrec,TC-SACP-C,mrr,10,0.027334162933960283,0.00943884037645541,10
FreqRec,yoochoose1_64,unpopular,miasrec,TC-SACP-C,mrr,20,0.0429159401362776,0.011169757254395478,10
FreqRec,yoochoose1_64,unpopular,miasrec,TC-SACP-C,mrr,30,0.049099196654171666,0.010906017616811104,10
FreqRec,yoochoose1_64,unpopular,miasrec,TC-SACP-C,mrr,40,0.05228694335235139,0.010721086693700749,10
FreqRec,yoochoose1_64,unpopular,miasrec,TC-SACP-C,mrr,50,0.054421002998432985,0.01055862299637571,10
FreqRec,yoochoose1_64,unpopular,miasrec,TC-SACP-C,recall,10,0.15271923861318826,0.048261198960753135,10
FreqRec,yoochoose1_64,unpopular,miasrec,TC-SACP-C,recall,20,0.381752477727289,0.07160141358651692,10
FreqRec,yoochoose1_64,unpopular,miasrec,TC-SACP-C,recall,30,0.5356506493971163,0.06636083289229315,10
FreqRec,yoochoose1_64,unpopular,miasrec,TC-SACP-C,recall,40,0.6475383734659559,0.06491538888823403,10
FreqRec,yoochoose1_64,unpopular,miasrec,TC-SACP-C,recall,50,0.7438817131203264,0.06278125527629558,10
FreqRec,yoochoose1_64,unpopular,miasrec,TC-SACP-G,mrr,10,0.029453093985813823,0.009144120320586013,10
FreqRec,yoochoose1_64,unpopular,miasrec,TC-SACP-G,mrr,20,0.04481694042534324,0.009488958161830359,10
FreqRec,yoochoose1_64,unpopular,miasrec,TC-SACP-G,mrr,30,0.050285122243314315,0.009222069061781905,10
FreqRec,yoochoose1_64,unpopular,miasrec,TC-SACP-G,mrr,40,0.05284714261993364,0.009011046898871208,10
FreqRec,yoochoose1_64,unpopular,miasrec,TC-SACP-G,mrr,50,0.054342140466909127,0.008843011312734588,10
FreqRec,yoochoose1_64,unpopular,miasrec,TC-SACP-G,recall,10,0.1633725714694622,0.044129851501996255,10
FreqRec,yoochoose1_64,unpopular,miasrec,TC-SACP-G,recall,20,0.3870979283695302,0.049754947552031505,10
FreqRec,yoochoose1_64,unpopular,miasrec,TC-SACP-G,recall,30,0.5225893591899531,0.04645408070316226,10
FreqRec,yoochoose1_64,unpopular,miasrec,TC-SACP-G,recall,40,0.6121149236108627,0.045077527599442745,10
FreqRec,yoochoose1_64,unpopular,miasrec,TC-SACP-G,recall,50,0.6796379119109808,0.04452748413457421,10
FreqRec,yoochoose1_64,unpopular,srgnn,CREAT,mrr,10,0.04998287129561961,0.0028516001358013915,10
FreqRec,yoochoose1_64,unpopular,srgnn,CREAT,mrr,20,0.054108319353890356,0.003161992041176832,10
FreqRec,yoochoose1_64,unpopular,srgnn,CREAT,mrr,30,0.05493097990886968,0.004357645819403216,10
FreqRec,yoochoose1_64,unpopular,srgnn,CREAT,mrr,40,0.05527814510008504,0.004991189658397277,10
FreqRec,yoochoose1_64,unpopular,srgnn,CREAT,mrr,50,0.05546548951904116,0.005284954395630968,10
FreqRec,yoochoose1_64,unpopular,srgnn,CREAT,recall,10,0.222158216751941,0.008346391706372806,10
FreqRec,yoochoose1_64,unpopular,srgnn,CREAT,recall,20,0.27913699953486704,0.05428020370120148,10
FreqRec,yoochoose1_64,unpopular,srgnn,CREAT,recall,30,0.2993649146659988,0.09273124729435199,10
FreqRec,yoochoose1_64,unpopular,srgnn,CREAT,recall,40,0.31155318616050665,0.11790005017883211,10
FreqRec,yoochoose1_64,unpopular,srgnn,CREAT,recall,50,0.32003470607177353,0.13268123065733484,10
FreqRec,yoochoose1_64,unpopular,srgnn,DPSBR,mrr,10,0.04707391495961725,0.00493850670974012,10
FreqRec,yoochoose1_64,unpopular,srgnn,DPSBR,mrr,20,0.05793440450549557,0.004744448118657749,10
FreqRec,yoochoose1_64,unpopular,srgnn,DPSBR,mrr,30,0.062242614040587806,0.0048986393331239084,10
FreqRec,yoochoose1_64,unpopular,srgnn,DPSBR,mrr,40,0.06463084174060237,0.004882189415920223,10
FreqRec,yoochoose1_64,unpopular,srgnn,DPSBR,mrr,50,0.06614912313251431,0.0049015677505346794,10
FreqRec,yoochoose1_64,unpopular,srgnn,DPSBR,recall,10,0.20684103187949474,0.019188068985019596,10
FreqRec,yoochoose1_64,unpopular,srgnn,DPSBR,recall,20,0.36507567354824855,0.018735984332374916,10
FreqRec,yoochoose1_64,unpopular,srgnn,DPSBR,recall,30,0.47245518623206556,0.02233799315151338,10
FreqRec,yoochoose1_64,unpopular,srgnn,DPSBR,recall,40,0.5561987906544062,0.024740390590891673,10
FreqRec,yoochoose1_64,unpopular,srgnn,DPSBR,recall,50,0.6247558052166446,0.028987261667342435,10
FreqRec,yoochoose1_64,unpopular,srgnn,Poisoning-SSL,mrr,10,0.029188791006521414,0.015234469934011877,10
FreqRec,yoochoose1_64,unpopular,srgnn,Poisoning-SSL,mrr,20,0.03327338703411255,0.017615607176654974,10
FreqRec,yoochoose1_64,unpopular,srgnn,Poisoning-SSL,mrr,30,0.03531035836162084,0.01869557667067135,10
FreqRec,yoochoose1_64,unpopular,srgnn,Poisoning-SSL,mrr,40,0.036561534546108894,0.019288887849590697,10
FreqRec,yoochoose1_64,unpopular,srgnn,Poisoning-SSL,mrr,50,0.037409116294054454,0.01964742017417686,10
FreqRec,yoochoose1_64,unpopular,srgnn,Poisoning-SSL,recall,10,0.0811424380120934,0.047341681439130465,10
FreqRec,yoochoose1_64,unpopular,srgnn,Poisoning-SSL,recall,20,0.14218218898708357,0.08463642559169092,10
FreqRec,yoochoose1_64,unpopular,srgnn,Poisoning-SSL,recall,30,0.19329314107839277,0.11247601117948892,10
FreqRec,yoochoose1_64,unpopular,srgnn,Poisoning-SSL,recall,40,0.23713907474328239,0.13403136541194183,10
FreqRec,yoochoose1_64,unpopular,srgnn,Poisoning-SSL,recall,50,0.27536942287738375,0.15082617523826666,10
FreqRec,yoochoose1_64,unpopular,srgnn,TC-SACP-C,mrr,10,0.0476471721167861,0.003516320126086162,10
FreqRec,yoochoose1_64,unpopular,srgnn,TC-SACP-C,mrr,20,0.06015573586721441,0.004037697414951586,10
FreqRec,yoochoose1_64,unpopular,srgnn,TC-SACP-C,mrr,30,0.06556466921480916,0.004217397671395106,10
FreqRec,yoochoose1_64,unpopular,srgnn,TC-SACP-C,mrr,40,0.06838604372850994,0.0042495452836736666,10
FreqRec,yoochoose1_64,unpopular,srgnn,TC-SACP-C,mrr,50,0.07002924803189547,0.004268787043830401,10
FreqRec,yoochoose1_64,unpopular,srgnn,TC-SACP-C,recall,10,0.2195642062327811,0.013659324347090863,10
FreqRec,yoochoose1_64,unpopular,srgnn,TC-SACP-C,recall,20,0.40279795341514896,0.02425838605745552,10
FreqRec,yoochoose1_64,unpopular,srgnn,TC-SACP-C,recall,30,0.537208844681384,0.029034862685721714,10
FreqRec,yoochoose1_64,unpopular,srgnn,TC-SACP-C,recall,40,0.6361336720455115,0.0326913150940973,10
FreqRec,yoochoose1_64,unpopular,srgnn,TC-SACP-C,recall,50,0.710231135282121,0.03426552061585097,10
FreqRec,yoochoose1_64,unpopular,srgnn,TC-SACP-G,mrr,10,0.04721344347726325,0.0029161572006450105,10
FreqRec,yoochoose1_64,unpopular,srgnn,TC-SACP-G,mrr,20,0.057385321019941996,0.0027882113984352168,10
FreqRec,yoochoose1_64,unpopular,srgnn,TC-SACP-G,mrr,30,0.061651261452474335,0.0029729556113943863,10
FreqRec,yoochoose1_64,unpopular,srgnn,TC-SACP-G,mrr,40,0.06402835849827301,0.003091492686721,10
FreqRec,yoochoose1_64,unpopular,srgnn,TC-SACP-G,mrr,50,0.0655344264514879,0.0030883664758774598,10
FreqRec,yoochoose1_64,unpopular,srgnn,TC-SACP-G,recall,10,0.20776056388421765,0.010954079590531064,10
FreqRec,yoochoose1_64,unpopular,srgnn,TC-SACP-G,recall,20,0.3555154030555655,0.014418881812011185,10
FreqRec,yoochoose1_64,unpopular,srgnn,TC-SACP-G,recall,30,0.4618752012594368,0.017894556199957393,10
FreqRec,yoochoose1_64,unpopular,srgnn,TC-SACP-G,recall,40,0.5452985795556191,0.025161184549813254,10
FreqRec,yoochoose1_64,unpopular,srgnn,TC-SACP-G,recall,50,0.6132276646749436,0.028127816607836757,10
FreqRec,yoochoose1_64,unpopular,tron,CREAT,mrr,10,0.32253999910082776,0.06138847668768528,10
FreqRec,yoochoose1_64,unpopular,tron,CREAT,mrr,20,0.3271408098021832,0.06138914868838053,10
FreqRec,yoochoose1_64,unpopular,tron,CREAT,mrr,30,0.32961708492990754,0.061148762145097006,10
FreqRec,yoochoose1_64,unpopular,tron,CREAT,mrr,40,0.3311793071887944,0.060970740300788834,10
FreqRec,yoochoose1_64,unpopular,tron,CREAT,mrr,50,0.3323035555034456,0.06083726630349137,10
FreqRec,yoochoose1_64,unpopular,tron,CREAT,recall,10,0.3946650413208325,0.08535172465459002,10
FreqRec,yoochoose1_64,unpopular,tron,CREAT,recall,20,0.4636824839108689,0.10904838074938333,10
FreqRec,yoochoose1_64,unpopular,tron,CREAT,recall,30,0.5256422207482566,0.1272159031187573,10
FreqRec,yoochoose1_64,unpopular,tron,CREAT,recall,40,0.5806213362493949,0.14065161729427572,10
FreqRec,yoochoose1_64,unpopular,tron,CREAT,recall,50,0.6315095996988329,0.15198111821069016,10
FreqRec,yoochoose1_64,unpopular,tron,DPSBR,mrr,10,0.08962972376803628,0.025695604454693155,10
FreqRec,yoochoose1_64,unpopular,tron,DPSBR,mrr,20,0.09979977108368207,0.026419761613715127,10
FreqRec,yoochoose1_64,unpopular,tron,DPSBR,mrr,30,0.10452517946545745,0.026368062370514495,10
FreqRec,yoochoose1_64,unpopular,tron,DPSBR,mrr,40,0.10702844065788808,0.02610747797036265,10
FreqRec,yoochoose1_64,unpopular,tron,DPSBR,mrr,50,0.10860743172646789,0.025834457876516732,10
FreqRec,yoochoose1_64,unpopular,tron,DPSBR,recall,10,0.26814083143610057,0.050337254780259584,10
FreqRec,yoochoose1_64,unpopular,tron,DPSBR,recall,20,0.4184733700231253,0.06020952960737707,10
FreqRec,yoochoose1_64,unpopular,tron,DPSBR,recall,30,0.5362709069071222,0.059342334905335185,10
FreqRec,yoochoose1_64,unpopular,tron,DPSBR,recall,40,0.6240575085599556,0.05093333958565843,10
FreqRec,yoochoose1_64,unpopular,tron,DPSBR,recall,50,0.6953946542853557,0.03891437321734558,10
FreqRec,yoochoose1_64,unpopular,tron,Poisoning-SSL,mrr,10,0.055199265635061966,0.05501949253468613,10
FreqRec,yoochoose1_64,unpopular,tron,Poisoning-SSL,mrr,20,0.062367687171827134,0.05689072417056383,10
FreqRec,yoochoose1_64,unpopular,tron,Poisoning-SSL,mrr,30,0.06585938560017866,0.0572935413954198,10
FreqRec,yoochoose1_64,unpopular,tron,Poisoning-SSL,mrr,40,0.0678080020085889,0.05745448879330997,10
FreqRec,yoochoose1_64,unpopular,tron,Poisoning-SSL,mrr,50,0.0690652785930704,0.05751540523574649,10
FreqRec,yoochoose1_64,unpopular,tron,Poisoning-SSL,recall,10,0.1590233583708298,0.11790385817925231,10
FreqRec,yoochoose1_64,unpopular,tron,Poisoning-SSL,recall,20,0.26518114837853823,0.15837645057608163,10
FreqRec,yoochoose1_64,unpopular,tron,Poisoning-SSL,recall,30,0.3521323700769051,0.19140860674277424,10
FreqRec,yoochoose1_64,unpopular,tron,Poisoning-SSL,recall,40,0.4204524675976552,0.21973355194005137,10
FreqRec,yoochoose1_64,unpopular,tron,Poisoning-SSL,recall,50,0.47724396321459944,0.2425962635921623,10
FreqRec,yoochoose1_64,unpopular,tron,TC-SACP-C,mrr,10,0.02308484208507472,0.008578745507717282,10
FreqRec,yoochoose1_64,unpopular,tron,TC-SACP-C,mrr,20,0.03504340121071836,0.012104919093484752,10
FreqRec,yoochoose1_64,unpopular,tron,TC-SACP-C,mrr,30,0.04121120167562435,0.012844676598849821,10
FreqRec,yoochoose1_64,unpopular,tron,TC-SACP-C,mrr,40,0.044650473696168605,0.0129024400965709,10
FreqRec,yoochoose1_64,unpopular,tron,TC-SACP-C,mrr,50,0.04672681941378803,0.012822957360956618,10
FreqRec,yoochoose1_64,unpopular,tron,TC-SACP-C,recall,10,0.10794507287166336,0.038010610702800866,10
FreqRec,yoochoose1_64,unpopular,tron,TC-SACP-C,recall,20,0.28811465858774177,0.09195271122196101,10
FreqRec,yoochoose1_64,unpopular,tron,TC-SACP-C,recall,30,0.4420647867629923,0.11156036184082542,10
FreqRec,yoochoose1_64,unpopular,tron,TC-SACP-C,recall,40,0.562685764480218,0.11455269887550186,10
FreqRec,yoochoose1_64,unpopular,tron,TC-SACP-C,recall,50,0.6562124661635265,0.11264511885186193,10
FreqRec,yoochoose1_64,unpopular,tron,TC-SACP-G,mrr,10,0.12216994339459934,0.046598881176921216,10
FreqRec,yoochoose1_64,unpopular,tron,TC-SACP-G,mrr,20,0.1345142708235414,0.043881770960339676,10
FreqRec,yoochoose1_64,unpopular,tron,TC-SACP-G,mrr,30,0.1388655782755382,0.04276755421519413,10
FreqRec,yoochoose1_64,unpopular,tron,TC-SACP-G,mrr,40,0.14080095292894002,0.042371913588213225,10
FreqRec,yoochoose1_64,unpopular,tron,TC-SACP-G,mrr,50,0.14190325236982845,0.04215361873423749,10
FreqRec,yoochoose1_64,unpopular,tron,TC-SACP-G,recall,10,0.37112202642382086,0.08572954718437013,10
FreqRec,yoochoose1_64,unpopular,tron,TC-SACP-G,recall,20,0.5500941146944409,0.07277558771373882,10
FreqRec,yoochoose1_64,unpopular,tron,TC-SACP-G,recall,30,0.6577505691698188,0.07377453422625996,10
FreqRec,yoochoose1_64,unpopular,tron,TC-SACP-G,recall,40,0.7255059785239231,0.0755494011912222,10
FreqRec,yoochoose1_64,unpopular,tron,TC-SACP-G,recall,50,0.7751985371887493,0.07630794879635786,10
FreqRec,yoochoose1_64,unpopular,wearec,CREAT,mrr,10,0.00871178342411657,0.0023314989688861254,10
FreqRec,yoochoose1_64,unpopular,wearec,CREAT,mrr,20,0.01800266459768382,0.0028524623858730467,10
FreqRec,yoochoose1_64,unpopular,wearec,CREAT,mrr,30,0.02304816892086598,0.003232599611297787,10
FreqRec,yoochoose1_64,unpopular,wearec,CREAT,mrr,40,0.026160513028025974,0.0033079491878904447,10
FreqRec,yoochoose1_64,unpopular,wearec,CREAT,mrr,50,0.02817370379885939,0.003308008256538173,10
FreqRec,yoochoose1_64,unpopular,wearec,CREAT,recall,10,0.02904755089627532,0.008446410751926871,10
FreqRec,yoochoose1_64,unpopular,wearec,CREAT,recall,20,0.16869297649289774,0.030469134327005046,10
FreqRec,yoochoose1_64,unpopular,wearec,CREAT,recall,30,0.29565279616444234,0.046282105330983835,10
FreqRec,yoochoose1_64,unpopular,wearec,CREAT,recall,40,0.4050162796522237,0.05196767513662658,10
FreqRec,yoochoose1_64,unpopular,wearec,CREAT,recall,50,0.4965061361766073,0.05876867986521783,10
FreqRec,yoochoose1_64,unpopular,wearec,DPSBR,mrr,10,0.00679027900592175,0.003721503832234699,10
FreqRec,yoochoose1_64,unpopular,wearec,DPSBR,mrr,20,0.01956910428937434,0.004300067552034658,10
FreqRec,yoochoose1_64,unpopular,wearec,DPSBR,mrr,30,0.02568470254332907,0.003992026249633086,10
FreqRec,yoochoose1_64,unpopular,wearec,DPSBR,mrr,40,0.02952419233855442,0.003809542771671568,10
FreqRec,yoochoose1_64,unpopular,wearec,DPSBR,mrr,50,0.03237209007735694,0.0036976243961928225,10
FreqRec,yoochoose1_64,unpopular,wearec,DPSBR,recall,10,0.03155747969515899,0.013222330984323719,10
FreqRec,yoochoose1_64,unpopular,wearec,DPSBR,recall,20,0.22668431786468207,0.030228647480312332,10
FreqRec,yoochoose1_64,unpopular,wearec,DPSBR,recall,30,0.3787291137428888,0.030858653672850463,10
FreqRec,yoochoose1_64,unpopular,wearec,DPSBR,recall,40,0.5142777916920105,0.037653044516417086,10
FreqRec,yoochoose1_64,unpopular,wearec,DPSBR,recall,50,0.6434362589001396,0.05746060967611311,10
FreqRec,yoochoose1_64,unpopular,wearec,Poisoning-SSL,mrr,10,0.01197277268630439,0.012988019495741012,10
FreqRec,yoochoose1_64,unpopular,wearec,Poisoning-SSL,mrr,20,0.016586591938386724,0.016473500344913797,10
FreqRec,yoochoose1_64,unpopular,wearec,Poisoning-SSL,mrr,30,0.019369673845532596,0.01746639726731114,10
FreqRec,yoochoose1_64,unpopular,wearec,Poisoning-SSL,mrr,40,0.020933995522229857,0.017797011864499748,10
FreqRec,yoochoose1_64,unpopular,wearec,Poisoning-SSL,mrr,50,0.022183603364690725,0.01799791034020443,10
FreqRec,yoochoose1_64,unpopular,wearec,Poisoning-SSL,recall,10,0.05010376042076634,0.049439264451277734,10
FreqRec,yoochoose1_64,unpopular,wearec,Poisoning-SSL,recall,20,0.12003828401731723,0.10423823869186702,10
FreqRec,yoochoose1_64,unpopular,wearec,Poisoning-SSL,recall,30,0.1897044616980929,0.1355494658169772,10
FreqRec,yoochoose1_64,unpopular,wearec,Poisoning-SSL,recall,40,0.24478872231564636,0.1577876456594434,10
FreqRec,yoochoose1_64,unpopular,wearec,Poisoning-SSL,recall,50,0.3011968227843572,0.17994982584334535,10
FreqRec,yoochoose1_64,unpopular,wearec,TC-SACP-C,mrr,10,0.00617812872880133,0.0024536916039171477,10
FreqRec,yoochoose1_64,unpopular,wearec,TC-SACP-C,mrr,20,0.01750843743081263,0.004299897180941719,10
FreqRec,yoochoose1_64,unpopular,wearec,TC-SACP-C,mrr,30,0.02455648966707613,0.004612561312802508,10
FreqRec,yoochoose1_64,unpopular,wearec,TC-SACP-C,mrr,40,0.029083820890153066,0.005282212454847714,10
FreqRec,yoochoose1_64,unpopular,wearec,TC-SACP-C,mrr,50,0.03231310687869862,0.005153639400255855,10
FreqRec,yoochoose1_64,unpopular,wearec,TC-SACP-C,recall,10,0.02485956563741095,0.008307737356314269,10
FreqRec,yoochoose1_64,unpopular,wearec,TC-SACP-C,recall,20,0.2002683459157751,0.05858249331600324,10
FreqRec,yoochoose1_64,unpopular,wearec,TC-SACP-C,recall,30,0.377149450785359,0.07684286877946858,10
FreqRec,yoochoose1_64,unpopular,wearec,TC-SACP-C,recall,40,0.5359744534688182,0.10411951194225766,10
FreqRec,yoochoose1_64,unpopular,wearec,TC-SACP-C,recall,50,0.6817166982718523,0.09964400196805526,10
FreqRec,yoochoose1_64,unpopular,wearec,TC-SACP-G,mrr,10,0.00697658561200189,0.0028409330905131156,10
FreqRec,yoochoose1_64,unpopular,wearec,TC-SACP-G,mrr,20,0.0199302925115767,0.004885466837275864,10
FreqRec,yoochoose1_64,unpopular,wearec,TC-SACP-G,mrr,30,0.026120458305502508,0.00459559137187733,10
FreqRec,yoochoose1_64,unpopular,wearec,TC-SACP-G,mrr,40,0.030264659787053387,0.0044564459937603265,10
FreqRec,yoochoose1_64,unpopular,wearec,TC-SACP-G,mrr,50,0.033129162069219134,0.00455634256191048,10
FreqRec,yoochoose1_64,unpopular,wearec,TC-SACP-G,recall,10,0.034677448209238224,0.018396457783078485,10
FreqRec,yoochoose1_64,unpopular,wearec,TC-SACP-G,recall,20,0.2348724462413682,0.05540176528556198,10
FreqRec,yoochoose1_64,unpopular,wearec,TC-SACP-G,recall,30,0.3888189201760349,0.05447995034041303,10
FreqRec,yoochoose1_64,unpopular,wearec,TC-SACP-G,recall,40,0.5348599234319653,0.054002702780100914,10
FreqRec,yoochoose1_64,unpopular,wearec,TC-SACP-G,recall,50,0.6643654513578303,0.06325915486447807,10
